time_s,phase,ambient_temperature_K,relative_humidity_pct,pressure_Pa,altitude_m,tas_ms,thrust_N,propulsive_power_kW
0.000,TO,282.777,73.527,101325.000,0.000,81.800,37630.891,3078.211
1.000,TO,282.777,73.527,101238.148,7.232,81.800,37630.891,3078.211
2.000,TO,282.777,73.527,101151.356,14.464,81.800,37630.891,3078.211
3.000,TO,282.777,73.527,101064.625,21.697,81.800,37630.891,3078.211
4.000,TO,282.777,73.527,100977.954,28.929,81.800,37630.891,3078.211
5.000,TO,282.777,73.527,100891.342,36.161,81.800,37630.891,3078.211
6.000,TO,282.777,73.527,100804.792,43.393,81.800,37630.891,3078.211
7.000,TO,282.777,73.527,100718.301,50.625,81.800,37630.891,3078.211
8.000,TO,282.777,73.527,100631.870,57.857,81.800,37630.891,3078.211
9.000,TO,282.777,73.527,100545.500,65.090,81.800,37630.891,3078.211
10.000,TO,282.777,73.527,100459.189,72.322,81.800,37630.891,3078.211
11.000,TO,282.777,73.527,100372.938,79.554,81.800,37630.891,3078.211
12.000,TO,282.777,73.527,100286.748,86.786,81.800,37630.891,3078.211
13.000,TO,282.777,73.527,100200.617,94.018,81.800,37630.891,3078.211
14.000,TO,282.777,73.527,100114.547,101.251,81.800,37630.891,3078.211
15.000,TO,282.777,73.527,100028.536,108.483,81.800,37630.891,3078.211
16.000,TO,282.777,73.527,99942.585,115.715,81.800,37630.891,3078.211
17.000,TO,282.777,73.527,99856.693,122.947,81.800,37630.891,3078.211
18.000,TO,282.777,73.527,99770.862,130.179,81.800,37630.891,3078.211
19.000,TO,282.777,73.527,99685.090,137.412,81.800,37630.891,3078.211
20.000,TO,282.777,73.527,99599.378,144.644,81.800,37630.891,3078.211
21.000,TO,282.777,73.527,99513.726,151.876,81.800,37630.891,3078.211
22.000,TO,282.777,73.527,99428.134,159.108,81.800,37630.891,3078.211
23.000,TO,282.777,73.527,99342.601,166.340,81.800,37630.891,3078.211
24.000,TO,282.777,73.527,99257.127,173.572,81.800,37630.891,3078.211
25.000,TO,282.777,73.527,99171.713,180.805,81.800,37630.891,3078.211
26.000,TO,282.777,73.527,99086.359,188.037,81.800,37630.891,3078.211
27.000,TO,282.777,73.527,99001.064,195.269,81.800,37630.891,3078.211
28.000,TO,282.777,73.527,98915.829,202.501,81.800,37630.891,3078.211
29.000,TO,282.777,73.527,98830.653,209.733,81.800,37630.891,3078.211
30.000,TO,282.777,73.527,98745.536,216.966,81.800,37630.891,3078.211
31.000,TO,282.777,73.527,98660.479,224.198,81.800,37630.891,3078.211
32.000,TO,282.777,73.527,98575.481,231.430,81.800,37630.891,3078.211
33.000,TO,282.777,73.527,98490.543,238.662,81.800,37630.891,3078.211
34.000,TO,282.777,73.527,98405.664,245.894,81.800,37630.891,3078.211
35.000,TO,282.777,73.527,98320.844,253.127,81.800,37630.891,3078.211
36.000,TO,282.777,73.527,98236.083,260.359,81.800,37630.891,3078.211
37.000,TO,282.777,73.527,98151.381,267.591,81.800,37630.891,3078.211
38.000,TO,282.777,73.527,98066.739,274.823,81.800,37630.891,3078.211
39.000,TO,282.777,73.527,97982.155,282.055,81.800,37630.891,3078.211
40.000,TO,282.777,73.527,97897.631,289.287,81.800,37630.891,3078.211
41.000,TO,282.777,73.527,97813.166,296.520,81.800,37630.891,3078.211
42.000,TO,282.777,73.527,97728.760,303.752,81.800,37630.891,3078.211
43.000,TO,282.777,73.527,97644.413,310.984,81.800,37630.891,3078.211
44.000,TO,282.777,73.527,97560.124,318.216,81.800,37630.891,3078.211
45.000,TO,282.777,73.527,97475.895,325.448,81.800,37630.891,3078.211
46.000,TO,282.777,73.527,97391.725,332.681,81.800,37630.891,3078.211
47.000,TO,282.777,73.527,97307.613,339.913,81.800,37630.891,3078.211
48.000,TO,282.777,73.527,97223.560,347.145,81.800,37630.891,3078.211
49.000,TO,282.777,73.527,97139.566,354.377,81.800,37630.891,3078.211
50.000,TO,282.777,73.527,97055.631,361.609,81.800,37630.891,3078.211
51.000,TO,282.777,73.527,96971.755,368.842,81.800,37630.891,3078.211
52.000,TO,282.777,73.527,96887.937,376.074,81.800,37630.891,3078.211
53.000,TO,282.777,73.527,96804.178,383.306,81.800,37630.891,3078.211
54.000,TO,282.777,73.527,96720.478,390.538,81.800,37630.891,3078.211
55.000,TO,282.777,73.527,96636.836,397.770,81.800,37630.891,3078.211
56.000,TO,282.777,73.527,96553.253,405.002,81.800,37630.891,3078.211
57.000,TO,282.777,73.527,96469.728,412.235,81.800,37630.891,3078.211
58.000,TO,282.777,73.527,96386.262,419.467,81.800,37630.891,3078.211
59.000,TO,282.777,73.527,96302.854,426.699,81.800,37630.891,3078.211
60.000,TO,282.777,73.527,96219.505,433.931,81.800,37630.891,3078.211
61.000,TO,282.777,73.527,96136.214,441.163,81.800,37630.891,3078.211
62.000,TO,282.777,73.527,96052.982,448.396,81.800,37630.891,3078.211
63.000,TO,282.777,73.527,95969.808,455.628,81.800,37630.891,3078.211
64.000,TO,282.777,73.527,95886.692,462.860,81.800,37630.891,3078.211
65.000,TO,282.777,73.527,95803.634,470.092,81.800,37630.891,3078.211
66.000,TO,282.777,73.527,95720.635,477.324,81.800,37630.891,3078.211
67.000,TO,282.777,73.527,95637.694,484.557,81.800,37630.891,3078.211
68.000,TO,282.777,73.527,95554.812,491.789,81.800,37630.891,3078.211
69.000,TO,282.777,73.527,95471.987,499.021,81.800,37630.891,3078.211
70.000,TO,282.777,73.527,95389.221,506.253,81.800,37630.891,3078.211
71.000,TO,282.777,73.527,95306.512,513.485,81.800,37630.891,3078.211
72.000,TO,282.777,73.527,95223.862,520.717,81.800,37630.891,3078.211
73.000,TO,282.777,73.527,95141.270,527.950,81.800,37630.891,3078.211
74.000,TO,282.777,73.527,95058.736,535.182,81.800,37630.891,3078.211
75.000,TO,282.777,73.527,94976.260,542.414,81.800,37630.891,3078.211
76.000,TO,282.777,73.527,94893.841,549.646,81.800,37630.891,3078.211
77.000,TO,282.777,73.527,94811.481,556.878,81.800,37630.891,3078.211
78.000,TO,282.777,73.527,94729.179,564.111,81.800,37630.891,3078.211
79.000,TO,282.777,73.527,94646.934,571.343,81.800,37630.891,3078.211
80.000,TO,282.777,73.527,94564.748,578.575,81.800,37630.891,3078.211
81.000,TO,282.777,73.527,94482.619,585.807,81.800,37630.891,3078.211
82.000,TO,282.777,73.527,94400.547,593.039,81.800,37630.891,3078.211
83.000,TO,282.777,73.527,94318.534,600.271,81.800,37630.891,3078.211
84.000,TO,282.777,73.527,94236.578,607.504,81.800,37630.891,3078.211
85.000,TO,282.777,73.527,94154.680,614.736,81.800,37630.891,3078.211
86.000,TO,282.777,73.527,94072.840,621.968,81.800,37630.891,3078.211
87.000,TO,282.777,73.527,93991.057,629.200,81.800,37630.891,3078.211
88.000,TO,282.777,73.527,93909.332,636.432,81.800,37630.891,3078.211
89.000,TO,282.777,73.527,93827.664,643.665,81.800,37630.891,3078.211
90.000,TO,282.777,73.527,93746.054,650.897,81.800,37630.891,3078.211
91.000,TO,282.777,73.527,93664.502,658.129,81.800,37630.891,3078.211
92.000,TO,282.777,73.527,93583.006,665.361,81.800,37630.891,3078.211
93.000,TO,282.777,73.527,93501.569,672.593,81.800,37630.891,3078.211
94.000,TO,282.777,73.527,93420.188,679.826,81.800,37630.891,3078.211
95.000,TO,282.777,73.527,93338.865,687.058,81.800,37630.891,3078.211
96.000,TO,282.777,73.527,93257.600,694.290,81.800,37630.891,3078.211
97.000,TO,282.777,73.527,93176.391,701.522,81.800,37630.891,3078.211
98.000,TO,282.777,73.527,93095.240,708.754,81.800,37630.891,3078.211
99.000,TO,282.777,73.527,93014.146,715.986,81.800,37630.891,3078.211
100.000,TO,282.777,73.527,92933.110,723.219,81.800,37630.891,3078.211
101.000,TO,282.777,73.527,92852.130,730.451,81.800,37630.891,3078.211
102.000,TO,282.777,73.527,92771.208,737.683,81.800,37630.891,3078.211
103.000,TO,282.777,73.527,92690.343,744.915,81.800,37630.891,3078.211
104.000,TO,282.777,73.527,92609.535,752.147,81.800,37630.891,3078.211
105.000,TO,282.777,73.527,92528.784,759.380,81.800,37630.891,3078.211
106.000,TO,282.777,73.527,92448.089,766.612,81.800,37630.891,3078.211
107.000,TO,282.777,73.527,92444.180,766.962,81.823,37620.253,3078.211
108.000,TO,282.777,73.527,92432.629,767.998,81.892,37588.850,3078.211
109.000,TO,282.777,73.527,92413.701,769.695,82.004,37537.501,3078.211
110.000,TO,282.777,73.527,92387.663,772.031,82.158,37467.081,3078.211
111.000,TO,282.777,73.527,92354.785,774.981,82.352,37378.512,3078.211
112.000,TO,282.777,73.527,92315.334,778.521,82.586,37272.756,3078.211
113.000,TO,282.777,73.527,92269.582,782.629,82.857,37150.809,3078.211
114.000,TO,282.777,73.527,92217.798,787.280,83.164,37013.686,3078.211
115.000,TO,282.777,73.527,92160.254,792.451,83.505,36862.421,3078.211
116.000,TO,282.777,73.527,92097.222,798.118,83.879,36698.053,3078.211
117.000,TO,282.777,73.527,92028.972,804.258,84.285,36521.624,3078.211
118.000,TO,282.777,73.527,91955.777,810.846,84.719,36334.172,3078.211
119.000,TO,282.777,73.527,91877.909,817.860,85.182,36136.722,3078.211
120.000,TO,282.777,73.527,91795.640,825.276,85.672,35930.285,3078.211
121.000,TO,282.777,73.527,91709.240,833.070,86.186,35715.849,3078.211
122.000,TO,282.777,73.527,91618.982,841.218,86.724,35494.382,3078.211
123.000,TO,282.777,73.527,91525.136,849.697,87.283,35266.820,3078.211
124.000,TO,282.777,73.527,91427.971,858.483,87.863,35034.072,3078.211
125.000,TO,282.777,73.527,91327.759,867.553,88.462,34797.014,3078.211
126.000,TO,282.777,73.527,91224.768,876.883,89.078,34556.486,3078.211
127.000,TO,282.777,73.527,91119.266,886.449,89.709,34313.294,3078.211
128.000,TO,282.777,73.527,91011.520,896.228,90.354,34068.209,3078.211
129.000,TO,282.777,73.527,90901.798,906.195,91.012,33821.963,3078.211
130.000,TO,282.777,73.527,90790.365,916.328,91.681,33575.253,3078.211
131.000,TO,282.777,73.527,90677.486,926.603,92.359,33328.739,3078.211
132.000,TO,282.777,73.527,90563.424,936.996,93.045,33083.046,3078.211
133.000,TO,282.777,73.527,90448.443,947.484,93.737,32838.763,3078.211
134.000,TO,282.777,73.527,90332.804,958.042,94.434,32596.447,3078.211
135.000,TO,282.777,73.527,90216.768,968.648,95.134,32356.619,3078.211
136.000,CL,264.742,56.648,90100.595,979.277,95.835,28283.277,2710.539
137.000,CL,264.742,56.648,89984.543,989.907,96.537,28077.751,2710.539
138.000,CL,264.742,56.648,89868.869,1000.512,97.237,27875.638,2710.539
139.000,CL,264.742,56.648,89753.831,1011.071,97.934,27677.295,2710.539
140.000,CL,264.742,56.648,89639.683,1021.558,98.626,27483.058,2710.539
141.000,CL,264.742,56.648,89526.680,1031.951,99.312,27293.242,2710.539
142.000,CL,264.742,56.648,89415.074,1042.226,99.990,27108.145,2710.539
143.000,CL,264.742,56.648,89305.120,1052.359,100.659,26928.044,2710.539
144.000,CL,264.742,56.648,89197.066,1062.327,101.316,26753.202,2710.539
145.000,CL,264.742,56.648,89091.165,1072.106,101.962,26583.869,2710.539
146.000,CL,264.742,56.648,88987.666,1081.672,102.593,26420.280,2710.539
147.000,CL,264.742,56.648,88886.817,1091.002,103.209,26262.659,2710.539
148.000,CL,264.742,56.648,88788.866,1100.071,103.807,26111.222,2710.539
149.000,CL,264.742,56.648,88694.061,1108.858,104.387,25966.176,2710.539
150.000,CL,264.742,56.648,88602.649,1117.337,104.947,25827.721,2710.539
151.000,CL,264.742,56.648,88514.874,1125.485,105.485,25696.051,2710.539
152.000,CL,264.742,56.648,88430.984,1133.279,105.999,25571.359,2710.539
153.000,CL,264.742,56.648,88351.223,1140.694,106.488,25453.835,2710.539
154.000,CL,264.742,56.648,88275.836,1147.708,106.951,25343.666,2710.539
155.000,CL,264.742,56.648,88205.068,1154.297,107.386,25241.043,2710.539
156.000,CL,264.742,56.648,88139.164,1160.437,107.791,25146.158,2710.539
157.000,CL,264.742,56.648,88078.368,1166.104,108.165,25059.208,2710.539
158.000,CL,264.742,56.648,88022.925,1171.275,108.507,24980.394,2710.539
159.000,CL,264.742,56.648,87973.079,1175.926,108.814,24909.926,2710.539
160.000,CL,264.742,56.648,87929.078,1180.034,109.085,24848.021,2710.539
161.000,CL,264.742,56.648,87891.165,1183.574,109.318,24794.910,2710.539
162.000,CL,264.742,56.648,87859.589,1186.524,109.513,24750.834,2710.539
163.000,CL,264.742,56.648,87834.595,1188.859,109.667,24716.049,2710.539
164.000,CL,264.742,56.648,87816.433,1190.557,109.779,24690.827,2710.539
165.000,CL,264.742,56.648,87805.352,1191.592,109.848,24675.463,2710.539
166.000,CL,264.742,56.648,87801.603,1191.943,109.871,24670.267,2710.539
167.000,CL,264.742,56.648,87724.751,1199.130,109.871,24670.267,2710.539
168.000,CL,264.742,56.648,87647.954,1206.316,109.871,24670.267,2710.539
169.000,CL,264.742,56.648,87571.211,1213.503,109.871,24670.267,2710.539
170.000,CL,264.742,56.648,87494.523,1220.689,109.871,24670.267,2710.539
171.000,CL,264.742,56.648,87417.889,1227.876,109.871,24670.267,2710.539
172.000,CL,264.742,56.648,87341.310,1235.062,109.871,24670.267,2710.539
173.000,CL,264.742,56.648,87264.785,1242.249,109.871,24670.267,2710.539
174.000,CL,264.742,56.648,87188.314,1249.436,109.871,24670.267,2710.539
175.000,CL,264.742,56.648,87111.897,1256.622,109.871,24670.267,2710.539
176.000,CL,264.742,56.648,87035.535,1263.809,109.871,24670.267,2710.539
177.000,CL,264.742,56.648,86959.227,1270.995,109.871,24670.267,2710.539
178.000,CL,264.742,56.648,86882.973,1278.182,109.871,24670.267,2710.539
179.000,CL,264.742,56.648,86806.773,1285.369,109.871,24670.267,2710.539
180.000,CL,264.742,56.648,86730.627,1292.555,109.871,24670.267,2710.539
181.000,CL,264.742,56.648,86654.536,1299.742,109.871,24670.267,2710.539
182.000,CL,264.742,56.648,86578.498,1306.928,109.871,24670.267,2710.539
183.000,CL,264.742,56.648,86502.515,1314.115,109.871,24670.267,2710.539
184.000,CL,264.742,56.648,86426.585,1321.302,109.871,24670.267,2710.539
185.000,CL,264.742,56.648,86350.710,1328.488,109.871,24670.267,2710.539
186.000,CL,264.742,56.648,86274.888,1335.675,109.871,24670.267,2710.539
187.000,CL,264.742,56.648,86199.121,1342.861,109.871,24670.267,2710.539
188.000,CL,264.742,56.648,86123.407,1350.048,109.871,24670.267,2710.539
189.000,CL,264.742,56.648,86047.747,1357.235,109.871,24670.267,2710.539
190.000,CL,264.742,56.648,85972.141,1364.421,109.871,24670.267,2710.539
191.000,CL,264.742,56.648,85896.589,1371.608,109.871,24670.267,2710.539
192.000,CL,264.742,56.648,85821.090,1378.794,109.871,24670.267,2710.539
193.000,CL,264.742,56.648,85745.645,1385.981,109.871,24670.267,2710.539
194.000,CL,264.742,56.648,85670.254,1393.167,109.871,24670.267,2710.539
195.000,CL,264.742,56.648,85594.917,1400.354,109.871,24670.267,2710.539
196.000,CL,264.742,56.648,85519.633,1407.541,109.871,24670.267,2710.539
197.000,CL,264.742,56.648,85444.403,1414.727,109.871,24670.267,2710.539
198.000,CL,264.742,56.648,85369.227,1421.914,109.871,24670.267,2710.539
199.000,CL,264.742,56.648,85294.104,1429.100,109.871,24670.267,2710.539
200.000,CL,264.742,56.648,85219.035,1436.287,109.871,24670.267,2710.539
201.000,CL,264.742,56.648,85144.019,1443.474,109.871,24670.267,2710.539
202.000,CL,264.742,56.648,85069.056,1450.660,109.871,24670.267,2710.539
203.000,CL,264.742,56.648,84994.148,1457.847,109.871,24670.267,2710.539
204.000,CL,264.742,56.648,84919.292,1465.033,109.871,24670.267,2710.539
205.000,CL,264.742,56.648,84844.490,1472.220,109.871,24670.267,2710.539
206.000,CL,264.742,56.648,84769.741,1479.407,109.871,24670.267,2710.539
207.000,CL,264.742,56.648,84695.046,1486.593,109.871,24670.267,2710.539
208.000,CL,264.742,56.648,84620.404,1493.780,109.871,24670.267,2710.539
209.000,CL,264.742,56.648,84545.815,1500.966,109.871,24670.267,2710.539
210.000,CL,264.742,56.648,84471.279,1508.153,109.871,24670.267,2710.539
211.000,CL,264.742,56.648,84396.797,1515.340,109.871,24670.267,2710.539
212.000,CL,264.742,56.648,84322.368,1522.526,109.871,24670.267,2710.539
213.000,CL,264.742,56.648,84247.992,1529.713,109.871,24670.267,2710.539
214.000,CL,264.742,56.648,84173.669,1536.899,109.871,24670.267,2710.539
215.000,CL,264.742,56.648,84099.399,1544.086,109.871,24670.267,2710.539
216.000,CL,264.742,56.648,84025.182,1551.272,109.871,24670.267,2710.539
217.000,CL,264.742,56.648,83951.019,1558.459,109.871,24670.267,2710.539
218.000,CL,264.742,56.648,83876.908,1565.646,109.871,24670.267,2710.539
219.000,CL,264.742,56.648,83802.850,1572.832,109.871,24670.267,2710.539
220.000,CL,264.742,56.648,83728.846,1580.019,109.871,24670.267,2710.539
221.000,CL,264.742,56.648,83654.894,1587.205,109.871,24670.267,2710.539
222.000,CL,264.742,56.648,83580.995,1594.392,109.871,24670.267,2710.539
223.000,CL,264.742,56.648,83507.149,1601.579,109.871,24670.267,2710.539
224.000,CL,264.742,56.648,83433.356,1608.765,109.871,24670.267,2710.539
225.000,CL,264.742,56.648,83359.615,1615.952,109.871,24670.267,2710.539
226.000,CL,264.742,56.648,83285.928,1623.138,109.871,24670.267,2710.539
227.000,CL,264.742,56.648,83212.293,1630.325,109.871,24670.267,2710.539
228.000,CL,264.742,56.648,83138.711,1637.512,109.871,24670.267,2710.539
229.000,CL,264.742,56.648,83065.181,1644.698,109.871,24670.267,2710.539
230.000,CL,264.742,56.648,82991.705,1651.885,109.871,24670.267,2710.539
231.000,CL,264.742,56.648,82918.280,1659.071,109.871,24670.267,2710.539
232.000,CL,264.742,56.648,82844.909,1666.258,109.871,24670.267,2710.539
233.000,CL,264.742,56.648,82771.590,1673.445,109.871,24670.267,2710.539
234.000,CL,264.742,56.648,82698.324,1680.631,109.871,24670.267,2710.539
235.000,CL,264.742,56.648,82625.110,1687.818,109.871,24670.267,2710.539
236.000,CL,264.742,56.648,82551.949,1695.004,109.871,24670.267,2710.539
237.000,CL,264.742,56.648,82478.840,1702.191,109.871,24670.267,2710.539
238.000,CL,264.742,56.648,82405.783,1709.377,109.871,24670.267,2710.539
239.000,CL,264.742,56.648,82332.779,1716.564,109.871,24670.267,2710.539
240.000,CL,264.742,56.648,82259.827,1723.751,109.871,24670.267,2710.539
241.000,CL,264.742,56.648,82186.928,1730.937,109.871,24670.267,2710.539
242.000,CL,264.742,56.648,82114.081,1738.124,109.871,24670.267,2710.539
243.000,CL,264.742,56.648,82041.286,1745.310,109.871,24670.267,2710.539
244.000,CL,264.742,56.648,81968.544,1752.497,109.871,24670.267,2710.539
245.000,CL,264.742,56.648,81895.854,1759.684,109.871,24670.267,2710.539
246.000,CL,264.742,56.648,81823.216,1766.870,109.871,24670.267,2710.539
247.000,CL,264.742,56.648,81750.630,1774.057,109.871,24670.267,2710.539
248.000,CL,264.742,56.648,81678.096,1781.243,109.871,24670.267,2710.539
249.000,CL,264.742,56.648,81605.615,1788.430,109.871,24670.267,2710.539
250.000,CL,264.742,56.648,81533.185,1795.617,109.871,24670.267,2710.539
251.000,CL,264.742,56.648,81460.808,1802.803,109.871,24670.267,2710.539
252.000,CL,264.742,56.648,81388.483,1809.990,109.871,24670.267,2710.539
253.000,CL,264.742,56.648,81316.209,1817.176,109.871,24670.267,2710.539
254.000,CL,264.742,56.648,81243.988,1824.363,109.871,24670.267,2710.539
255.000,CL,264.742,56.648,81171.818,1831.550,109.871,24670.267,2710.539
256.000,CL,264.742,56.648,81099.701,1838.736,109.871,24670.267,2710.539
257.000,CL,264.742,56.648,81027.635,1845.923,109.871,24670.267,2710.539
258.000,CL,264.742,56.648,80955.621,1853.109,109.871,24670.267,2710.539
259.000,CL,264.742,56.648,80883.660,1860.296,109.871,24670.267,2710.539
260.000,CL,264.742,56.648,80811.749,1867.482,109.871,24670.267,2710.539
261.000,CL,264.742,56.648,80739.891,1874.669,109.871,24670.267,2710.539
262.000,CL,264.742,56.648,80668.085,1881.856,109.871,24670.267,2710.539
263.000,CL,264.742,56.648,80596.330,1889.042,109.871,24670.267,2710.539
264.000,CL,264.742,56.648,80524.626,1896.229,109.871,24670.267,2710.539
265.000,CL,264.742,56.648,80452.975,1903.415,109.871,24670.267,2710.539
266.000,CL,264.742,56.648,80381.375,1910.602,109.871,24670.267,2710.539
267.000,CL,264.742,56.648,80309.827,1917.789,109.871,24670.267,2710.539
268.000,CL,264.742,56.648,80238.330,1924.975,109.871,24670.267,2710.539
269.000,CL,264.742,56.648,80166.885,1932.162,109.871,24670.267,2710.539
270.000,CL,264.742,56.648,80095.491,1939.348,109.871,24670.267,2710.539
271.000,CL,264.742,56.648,80024.149,1946.535,109.871,24670.267,2710.539
272.000,CL,264.742,56.648,79952.858,1953.722,109.871,24670.267,2710.539
273.000,CL,264.742,56.648,79881.619,1960.908,109.871,24670.267,2710.539
274.000,CL,264.742,56.648,79810.431,1968.095,109.871,24670.267,2710.539
275.000,CL,264.742,56.648,79739.295,1975.281,109.871,24670.267,2710.539
276.000,CL,264.742,56.648,79668.210,1982.468,109.871,24670.267,2710.539
277.000,CL,264.742,56.648,79597.176,1989.655,109.871,24670.267,2710.539
278.000,CL,264.742,56.648,79526.194,1996.841,109.871,24670.267,2710.539
279.000,CL,264.742,56.648,79455.262,2004.028,109.871,24670.267,2710.539
280.000,CL,264.742,56.648,79384.382,2011.214,109.871,24670.267,2710.539
281.000,CL,264.742,56.648,79313.554,2018.401,109.871,24670.267,2710.539
282.000,CL,264.742,56.648,79242.776,2025.587,109.871,24670.267,2710.539
283.000,CL,264.742,56.648,79172.050,2032.774,109.871,24670.267,2710.539
284.000,CL,264.742,56.648,79101.374,2039.961,109.871,24670.267,2710.539
285.000,CL,264.742,56.648,79030.750,2047.147,109.871,24670.267,2710.539
286.000,CL,264.742,56.648,78960.177,2054.334,109.871,24670.267,2710.539
287.000,CL,264.742,56.648,78889.655,2061.520,109.871,24670.267,2710.539
288.000,CL,264.742,56.648,78819.184,2068.707,109.871,24670.267,2710.539
289.000,CL,264.742,56.648,78748.764,2075.894,109.871,24670.267,2710.539
290.000,CL,264.742,56.648,78678.394,2083.080,109.871,24670.267,2710.539
291.000,CL,264.742,56.648,78608.076,2090.267,109.871,24670.267,2710.539
292.000,CL,264.742,56.648,78537.809,2097.453,109.871,24670.267,2710.539
293.000,CL,264.742,56.648,78467.592,2104.640,109.871,24670.267,2710.539
294.000,CL,264.742,56.648,78397.427,2111.827,109.871,24670.267,2710.539
295.000,CL,264.742,56.648,78327.312,2119.013,109.871,24670.267,2710.539
296.000,CL,264.742,56.648,78257.248,2126.200,109.871,24670.267,2710.539
297.000,CL,264.742,56.648,78187.235,2133.386,109.871,24670.267,2710.539
298.000,CL,264.742,56.648,78117.272,2140.573,109.871,24670.267,2710.539
299.000,CL,264.742,56.648,78047.360,2147.760,109.871,24670.267,2710.539
300.000,CL,264.742,56.648,77977.499,2154.946,109.871,24670.267,2710.539
301.000,CL,264.742,56.648,77907.688,2162.133,109.871,24670.267,2710.539
302.000,CL,264.742,56.648,77837.929,2169.319,109.871,24670.267,2710.539
303.000,CL,264.742,56.648,77768.219,2176.506,109.871,24670.267,2710.539
304.000,CL,264.742,56.648,77698.560,2183.692,109.871,24670.267,2710.539
305.000,CL,264.742,56.648,77628.952,2190.879,109.871,24670.267,2710.539
306.000,CL,264.742,56.648,77559.394,2198.066,109.871,24670.267,2710.539
307.000,CL,264.742,56.648,77489.887,2205.252,109.871,24670.267,2710.539
308.000,CL,264.742,56.648,77420.430,2212.439,109.871,24670.267,2710.539
309.000,CL,264.742,56.648,77351.024,2219.625,109.871,24670.267,2710.539
310.000,CL,264.742,56.648,77281.668,2226.812,109.871,24670.267,2710.539
311.000,CL,264.742,56.648,77212.362,2233.999,109.871,24670.267,2710.539
312.000,CL,264.742,56.648,77143.107,2241.185,109.871,24670.267,2710.539
313.000,CL,264.742,56.648,77073.902,2248.372,109.871,24670.267,2710.539
314.000,CL,264.742,56.648,77004.747,2255.558,109.871,24670.267,2710.539
315.000,CL,264.742,56.648,76935.643,2262.745,109.871,24670.267,2710.539
316.000,CL,264.742,56.648,76866.589,2269.932,109.871,24670.267,2710.539
317.000,CL,264.742,56.648,76797.585,2277.118,109.871,24670.267,2710.539
318.000,CL,264.742,56.648,76728.631,2284.305,109.871,24670.267,2710.539
319.000,CL,264.742,56.648,76659.727,2291.491,109.871,24670.267,2710.539
320.000,CL,264.742,56.648,76590.874,2298.678,109.871,24670.267,2710.539
321.000,CL,264.742,56.648,76522.070,2305.864,109.871,24670.267,2710.539
322.000,CL,264.742,56.648,76453.317,2313.051,109.871,24670.267,2710.539
323.000,CL,264.742,56.648,76384.613,2320.238,109.871,24670.267,2710.539
324.000,CL,264.742,56.648,76315.960,2327.424,109.871,24670.267,2710.539
325.000,CL,264.742,56.648,76247.356,2334.611,109.871,24670.267,2710.539
326.000,CL,264.742,56.648,76178.803,2341.797,109.871,24670.267,2710.539
327.000,CL,264.742,56.648,76110.299,2348.984,109.871,24670.267,2710.539
328.000,CL,264.742,56.648,76041.845,2356.171,109.871,24670.267,2710.539
329.000,CL,264.742,56.648,75973.441,2363.357,109.871,24670.267,2710.539
330.000,CL,264.742,56.648,75905.087,2370.544,109.871,24670.267,2710.539
331.000,CL,264.742,56.648,75836.783,2377.730,109.871,24670.267,2710.539
332.000,CL,264.742,56.648,75768.529,2384.917,109.871,24670.267,2710.539
333.000,CL,264.742,56.648,75700.324,2392.104,109.871,24670.267,2710.539
334.000,CL,264.742,56.648,75632.169,2399.290,109.871,24670.267,2710.539
335.000,CL,264.742,56.648,75564.064,2406.477,109.871,24670.267,2710.539
336.000,CL,264.742,56.648,75496.008,2413.663,109.871,24670.267,2710.539
337.000,CL,264.742,56.648,75428.002,2420.850,109.871,24670.267,2710.539
338.000,CL,264.742,56.648,75360.046,2428.037,109.871,24670.267,2710.539
339.000,CL,264.742,56.648,75292.139,2435.223,109.871,24670.267,2710.539
340.000,CL,264.742,56.648,75224.282,2442.410,109.871,24670.267,2710.539
341.000,CL,264.742,56.648,75156.474,2449.596,109.871,24670.267,2710.539
342.000,CL,264.742,56.648,75088.716,2456.783,109.871,24670.267,2710.539
343.000,CL,264.742,56.648,75021.008,2463.969,109.871,24670.267,2710.539
344.000,CL,264.742,56.648,74953.348,2471.156,109.871,24670.267,2710.539
345.000,CL,264.742,56.648,74885.738,2478.343,109.871,24670.267,2710.539
346.000,CL,264.742,56.648,74818.178,2485.529,109.871,24670.267,2710.539
347.000,CL,264.742,56.648,74750.667,2492.716,109.871,24670.267,2710.539
348.000,CL,264.742,56.648,74683.205,2499.902,109.871,24670.267,2710.539
349.000,CL,264.742,56.648,74615.793,2507.089,109.871,24670.267,2710.539
350.000,CL,264.742,56.648,74548.430,2514.276,109.871,24670.267,2710.539
351.000,CL,264.742,56.648,74481.116,2521.462,109.871,24670.267,2710.539
352.000,CL,264.742,56.648,74413.851,2528.649,109.871,24670.267,2710.539
353.000,CL,264.742,56.648,74346.636,2535.835,109.871,24670.267,2710.539
354.000,CL,264.742,56.648,74279.469,2543.022,109.871,24670.267,2710.539
355.000,CL,264.742,56.648,74212.352,2550.209,109.871,24670.267,2710.539
356.000,CL,264.742,56.648,74145.284,2557.395,109.871,24670.267,2710.539
357.000,CL,264.742,56.648,74078.265,2564.582,109.871,24670.267,2710.539
358.000,CL,264.742,56.648,74011.295,2571.768,109.871,24670.267,2710.539
359.000,CL,264.742,56.648,73944.374,2578.955,109.871,24670.267,2710.539
360.000,CL,264.742,56.648,73877.502,2586.142,109.871,24670.267,2710.539
361.000,CL,264.742,56.648,73810.680,2593.328,109.871,24670.267,2710.539
362.000,CL,264.742,56.648,73743.906,2600.515,109.871,24670.267,2710.539
363.000,CL,264.742,56.648,73677.181,2607.701,109.871,24670.267,2710.539
364.000,CL,264.742,56.648,73610.505,2614.888,109.871,24670.267,2710.539
365.000,CL,264.742,56.648,73543.877,2622.074,109.871,24670.267,2710.539
366.000,CL,264.742,56.648,73477.299,2629.261,109.871,24670.267,2710.539
367.000,CL,264.742,56.648,73410.769,2636.448,109.871,24670.267,2710.539
368.000,CL,264.742,56.648,73344.288,2643.634,109.871,24670.267,2710.539
369.000,CL,264.742,56.648,73277.856,2650.821,109.871,24670.267,2710.539
370.000,CL,264.742,56.648,73211.473,2658.007,109.871,24670.267,2710.539
371.000,CL,264.742,56.648,73145.139,2665.194,109.871,24670.267,2710.539
372.000,CL,264.742,56.648,73078.853,2672.381,109.871,24670.267,2710.539
373.000,CL,264.742,56.648,73012.615,2679.567,109.871,24670.267,2710.539
374.000,CL,264.742,56.648,72946.427,2686.754,109.871,24670.267,2710.539
375.000,CL,264.742,56.648,72880.287,2693.940,109.871,24670.267,2710.539
376.000,CL,264.742,56.648,72814.195,2701.127,109.871,24670.267,2710.539
377.000,CL,264.742,56.648,72748.152,2708.314,109.871,24670.267,2710.539
378.000,CL,264.742,56.648,72682.158,2715.500,109.871,24670.267,2710.539
379.000,CL,264.742,56.648,72616.212,2722.687,109.871,24670.267,2710.539
380.000,CL,264.742,56.648,72550.314,2729.873,109.871,24670.267,2710.539
381.000,CL,264.742,56.648,72484.465,2737.060,109.871,24670.267,2710.539
382.000,CL,264.742,56.648,72418.664,2744.247,109.871,24670.267,2710.539
383.000,CL,264.742,56.648,72352.912,2751.433,109.871,24670.267,2710.539
384.000,CL,264.742,56.648,72287.208,2758.620,109.871,24670.267,2710.539
385.000,CL,264.742,56.648,72221.553,2765.806,109.871,24670.267,2710.539
386.000,CL,264.742,56.648,72155.945,2772.993,109.871,24670.267,2710.539
387.000,CL,264.742,56.648,72090.386,2780.179,109.871,24670.267,2710.539
388.000,CL,264.742,56.648,72024.875,2787.366,109.871,24670.267,2710.539
389.000,CL,264.742,56.648,71959.413,2794.553,109.871,24670.267,2710.539
390.000,CL,264.742,56.648,71893.998,2801.739,109.871,24670.267,2710.539
391.000,CL,264.742,56.648,71828.632,2808.926,109.871,24670.267,2710.539
392.000,CL,264.742,56.648,71763.314,2816.112,109.871,24670.267,2710.539
393.000,CL,264.742,56.648,71698.044,2823.299,109.871,24670.267,2710.539
394.000,CL,264.742,56.648,71632.822,2830.486,109.871,24670.267,2710.539
395.000,CL,264.742,56.648,71567.648,2837.672,109.871,24670.267,2710.539
396.000,CL,264.742,56.648,71502.522,2844.859,109.871,24670.267,2710.539
397.000,CL,264.742,56.648,71437.444,2852.045,109.871,24670.267,2710.539
398.000,CL,264.742,56.648,71372.415,2859.232,109.871,24670.267,2710.539
399.000,CL,264.742,56.648,71307.433,2866.419,109.871,24670.267,2710.539
400.000,CL,264.742,56.648,71242.499,2873.605,109.871,24670.267,2710.539
401.000,CL,264.742,56.648,71177.612,2880.792,109.871,24670.267,2710.539
402.000,CL,264.742,56.648,71112.774,2887.978,109.871,24670.267,2710.539
403.000,CL,264.742,56.648,71047.984,2895.165,109.871,24670.267,2710.539
404.000,CL,264.742,56.648,70983.241,2902.352,109.871,24670.267,2710.539
405.000,CL,264.742,56.648,70918.546,2909.538,109.871,24670.267,2710.539
406.000,CL,264.742,56.648,70853.899,2916.725,109.871,24670.267,2710.539
407.000,CL,264.742,56.648,70789.300,2923.911,109.871,24670.267,2710.539
408.000,CL,264.742,56.648,70724.748,2931.098,109.871,24670.267,2710.539
409.000,CL,264.742,56.648,70660.244,2938.284,109.871,24670.267,2710.539
410.000,CL,264.742,56.648,70595.788,2945.471,109.871,24670.267,2710.539
411.000,CL,264.742,56.648,70531.379,2952.658,109.871,24670.267,2710.539
412.000,CL,264.742,56.648,70467.018,2959.844,109.871,24670.267,2710.539
413.000,CL,264.742,56.648,70402.704,2967.031,109.871,24670.267,2710.539
414.000,CL,264.742,56.648,70338.438,2974.217,109.871,24670.267,2710.539
415.000,CL,264.742,56.648,70274.219,2981.404,109.871,24670.267,2710.539
416.000,CL,264.742,56.648,70210.048,2988.591,109.871,24670.267,2710.539
417.000,CL,264.742,56.648,70145.925,2995.777,109.871,24670.267,2710.539
418.000,CL,264.742,56.648,70081.849,3002.964,109.871,24670.267,2710.539
419.000,CL,264.742,56.648,70017.820,3010.150,109.871,24670.267,2710.539
420.000,CL,264.742,56.648,69953.838,3017.337,109.871,24670.267,2710.539
421.000,CL,264.742,56.648,69889.904,3024.524,109.871,24670.267,2710.539
422.000,CL,264.742,56.648,69826.018,3031.710,109.871,24670.267,2710.539
423.000,CL,264.742,56.648,69762.178,3038.897,109.871,24670.267,2710.539
424.000,CL,264.742,56.648,69698.386,3046.083,109.871,24670.267,2710.539
425.000,CL,264.742,56.648,69634.641,3053.270,109.871,24670.267,2710.539
426.000,CL,264.742,56.648,69570.943,3060.457,109.871,24670.267,2710.539
427.000,CL,264.742,56.648,69507.293,3067.643,109.871,24670.267,2710.539
428.000,CL,264.742,56.648,69443.690,3074.830,109.871,24670.267,2710.539
429.000,CL,264.742,56.648,69380.133,3082.016,109.871,24670.267,2710.539
430.000,CL,264.742,56.648,69316.624,3089.203,109.871,24670.267,2710.539
431.000,CL,264.742,56.648,69253.162,3096.389,109.871,24670.267,2710.539
432.000,CL,264.742,56.648,69189.747,3103.576,109.871,24670.267,2710.539
433.000,CL,264.742,56.648,69126.379,3110.763,109.871,24670.267,2710.539
434.000,CL,264.742,56.648,69063.058,3117.949,109.871,24670.267,2710.539
435.000,CL,264.742,56.648,68999.784,3125.136,109.871,24670.267,2710.539
436.000,CL,264.742,56.648,68936.557,3132.322,109.871,24670.267,2710.539
437.000,CL,264.742,56.648,68873.377,3139.509,109.871,24670.267,2710.539
438.000,CL,264.742,56.648,68810.244,3146.696,109.871,24670.267,2710.539
439.000,CL,264.742,56.648,68747.158,3153.882,109.871,24670.267,2710.539
440.000,CL,264.742,56.648,68684.118,3161.069,109.871,24670.267,2710.539
441.000,CL,264.742,56.648,68621.126,3168.255,109.871,24670.267,2710.539
442.000,CL,264.742,56.648,68558.180,3175.442,109.871,24670.267,2710.539
443.000,CL,264.742,56.648,68495.281,3182.629,109.871,24670.267,2710.539
444.000,CL,264.742,56.648,68432.428,3189.815,109.871,24670.267,2710.539
445.000,CL,264.742,56.648,68369.623,3197.002,109.871,24670.267,2710.539
446.000,CL,264.742,56.648,68306.864,3204.188,109.871,24670.267,2710.539
447.000,CL,264.742,56.648,68244.151,3211.375,109.871,24670.267,2710.539
448.000,CL,264.742,56.648,68181.486,3218.562,109.871,24670.267,2710.539
449.000,CL,264.742,56.648,68118.867,3225.748,109.871,24670.267,2710.539
450.000,CL,264.742,56.648,68056.294,3232.935,109.871,24670.267,2710.539
451.000,CL,264.742,56.648,67993.768,3240.121,109.871,24670.267,2710.539
452.000,CL,264.742,56.648,67931.289,3247.308,109.871,24670.267,2710.539
453.000,CL,264.742,56.648,67868.856,3254.494,109.871,24670.267,2710.539
454.000,CL,264.742,56.648,67806.469,3261.681,109.871,24670.267,2710.539
455.000,CL,264.742,56.648,67744.129,3268.868,109.871,24670.267,2710.539
456.000,CL,264.742,56.648,67681.835,3276.054,109.871,24670.267,2710.539
457.000,CL,264.742,56.648,67619.588,3283.241,109.871,24670.267,2710.539
458.000,CL,264.742,56.648,67557.387,3290.427,109.871,24670.267,2710.539
459.000,CL,264.742,56.648,67495.233,3297.614,109.871,24670.267,2710.539
460.000,CL,264.742,56.648,67433.125,3304.801,109.871,24670.267,2710.539
461.000,CL,264.742,56.648,67371.063,3311.987,109.871,24670.267,2710.539
462.000,CL,264.742,56.648,67309.047,3319.174,109.871,24670.267,2710.539
463.000,CL,264.742,56.648,67247.078,3326.360,109.871,24670.267,2710.539
464.000,CL,264.742,56.648,67185.154,3333.547,109.871,24670.267,2710.539
465.000,CL,264.742,56.648,67123.277,3340.734,109.871,24670.267,2710.539
466.000,CL,264.742,56.648,67061.446,3347.920,109.871,24670.267,2710.539
467.000,CL,264.742,56.648,66999.662,3355.107,109.871,24670.267,2710.539
468.000,CL,264.742,56.648,66937.923,3362.293,109.871,24670.267,2710.539
469.000,CL,264.742,56.648,66876.230,3369.480,109.871,24670.267,2710.539
470.000,CL,264.742,56.648,66814.584,3376.667,109.871,24670.267,2710.539
471.000,CL,264.742,56.648,66752.983,3383.853,109.871,24670.267,2710.539
472.000,CL,264.742,56.648,66691.429,3391.040,109.871,24670.267,2710.539
473.000,CL,264.742,56.648,66629.920,3398.226,109.871,24670.267,2710.539
474.000,CL,264.742,56.648,66568.458,3405.413,109.871,24670.267,2710.539
475.000,CL,264.742,56.648,66507.041,3412.599,109.871,24670.267,2710.539
476.000,CL,264.742,56.648,66445.670,3419.786,109.871,24670.267,2710.539
477.000,CL,264.742,56.648,66384.345,3426.973,109.871,24670.267,2710.539
478.000,CL,264.742,56.648,66323.066,3434.159,109.871,24670.267,2710.539
479.000,CL,264.742,56.648,66261.833,3441.346,109.871,24670.267,2710.539
480.000,CL,264.742,56.648,66200.645,3448.532,109.871,24670.267,2710.539
481.000,CL,264.742,56.648,66139.504,3455.719,109.871,24670.267,2710.539
482.000,CL,264.742,56.648,66078.408,3462.906,109.871,24670.267,2710.539
483.000,CL,264.742,56.648,66017.357,3470.092,109.871,24670.267,2710.539
484.000,CL,264.742,56.648,65956.353,3477.279,109.871,24670.267,2710.539
485.000,CL,264.742,56.648,65895.394,3484.465,109.871,24670.267,2710.539
486.000,CL,264.742,56.648,65834.480,3491.652,109.871,24670.267,2710.539
487.000,CL,264.742,56.648,65773.613,3498.839,109.871,24670.267,2710.539
488.000,CL,264.742,56.648,65712.791,3506.025,109.871,24670.267,2710.539
489.000,CL,264.742,56.648,65652.014,3513.212,109.871,24670.267,2710.539
490.000,CL,264.742,56.648,65591.283,3520.398,109.871,24670.267,2710.539
491.000,CL,264.742,56.648,65530.597,3527.585,109.871,24670.267,2710.539
492.000,CL,264.742,56.648,65469.957,3534.772,109.871,24670.267,2710.539
493.000,CL,264.742,56.648,65409.362,3541.958,109.871,24670.267,2710.539
494.000,CL,264.742,56.648,65348.813,3549.145,109.871,24670.267,2710.539
495.000,CL,264.742,56.648,65288.309,3556.331,109.871,24670.267,2710.539
496.000,CL,264.742,56.648,65227.851,3563.518,109.871,24670.267,2710.539
497.000,CL,264.742,56.648,65167.438,3570.704,109.871,24670.267,2710.539
498.000,CL,264.742,56.648,65107.070,3577.891,109.871,24670.267,2710.539
499.000,CL,264.742,56.648,65046.747,3585.078,109.871,24670.267,2710.539
500.000,CL,264.742,56.648,64986.470,3592.264,109.871,24670.267,2710.539
501.000,CL,264.742,56.648,64926.238,3599.451,109.871,24670.267,2710.539
502.000,CL,264.742,56.648,64866.051,3606.637,109.871,24670.267,2710.539
503.000,CL,264.742,56.648,64805.910,3613.824,109.871,24670.267,2710.539
504.000,CL,264.742,56.648,64745.813,3621.011,109.871,24670.267,2710.539
505.000,CL,264.742,56.648,64685.762,3628.197,109.871,24670.267,2710.539
506.000,CL,264.742,56.648,64625.756,3635.384,109.871,24670.267,2710.539
507.000,CL,264.742,56.648,64565.794,3642.570,109.871,24670.267,2710.539
508.000,CL,264.742,56.648,64505.878,3649.757,109.871,24670.267,2710.539
509.000,CL,264.742,56.648,64446.007,3656.944,109.871,24670.267,2710.539
510.000,CL,264.742,56.648,64386.181,3664.130,109.871,24670.267,2710.539
511.000,CL,264.742,56.648,64326.400,3671.317,109.871,24670.267,2710.539
512.000,CL,264.742,56.648,64266.664,3678.503,109.871,24670.267,2710.539
513.000,CL,264.742,56.648,64206.973,3685.690,109.871,24670.267,2710.539
514.000,CL,264.742,56.648,64147.327,3692.877,109.871,24670.267,2710.539
515.000,CL,264.742,56.648,64087.725,3700.063,109.871,24670.267,2710.539
516.000,CL,264.742,56.648,64028.169,3707.250,109.871,24670.267,2710.539
517.000,CL,264.742,56.648,63968.657,3714.436,109.871,24670.267,2710.539
518.000,CL,264.742,56.648,63909.190,3721.623,109.871,24670.267,2710.539
519.000,CL,264.742,56.648,63849.768,3728.809,109.871,24670.267,2710.539
520.000,CL,264.742,56.648,63790.390,3735.996,109.871,24670.267,2710.539
521.000,CL,264.742,56.648,63731.058,3743.183,109.871,24670.267,2710.539
522.000,CL,264.742,56.648,63671.769,3750.369,109.871,24670.267,2710.539
523.000,CL,264.742,56.648,63612.526,3757.556,109.871,24670.267,2710.539
524.000,CL,264.742,56.648,63553.327,3764.742,109.871,24670.267,2710.539
525.000,CL,264.742,56.648,63494.173,3771.929,109.871,24670.267,2710.539
526.000,CL,264.742,56.648,63435.064,3779.116,109.871,24670.267,2710.539
527.000,CL,264.742,56.648,63375.999,3786.302,109.871,24670.267,2710.539
528.000,CL,264.742,56.648,63316.979,3793.489,109.871,24670.267,2710.539
529.000,CL,264.742,56.648,63258.003,3800.675,109.871,24670.267,2710.539
530.000,CL,264.742,56.648,63199.071,3807.862,109.871,24670.267,2710.539
531.000,CL,264.742,56.648,63140.184,3815.049,109.871,24670.267,2710.539
532.000,CL,264.742,56.648,63081.342,3822.235,109.871,24670.267,2710.539
533.000,CL,264.742,56.648,63022.544,3829.422,109.871,24670.267,2710.539
534.000,CL,264.742,56.648,62963.790,3836.608,109.871,24670.267,2710.539
535.000,CL,264.742,56.648,62905.081,3843.795,109.871,24670.267,2710.539
536.000,CL,264.742,56.648,62846.416,3850.982,109.871,24670.267,2710.539
537.000,CL,264.742,56.648,62787.795,3858.168,109.871,24670.267,2710.539
538.000,CL,264.742,56.648,62729.219,3865.355,109.871,24670.267,2710.539
539.000,CL,264.742,56.648,62670.686,3872.541,109.871,24670.267,2710.539
540.000,CL,264.742,56.648,62612.199,3879.728,109.871,24670.267,2710.539
541.000,CL,264.742,56.648,62553.755,3886.914,109.871,24670.267,2710.539
542.000,CL,264.742,56.648,62495.355,3894.101,109.871,24670.267,2710.539
543.000,CL,264.742,56.648,62437.000,3901.288,109.871,24670.267,2710.539
544.000,CL,264.742,56.648,62378.689,3908.474,109.871,24670.267,2710.539
545.000,CL,264.742,56.648,62320.422,3915.661,109.871,24670.267,2710.539
546.000,CL,264.742,56.648,62262.199,3922.847,109.871,24670.267,2710.539
547.000,CL,264.742,56.648,62204.020,3930.034,109.871,24670.267,2710.539
548.000,CL,264.742,56.648,62145.885,3937.221,109.871,24670.267,2710.539
549.000,CL,264.742,56.648,62087.794,3944.407,109.871,24670.267,2710.539
550.000,CL,264.742,56.648,62029.747,3951.594,109.871,24670.267,2710.539
551.000,CL,264.742,56.648,61971.744,3958.780,109.871,24670.267,2710.539
552.000,CL,264.742,56.648,61913.784,3965.967,109.871,24670.267,2710.539
553.000,CL,264.742,56.648,61855.869,3973.154,109.871,24670.267,2710.539
554.000,CL,264.742,56.648,61797.998,3980.340,109.871,24670.267,2710.539
555.000,CL,264.742,56.648,61740.170,3987.527,109.871,24670.267,2710.539
556.000,CL,264.742,56.648,61682.387,3994.713,109.871,24670.267,2710.539
557.000,CL,264.742,56.648,61624.647,4001.900,109.871,24670.267,2710.539
558.000,CL,264.742,56.648,61566.951,4009.087,109.871,24670.267,2710.539
559.000,CL,264.742,56.648,61509.298,4016.273,109.871,24670.267,2710.539
560.000,CL,264.742,56.648,61451.690,4023.460,109.871,24670.267,2710.539
561.000,CL,264.742,56.648,61394.125,4030.646,109.871,24670.267,2710.539
562.000,CL,264.742,56.648,61336.604,4037.833,109.871,24670.267,2710.539
563.000,CL,264.742,56.648,61279.126,4045.019,109.871,24670.267,2710.539
564.000,CL,264.742,56.648,61221.692,4052.206,109.871,24670.267,2710.539
565.000,CL,264.742,56.648,61164.302,4059.393,109.871,24670.267,2710.539
566.000,CL,264.742,56.648,61106.955,4066.579,109.871,24670.267,2710.539
567.000,CL,264.742,56.648,61049.652,4073.766,109.871,24670.267,2710.539
568.000,CL,264.742,56.648,60992.392,4080.952,109.871,24670.267,2710.539
569.000,CL,264.742,56.648,60935.176,4088.139,109.871,24670.267,2710.539
570.000,CL,264.742,56.648,60878.003,4095.326,109.871,24670.267,2710.539
571.000,CL,264.742,56.648,60820.873,4102.512,109.871,24670.267,2710.539
572.000,CL,264.742,56.648,60763.788,4109.699,109.871,24670.267,2710.539
573.000,CL,264.742,56.648,60706.745,4116.885,109.871,24670.267,2710.539
574.000,CL,264.742,56.648,60649.746,4124.072,109.871,24670.267,2710.539
575.000,CL,264.742,56.648,60592.790,4131.259,109.871,24670.267,2710.539
576.000,CL,264.742,56.648,60535.878,4138.445,109.871,24670.267,2710.539
577.000,CL,264.742,56.648,60479.008,4145.632,109.871,24670.267,2710.539
578.000,CL,264.742,56.648,60422.182,4152.818,109.871,24670.267,2710.539
579.000,CL,264.742,56.648,60365.400,4160.005,109.871,24670.267,2710.539
580.000,CL,264.742,56.648,60308.660,4167.192,109.871,24670.267,2710.539
581.000,CL,264.742,56.648,60251.964,4174.378,109.871,24670.267,2710.539
582.000,CL,264.742,56.648,60195.311,4181.565,109.871,24670.267,2710.539
583.000,CL,264.742,56.648,60138.701,4188.751,109.871,24670.267,2710.539
584.000,CL,264.742,56.648,60082.134,4195.938,109.871,24670.267,2710.539
585.000,CL,264.742,56.648,60025.610,4203.124,109.871,24670.267,2710.539
586.000,CL,264.742,56.648,59969.130,4210.311,109.871,24670.267,2710.539
587.000,CL,264.742,56.648,59912.692,4217.498,109.871,24670.267,2710.539
588.000,CL,264.742,56.648,59856.297,4224.684,109.871,24670.267,2710.539
589.000,CL,264.742,56.648,59799.946,4231.871,109.871,24670.267,2710.539
590.000,CL,264.742,56.648,59743.637,4239.057,109.871,24670.267,2710.539
591.000,CL,264.742,56.648,59687.371,4246.244,109.871,24670.267,2710.539
592.000,CL,264.742,56.648,59631.148,4253.431,109.871,24670.267,2710.539
593.000,CL,264.742,56.648,59574.968,4260.617,109.871,24670.267,2710.539
594.000,CL,264.742,56.648,59518.831,4267.804,109.871,24670.267,2710.539
595.000,CL,264.742,56.648,59462.737,4274.990,109.871,24670.267,2710.539
596.000,CL,264.742,56.648,59406.686,4282.177,109.871,24670.267,2710.539
597.000,CL,264.742,56.648,59350.677,4289.364,109.871,24670.267,2710.539
598.000,CL,264.742,56.648,59294.711,4296.550,109.871,24670.267,2710.539
599.000,CL,264.742,56.648,59238.788,4303.737,109.871,24670.267,2710.539
600.000,CL,264.742,56.648,59182.908,4310.923,109.871,24670.267,2710.539
601.000,CL,264.742,56.648,59127.070,4318.110,109.871,24670.267,2710.539
602.000,CL,264.742,56.648,59071.275,4325.297,109.871,24670.267,2710.539
603.000,CL,264.742,56.648,59015.522,4332.483,109.871,24670.267,2710.539
604.000,CL,264.742,56.648,58959.813,4339.670,109.871,24670.267,2710.539
605.000,CL,264.742,56.648,58904.145,4346.856,109.871,24670.267,2710.539
606.000,CL,264.742,56.648,58848.521,4354.043,109.871,24670.267,2710.539
607.000,CL,264.742,56.648,58792.939,4361.229,109.871,24670.267,2710.539
608.000,CL,264.742,56.648,58737.399,4368.416,109.871,24670.267,2710.539
609.000,CL,264.742,56.648,58681.902,4375.603,109.871,24670.267,2710.539
610.000,CL,264.742,56.648,58626.447,4382.789,109.871,24670.267,2710.539
611.000,CL,264.742,56.648,58571.035,4389.976,109.871,24670.267,2710.539
612.000,CL,264.742,56.648,58515.666,4397.162,109.871,24670.267,2710.539
613.000,CL,264.742,56.648,58460.338,4404.349,109.871,24670.267,2710.539
614.000,CL,264.742,56.648,58405.053,4411.536,109.871,24670.267,2710.539
615.000,CL,264.742,56.648,58349.811,4418.722,109.871,24670.267,2710.539
616.000,CL,264.742,56.648,58294.610,4425.909,109.871,24670.267,2710.539
617.000,CL,264.742,56.648,58239.452,4433.095,109.871,24670.267,2710.539
618.000,CL,264.742,56.648,58184.336,4440.282,109.871,24670.267,2710.539
619.000,CL,264.742,56.648,58129.263,4447.469,109.871,24670.267,2710.539
620.000,CL,264.742,56.648,58074.232,4454.655,109.871,24670.267,2710.539
621.000,CL,264.742,56.648,58019.242,4461.842,109.871,24670.267,2710.539
622.000,CL,264.742,56.648,57964.295,4469.028,109.871,24670.267,2710.539
623.000,CL,264.742,56.648,57909.391,4476.215,109.871,24670.267,2710.539
624.000,CL,264.742,56.648,57854.528,4483.402,109.871,24670.267,2710.539
625.000,CL,264.742,56.648,57799.707,4490.588,109.871,24670.267,2710.539
626.000,CL,264.742,56.648,57744.929,4497.775,109.871,24670.267,2710.539
627.000,CL,264.742,56.648,57690.192,4504.961,109.871,24670.267,2710.539
628.000,CL,264.742,56.648,57635.498,4512.148,109.871,24670.267,2710.539
629.000,CL,264.742,56.648,57580.845,4519.334,109.871,24670.267,2710.539
630.000,CL,264.742,56.648,57526.235,4526.521,109.871,24670.267,2710.539
631.000,CL,264.742,56.648,57471.666,4533.708,109.871,24670.267,2710.539
632.000,CL,264.742,56.648,57417.140,4540.894,109.871,24670.267,2710.539
633.000,CL,264.742,56.648,57362.655,4548.081,109.871,24670.267,2710.539
634.000,CL,264.742,56.648,57308.212,4555.267,109.871,24670.267,2710.539
635.000,CL,264.742,56.648,57253.811,4562.454,109.871,24670.267,2710.539
636.000,CL,264.742,56.648,57199.452,4569.641,109.871,24670.267,2710.539
637.000,CL,264.742,56.648,57145.135,4576.827,109.871,24670.267,2710.539
638.000,CL,264.742,56.648,57090.859,4584.014,109.871,24670.267,2710.539
639.000,CL,264.742,56.648,57036.625,4591.200,109.871,24670.267,2710.539
640.000,CL,264.742,56.648,56982.433,4598.387,109.871,24670.267,2710.539
641.000,CL,264.742,56.648,56928.283,4605.574,109.871,24670.267,2710.539
642.000,CL,264.742,56.648,56874.174,4612.760,109.871,24670.267,2710.539
643.000,CL,264.742,56.648,56820.107,4619.947,109.871,24670.267,2710.539
644.000,CL,264.742,56.648,56766.081,4627.133,109.871,24670.267,2710.539
645.000,CL,264.742,56.648,56712.097,4634.320,109.871,24670.267,2710.539
646.000,CL,264.742,56.648,56658.155,4641.507,109.871,24670.267,2710.539
647.000,CL,264.742,56.648,56604.254,4648.693,109.871,24670.267,2710.539
648.000,CL,264.742,56.648,56550.395,4655.880,109.871,24670.267,2710.539
649.000,CL,264.742,56.648,56496.577,4663.066,109.871,24670.267,2710.539
650.000,CL,264.742,56.648,56442.801,4670.253,109.871,24670.267,2710.539
651.000,CL,264.742,56.648,56389.066,4677.439,109.871,24670.267,2710.539
652.000,CL,264.742,56.648,56335.373,4684.626,109.871,24670.267,2710.539
653.000,CL,264.742,56.648,56281.721,4691.813,109.871,24670.267,2710.539
654.000,CL,264.742,56.648,56228.111,4698.999,109.871,24670.267,2710.539
655.000,CL,264.742,56.648,56174.541,4706.186,109.871,24670.267,2710.539
656.000,CL,264.742,56.648,56121.014,4713.372,109.871,24670.267,2710.539
657.000,CL,264.742,56.648,56067.527,4720.559,109.871,24670.267,2710.539
658.000,CL,264.742,56.648,56014.082,4727.746,109.871,24670.267,2710.539
659.000,CL,264.742,56.648,55960.678,4734.932,109.871,24670.267,2710.539
660.000,CL,264.742,56.648,55907.315,4742.119,109.871,24670.267,2710.539
661.000,CL,264.742,56.648,55853.993,4749.305,109.871,24670.267,2710.539
662.000,CL,264.742,56.648,55800.713,4756.492,109.871,24670.267,2710.539
663.000,CL,264.742,56.648,55747.474,4763.679,109.871,24670.267,2710.539
664.000,CL,264.742,56.648,55694.276,4770.865,109.871,24670.267,2710.539
665.000,CL,264.742,56.648,55641.119,4778.052,109.871,24670.267,2710.539
666.000,CL,264.742,56.648,55588.003,4785.238,109.871,24670.267,2710.539
667.000,CL,264.742,56.648,55534.928,4792.425,109.871,24670.267,2710.539
668.000,CL,264.742,56.648,55481.894,4799.612,109.871,24670.267,2710.539
669.000,CL,264.742,56.648,55428.902,4806.798,109.871,24670.267,2710.539
670.000,CL,264.742,56.648,55375.950,4813.985,109.871,24670.267,2710.539
671.000,CL,264.742,56.648,55323.039,4821.171,109.871,24670.267,2710.539
672.000,CL,264.742,56.648,55270.169,4828.358,109.871,24670.267,2710.539
673.000,CL,264.742,56.648,55217.340,4835.544,109.871,24670.267,2710.539
674.000,CL,264.742,56.648,55164.552,4842.731,109.871,24670.267,2710.539
675.000,CL,264.742,56.648,55111.805,4849.918,109.871,24670.267,2710.539
676.000,CL,264.742,56.648,55059.099,4857.104,109.871,24670.267,2710.539
677.000,CL,264.742,56.648,55006.433,4864.291,109.871,24670.267,2710.539
678.000,CL,264.742,56.648,54953.809,4871.477,109.871,24670.267,2710.539
679.000,CL,264.742,56.648,54901.225,4878.664,109.871,24670.267,2710.539
680.000,CL,264.742,56.648,54848.682,4885.851,109.871,24670.267,2710.539
681.000,CL,264.742,56.648,54796.179,4893.037,109.871,24670.267,2710.539
682.000,CL,264.742,56.648,54743.717,4900.224,109.871,24670.267,2710.539
683.000,CL,264.742,56.648,54691.296,4907.410,109.871,24670.267,2710.539
684.000,CL,264.742,56.648,54638.916,4914.597,109.871,24670.267,2710.539
685.000,CL,264.742,56.648,54586.576,4921.784,109.871,24670.267,2710.539
686.000,CL,264.742,56.648,54534.277,4928.970,109.871,24670.267,2710.539
687.000,CL,264.742,56.648,54482.018,4936.157,109.871,24670.267,2710.539
688.000,CL,264.742,56.648,54429.800,4943.343,109.871,24670.267,2710.539
689.000,CL,264.742,56.648,54377.623,4950.530,109.871,24670.267,2710.539
690.000,CL,264.742,56.648,54325.486,4957.717,109.871,24670.267,2710.539
691.000,CL,264.742,56.648,54273.389,4964.903,109.871,24670.267,2710.539
692.000,CL,264.742,56.648,54221.333,4972.090,109.871,24670.267,2710.539
693.000,CL,264.742,56.648,54169.318,4979.276,109.871,24670.267,2710.539
694.000,CL,264.742,56.648,54117.343,4986.463,109.871,24670.267,2710.539
695.000,CL,264.742,56.648,54065.408,4993.649,109.871,24670.267,2710.539
696.000,CL,264.742,56.648,54013.513,5000.836,109.871,24670.267,2710.539
697.000,CL,264.742,56.648,53961.659,5008.023,109.871,24670.267,2710.539
698.000,CL,264.742,56.648,53909.846,5015.209,109.871,24670.267,2710.539
699.000,CL,264.742,56.648,53858.072,5022.396,109.871,24670.267,2710.539
700.000,CL,264.742,56.648,53806.339,5029.582,109.871,24670.267,2710.539
701.000,CL,264.742,56.648,53754.646,5036.769,109.871,24670.267,2710.539
702.000,CL,264.742,56.648,53702.993,5043.956,109.871,24670.267,2710.539
703.000,CL,264.742,56.648,53651.381,5051.142,109.871,24670.267,2710.539
704.000,CL,264.742,56.648,53599.808,5058.329,109.871,24670.267,2710.539
705.000,CL,264.742,56.648,53548.276,5065.515,109.871,24670.267,2710.539
706.000,CL,264.742,56.648,53496.784,5072.702,109.871,24670.267,2710.539
707.000,CL,264.742,56.648,53445.332,5079.889,109.871,24670.267,2710.539
708.000,CL,264.742,56.648,53393.920,5087.075,109.871,24670.267,2710.539
709.000,CL,264.742,56.648,53342.548,5094.262,109.871,24670.267,2710.539
710.000,CL,264.742,56.648,53291.216,5101.448,109.871,24670.267,2710.539
711.000,CL,264.742,56.648,53239.924,5108.635,109.871,24670.267,2710.539
712.000,CL,264.742,56.648,53188.673,5115.822,109.871,24670.267,2710.539
713.000,CL,264.742,56.648,53137.461,5123.008,109.871,24670.267,2710.539
714.000,CL,264.742,56.648,53086.289,5130.195,109.871,24670.267,2710.539
715.000,CL,264.742,56.648,53035.157,5137.381,109.871,24670.267,2710.539
716.000,CL,264.742,56.648,52984.064,5144.568,109.871,24670.267,2710.539
717.000,CL,264.742,56.648,52933.012,5151.754,109.871,24670.267,2710.539
718.000,CL,264.742,56.648,52882.000,5158.941,109.871,24670.267,2710.539
719.000,CL,264.742,56.648,52831.027,5166.128,109.871,24670.267,2710.539
720.000,CL,264.742,56.648,52780.094,5173.314,109.871,24670.267,2710.539
721.000,CL,264.742,56.648,52729.201,5180.501,109.871,24670.267,2710.539
722.000,CL,264.742,56.648,52678.348,5187.687,109.871,24670.267,2710.539
723.000,CL,264.742,56.648,52627.534,5194.874,109.871,24670.267,2710.539
724.000,CL,264.742,56.648,52576.760,5202.061,109.871,24670.267,2710.539
725.000,CL,264.742,56.648,52526.026,5209.247,109.871,24670.267,2710.539
726.000,CL,264.742,56.648,52475.331,5216.434,109.871,24670.267,2710.539
727.000,CL,264.742,56.648,52424.676,5223.620,109.871,24670.267,2710.539
728.000,CL,264.742,56.648,52374.061,5230.807,109.871,24670.267,2710.539
729.000,CL,264.742,56.648,52323.485,5237.994,109.871,24670.267,2710.539
730.000,CL,264.742,56.648,52272.949,5245.180,109.871,24670.267,2710.539
731.000,CL,264.742,56.648,52222.452,5252.367,109.871,24670.267,2710.539
732.000,CL,264.742,56.648,52171.995,5259.553,109.871,24670.267,2710.539
733.000,CL,264.742,56.648,52121.577,5266.740,109.871,24670.267,2710.539
734.000,CL,264.742,56.648,52071.199,5273.927,109.871,24670.267,2710.539
735.000,CL,264.742,56.648,52020.860,5281.113,109.871,24670.267,2710.539
736.000,CL,264.742,56.648,51970.561,5288.300,109.871,24670.267,2710.539
737.000,CL,264.742,56.648,51920.301,5295.486,109.871,24670.267,2710.539
738.000,CL,264.742,56.648,51870.080,5302.673,109.871,24670.267,2710.539
739.000,CL,264.742,56.648,51819.899,5309.859,109.871,24670.267,2710.539
740.000,CL,264.742,56.648,51769.757,5317.046,109.871,24670.267,2710.539
741.000,CL,264.742,56.648,51719.654,5324.233,109.871,24670.267,2710.539
742.000,CL,264.742,56.648,51669.591,5331.419,109.871,24670.267,2710.539
743.000,CL,264.742,56.648,51619.567,5338.606,109.871,24670.267,2710.539
744.000,CL,264.742,56.648,51569.582,5345.792,109.871,24670.267,2710.539
745.000,CL,264.742,56.648,51519.636,5352.979,109.871,24670.267,2710.539
746.000,CL,264.742,56.648,51469.729,5360.166,109.871,24670.267,2710.539
747.000,CL,264.742,56.648,51419.862,5367.352,109.871,24670.267,2710.539
748.000,CL,264.742,56.648,51370.033,5374.539,109.871,24670.267,2710.539
749.000,CL,264.742,56.648,51320.244,5381.725,109.871,24670.267,2710.539
750.000,CL,264.742,56.648,51270.494,5388.912,109.871,24670.267,2710.539
751.000,CL,264.742,56.648,51220.783,5396.099,109.871,24670.267,2710.539
752.000,CL,264.742,56.648,51171.111,5403.285,109.871,24670.267,2710.539
753.000,CL,264.742,56.648,51121.478,5410.472,109.871,24670.267,2710.539
754.000,CL,264.742,56.648,51071.884,5417.658,109.871,24670.267,2710.539
755.000,CL,264.742,56.648,51022.329,5424.845,109.871,24670.267,2710.539
756.000,CL,264.742,56.648,50972.813,5432.032,109.871,24670.267,2710.539
757.000,CL,264.742,56.648,50923.336,5439.218,109.871,24670.267,2710.539
758.000,CL,264.742,56.648,50873.897,5446.405,109.871,24670.267,2710.539
759.000,CL,264.742,56.648,50824.498,5453.591,109.871,24670.267,2710.539
760.000,CL,264.742,56.648,50775.137,5460.778,109.871,24670.267,2710.539
761.000,CL,264.742,56.648,50725.816,5467.964,109.871,24670.267,2710.539
762.000,CL,264.742,56.648,50676.533,5475.151,109.871,24670.267,2710.539
763.000,CL,264.742,56.648,50627.289,5482.338,109.871,24670.267,2710.539
764.000,CL,264.742,56.648,50578.083,5489.524,109.871,24670.267,2710.539
765.000,CL,264.742,56.648,50528.916,5496.711,109.871,24670.267,2710.539
766.000,CL,264.742,56.648,50479.788,5503.897,109.871,24670.267,2710.539
767.000,CL,264.742,56.648,50430.699,5511.084,109.871,24670.267,2710.539
768.000,CL,264.742,56.648,50381.649,5518.271,109.871,24670.267,2710.539
769.000,CL,264.742,56.648,50332.637,5525.457,109.871,24670.267,2710.539
770.000,CL,264.742,56.648,50283.663,5532.644,109.871,24670.267,2710.539
771.000,CL,264.742,56.648,50234.728,5539.830,109.871,24670.267,2710.539
772.000,CL,264.742,56.648,50185.832,5547.017,109.871,24670.267,2710.539
773.000,CL,264.742,56.648,50136.975,5554.204,109.871,24670.267,2710.539
774.000,CL,264.742,56.648,50088.155,5561.390,109.871,24670.267,2710.539
775.000,CL,264.742,56.648,50039.375,5568.577,109.871,24670.267,2710.539
776.000,CL,264.742,56.648,49990.633,5575.763,109.871,24670.267,2710.539
777.000,CL,264.742,56.648,49941.929,5582.950,109.871,24670.267,2710.539
778.000,CL,264.742,56.648,49893.264,5590.137,109.871,24670.267,2710.539
779.000,CL,264.742,56.648,49844.637,5597.323,109.871,24670.267,2710.539
780.000,CL,264.742,56.648,49796.048,5604.510,109.871,24670.267,2710.539
781.000,CL,264.742,56.648,49747.498,5611.696,109.871,24670.267,2710.539
782.000,CL,264.742,56.648,49698.986,5618.883,109.871,24670.267,2710.539
783.000,CL,264.742,56.648,49650.513,5626.069,109.871,24670.267,2710.539
784.000,CL,264.742,56.648,49602.078,5633.256,109.871,24670.267,2710.539
785.000,CL,264.742,56.648,49553.681,5640.443,109.871,24670.267,2710.539
786.000,CL,264.742,56.648,49505.322,5647.629,109.871,24670.267,2710.539
787.000,CL,264.742,56.648,49457.001,5654.816,109.871,24670.267,2710.539
788.000,CL,264.742,56.648,49408.719,5662.002,109.871,24670.267,2710.539
789.000,CL,264.742,56.648,49360.475,5669.189,109.871,24670.267,2710.539
790.000,CL,264.742,56.648,49312.269,5676.376,109.871,24670.267,2710.539
791.000,CL,264.742,56.648,49264.101,5683.562,109.871,24670.267,2710.539
792.000,CL,264.742,56.648,49215.972,5690.749,109.871,24670.267,2710.539
793.000,CL,264.742,56.648,49167.880,5697.935,109.871,24670.267,2710.539
794.000,CL,264.742,56.648,49119.826,5705.122,109.871,24670.267,2710.539
795.000,CL,264.742,56.648,49071.811,5712.309,109.871,24670.267,2710.539
796.000,CL,264.742,56.648,49023.833,5719.495,109.871,24670.267,2710.539
797.000,CL,264.742,56.648,48975.894,5726.682,109.871,24670.267,2710.539
798.000,CL,264.742,56.648,48927.992,5733.868,109.871,24670.267,2710.539
799.000,CL,264.742,56.648,48880.129,5741.055,109.871,24670.267,2710.539
800.000,CL,264.742,56.648,48832.303,5748.242,109.871,24670.267,2710.539
801.000,CL,264.742,56.648,48784.515,5755.428,109.871,24670.267,2710.539
802.000,CL,264.742,56.648,48736.765,5762.615,109.871,24670.267,2710.539
803.000,CL,264.742,56.648,48689.053,5769.801,109.871,24670.267,2710.539
804.000,CL,264.742,56.648,48641.379,5776.988,109.871,24670.267,2710.539
805.000,CL,264.742,56.648,48593.742,5784.174,109.871,24670.267,2710.539
806.000,CL,264.742,56.648,48546.144,5791.361,109.871,24670.267,2710.539
807.000,CL,264.742,56.648,48498.583,5798.548,109.871,24670.267,2710.539
808.000,CL,264.742,56.648,48451.060,5805.734,109.871,24670.267,2710.539
809.000,CL,264.742,56.648,48403.574,5812.921,109.871,24670.267,2710.539
810.000,CL,264.742,56.648,48356.126,5820.107,109.871,24670.267,2710.539
811.000,CL,264.742,56.648,48308.716,5827.294,109.871,24670.267,2710.539
812.000,CL,264.742,56.648,48261.344,5834.481,109.871,24670.267,2710.539
813.000,CL,264.742,56.648,48214.009,5841.667,109.871,24670.267,2710.539
814.000,CL,264.742,56.648,48166.712,5848.854,109.871,24670.267,2710.539
815.000,CL,264.742,56.648,48119.452,5856.040,109.871,24670.267,2710.539
816.000,CL,264.742,56.648,48072.230,5863.227,109.871,24670.267,2710.539
817.000,CL,264.742,56.648,48025.046,5870.414,109.871,24670.267,2710.539
818.000,CL,264.742,56.648,47977.899,5877.600,109.871,24670.267,2710.539
819.000,CL,264.742,56.648,47930.789,5884.787,109.871,24670.267,2710.539
820.000,CL,264.742,56.648,47883.717,5891.973,109.871,24670.267,2710.539
821.000,CL,264.742,56.648,47836.682,5899.160,109.871,24670.267,2710.539
822.000,CL,264.742,56.648,47789.685,5906.346,109.871,24670.267,2710.539
823.000,CL,264.742,56.648,47742.725,5913.533,109.871,24670.267,2710.539
824.000,CL,264.742,56.648,47695.803,5920.720,109.871,24670.267,2710.539
825.000,CL,264.742,56.648,47648.918,5927.906,109.871,24670.267,2710.539
826.000,CL,264.742,56.648,47602.070,5935.093,109.871,24670.267,2710.539
827.000,CL,264.742,56.648,47555.259,5942.279,109.871,24670.267,2710.539
828.000,CL,264.742,56.648,47508.486,5949.466,109.871,24670.267,2710.539
829.000,CL,264.742,56.648,47461.750,5956.653,109.871,24670.267,2710.539
830.000,CL,264.742,56.648,47415.051,5963.839,109.871,24670.267,2710.539
831.000,CL,264.742,56.648,47368.390,5971.026,109.871,24670.267,2710.539
832.000,CL,264.742,56.648,47321.766,5978.212,109.871,24670.267,2710.539
833.000,CL,264.742,56.648,47275.178,5985.399,109.871,24670.267,2710.539
834.000,CL,264.742,56.648,47228.628,5992.586,109.871,24670.267,2710.539
835.000,CL,264.742,56.648,47182.116,5999.772,109.871,24670.267,2710.539
836.000,CL,264.742,56.648,47135.640,6006.959,109.871,24670.267,2710.539
837.000,CL,264.742,56.648,47089.201,6014.145,109.871,24670.267,2710.539
838.000,CL,264.742,56.648,47042.799,6021.332,109.871,24670.267,2710.539
839.000,CL,264.742,56.648,47041.691,6021.504,109.896,24664.633,2710.539
840.000,CL,264.742,56.648,47038.415,6022.011,109.970,24647.996,2710.539
841.000,CL,264.742,56.648,47033.048,6022.843,110.092,24620.781,2710.539
842.000,CL,264.742,56.648,47025.664,6023.987,110.259,24583.435,2710.539
843.000,CL,264.742,56.648,47016.339,6025.433,110.470,24536.425,2710.539
844.000,CL,264.742,56.648,47005.148,6027.167,110.724,24480.238,2710.539
845.000,CL,264.742,56.648,46992.168,6029.180,111.018,24415.373,2710.539
846.000,CL,264.742,56.648,46977.474,6031.459,111.351,24342.339,2710.539
847.000,CL,264.742,56.648,46961.141,6033.993,111.721,24261.654,2710.539
848.000,CL,264.742,56.648,46943.247,6036.770,112.127,24173.837,2710.539
849.000,CL,264.742,56.648,46923.867,6039.778,112.567,24079.412,2710.539
850.000,CL,264.742,56.648,46903.076,6043.007,113.039,23978.900,2710.539
851.000,CL,264.742,56.648,46880.952,6046.444,113.541,23872.817,2710.539
852.000,CL,264.742,56.648,46857.570,6050.077,114.072,23761.674,2710.539
853.000,CL,264.742,56.648,46833.006,6053.896,114.630,23645.976,2710.539
854.000,CL,264.742,56.648,46807.336,6057.889,115.214,23526.214,2710.539
855.000,CL,264.742,56.648,46780.635,6062.044,115.821,23402.871,2710.539
856.000,CL,264.742,56.648,46752.981,6066.349,116.450,23276.417,2710.539
857.000,CL,264.742,56.648,46724.448,6070.793,117.100,23147.307,2710.539
858.000,CL,264.742,56.648,46695.112,6075.364,117.768,23015.983,2710.539
859.000,CL,264.742,56.648,46665.048,6080.052,118.453,22882.871,2710.539
860.000,CL,264.742,56.648,46634.333,6084.843,119.153,22748.382,2710.539
861.000,CL,264.742,56.648,46603.040,6089.727,119.867,22612.911,2710.539
862.000,CL,264.742,56.648,46571.246,6094.693,120.593,22476.835,2710.539
863.000,CL,264.742,56.648,46539.024,6099.727,121.328,22340.518,2710.539
864.000,CL,264.742,56.648,46506.451,6104.820,122.073,22204.304,2710.539
865.000,CL,264.742,56.648,46473.600,6109.959,122.824,22068.526,2710.539
866.000,CL,264.742,56.648,46440.546,6115.132,123.580,21933.497,2710.539
867.000,CL,264.742,56.648,46407.363,6120.329,124.339,21799.517,2710.539
868.000,CR,252.245,52.774,46374.125,6125.538,125.101,17953.083,2245.942
869.000,CR,252.245,52.774,46340.907,6130.746,125.862,17844.502,2245.942
870.000,CR,252.245,52.774,46307.782,6135.943,126.621,17737.464,2245.942
871.000,CR,252.245,52.774,46274.823,6141.116,127.378,17632.171,2245.942
872.000,CR,252.245,52.774,46242.105,6146.255,128.129,17528.815,2245.942
873.000,CR,252.245,52.774,46209.700,6151.348,128.873,17427.579,2245.942
874.000,CR,252.245,52.774,46177.681,6156.382,129.609,17328.636,2245.942
875.000,CR,252.245,52.774,46146.122,6161.348,130.334,17232.154,2245.942
876.000,CR,252.245,52.774,46115.095,6166.232,131.048,17138.288,2245.942
877.000,CR,252.245,52.774,46084.673,6171.023,131.749,17047.192,2245.942
878.000,CR,252.245,52.774,46054.928,6175.711,132.434,16959.008,2245.942
879.000,CR,252.245,52.774,46025.933,6180.282,133.102,16873.877,2245.942
880.000,CR,252.245,52.774,45997.760,6184.726,133.751,16791.934,2245.942
881.000,CR,252.245,52.774,45970.481,6189.032,134.380,16713.307,2245.942
882.000,CR,252.245,52.774,45944.168,6193.186,134.988,16638.125,2245.942
883.000,CR,252.245,52.774,45918.893,6197.179,135.571,16566.510,2245.942
884.000,CR,252.245,52.774,45894.728,6200.998,136.129,16498.585,2245.942
885.000,CR,252.245,52.774,45871.745,6204.631,136.660,16434.470,2245.942
886.000,CR,252.245,52.774,45850.015,6208.068,137.163,16374.285,2245.942
887.000,CR,252.245,52.774,45829.611,6211.297,137.635,16318.150,2245.942
888.000,CR,252.245,52.774,45810.604,6214.305,138.074,16266.185,2245.942
889.000,CR,252.245,52.774,45793.065,6217.082,138.480,16218.513,2245.942
890.000,CR,252.245,52.774,45777.067,6219.616,138.850,16175.259,2245.942
891.000,CR,252.245,52.774,45762.681,6221.895,139.184,16136.549,2245.942
892.000,CR,252.245,52.774,45749.979,6223.908,139.478,16102.517,2245.942
893.000,CR,252.245,52.774,45739.034,6225.642,139.731,16073.298,2245.942
894.000,CR,252.245,52.774,45729.916,6227.088,139.942,16049.035,2245.942
895.000,CR,252.245,52.774,45722.698,6228.232,140.110,16029.877,2245.942
896.000,CR,252.245,52.774,45717.452,6229.064,140.231,16015.982,2245.942
897.000,CR,252.245,52.774,45714.252,6229.571,140.305,16007.515,2245.942
898.000,CR,252.245,52.774,45713.169,6229.743,140.331,16004.652,2245.942
899.000,CR,252.245,52.774,45713.169,6229.743,140.331,16004.652,2245.942
900.000,CR,252.245,52.774,45713.169,6229.743,140.331,16004.652,2245.942
901.000,CR,252.245,52.774,45713.169,6229.743,140.331,16004.652,2245.942
902.000,CR,252.245,52.774,45713.169,6229.743,140.331,16004.652,2245.942
903.000,CR,252.245,52.774,45713.169,6229.743,140.331,16004.652,2245.942
904.000,CR,252.245,52.774,45713.169,6229.743,140.331,16004.652,2245.942
905.000,CR,252.245,52.774,45713.169,6229.743,140.331,16004.652,2245.942
906.000,CR,252.245,52.774,45713.169,6229.743,140.331,16004.652,2245.942
907.000,CR,252.245,52.774,45713.169,6229.743,140.331,16004.652,2245.942
908.000,CR,252.245,52.774,45713.169,6229.743,140.331,16004.652,2245.942
909.000,CR,252.245,52.774,45713.169,6229.743,140.331,16004.652,2245.942
910.000,CR,252.245,52.774,45713.169,6229.743,140.331,16004.652,2245.942
911.000,CR,252.245,52.774,45713.169,6229.743,140.331,16004.652,2245.942
912.000,CR,252.245,52.774,45713.169,6229.743,140.331,16004.652,2245.942
913.000,CR,252.245,52.774,45713.169,6229.743,140.331,16004.652,2245.942
914.000,CR,252.245,52.774,45713.169,6229.743,140.331,16004.652,2245.942
915.000,CR,252.245,52.774,45713.169,6229.743,140.331,16004.652,2245.942
916.000,CR,252.245,52.774,45713.169,6229.743,140.331,16004.652,2245.942
917.000,CR,252.245,52.774,45713.169,6229.743,140.331,16004.652,2245.942
918.000,CR,252.245,52.774,45713.169,6229.743,140.331,16004.652,2245.942
919.000,CR,252.245,52.774,45713.169,6229.743,140.331,16004.652,2245.942
920.000,CR,252.245,52.774,45713.169,6229.743,140.331,16004.652,2245.942
921.000,CR,252.245,52.774,45713.169,6229.743,140.331,16004.652,2245.942
922.000,CR,252.245,52.774,45713.169,6229.743,140.331,16004.652,2245.942
923.000,CR,252.245,52.774,45713.169,6229.743,140.331,16004.652,2245.942
924.000,CR,252.245,52.774,45713.169,6229.743,140.331,16004.652,2245.942
925.000,CR,252.245,52.774,45713.169,6229.743,140.331,16004.652,2245.942
926.000,CR,252.245,52.774,45713.169,6229.743,140.331,16004.652,2245.942
927.000,CR,252.245,52.774,45713.169,6229.743,140.331,16004.652,2245.942
928.000,CR,252.245,52.774,45713.169,6229.743,140.331,16004.652,2245.942
929.000,CR,252.245,52.774,45713.169,6229.743,140.331,16004.652,2245.942
930.000,CR,252.245,52.774,45713.169,6229.743,140.331,16004.652,2245.942
931.000,CR,252.245,52.774,45713.169,6229.743,140.331,16004.652,2245.942
932.000,CR,252.245,52.774,45713.169,6229.743,140.331,16004.652,2245.942
933.000,CR,252.245,52.774,45713.169,6229.743,140.331,16004.652,2245.942
934.000,CR,252.245,52.774,45713.169,6229.743,140.331,16004.652,2245.942
935.000,CR,252.245,52.774,45713.169,6229.743,140.331,16004.652,2245.942
936.000,CR,252.245,52.774,45713.169,6229.743,140.331,16004.652,2245.942
937.000,CR,252.245,52.774,45713.169,6229.743,140.331,16004.652,2245.942
938.000,CR,252.245,52.774,45713.169,6229.743,140.331,16004.652,2245.942
939.000,CR,252.245,52.774,45713.169,6229.743,140.331,16004.652,2245.942
940.000,CR,252.245,52.774,45713.169,6229.743,140.331,16004.652,2245.942
941.000,CR,252.245,52.774,45713.169,6229.743,140.331,16004.652,2245.942
942.000,CR,252.245,52.774,45713.169,6229.743,140.331,16004.652,2245.942
943.000,CR,252.245,52.774,45713.169,6229.743,140.331,16004.652,2245.942
944.000,CR,252.245,52.774,45713.169,6229.743,140.331,16004.652,2245.942
945.000,CR,252.245,52.774,45713.169,6229.743,140.331,16004.652,2245.942
946.000,CR,252.245,52.774,45713.169,6229.743,140.331,16004.652,2245.942
947.000,CR,252.245,52.774,45713.169,6229.743,140.331,16004.652,2245.942
948.000,CR,252.245,52.774,45713.169,6229.743,140.331,16004.652,2245.942
949.000,CR,252.245,52.774,45713.169,6229.743,140.331,16004.652,2245.942
950.000,CR,252.245,52.774,45713.169,6229.743,140.331,16004.652,2245.942
951.000,CR,252.245,52.774,45713.169,6229.743,140.331,16004.652,2245.942
952.000,CR,252.245,52.774,45713.169,6229.743,140.331,16004.652,2245.942
953.000,CR,252.245,52.774,45713.169,6229.743,140.331,16004.652,2245.942
954.000,CR,252.245,52.774,45713.169,6229.743,140.331,16004.652,2245.942
955.000,CR,252.245,52.774,45713.169,6229.743,140.331,16004.652,2245.942
956.000,CR,252.245,52.774,45713.169,6229.743,140.331,16004.652,2245.942
957.000,CR,252.245,52.774,45713.169,6229.743,140.331,16004.652,2245.942
958.000,CR,252.245,52.774,45713.169,6229.743,140.331,16004.652,2245.942
959.000,CR,252.245,52.774,45713.169,6229.743,140.331,16004.652,2245.942
960.000,CR,252.245,52.774,45713.169,6229.743,140.331,16004.652,2245.942
961.000,CR,252.245,52.774,45713.169,6229.743,140.331,16004.652,2245.942
962.000,CR,252.245,52.774,45713.169,6229.743,140.331,16004.652,2245.942
963.000,CR,252.245,52.774,45713.169,6229.743,140.331,16004.652,2245.942
964.000,CR,252.245,52.774,45713.169,6229.743,140.331,16004.652,2245.942
965.000,CR,252.245,52.774,45713.169,6229.743,140.331,16004.652,2245.942
966.000,CR,252.245,52.774,45713.169,6229.743,140.331,16004.652,2245.942
967.000,CR,252.245,52.774,45713.169,6229.743,140.331,16004.652,2245.942
968.000,CR,252.245,52.774,45713.169,6229.743,140.331,16004.652,2245.942
969.000,CR,252.245,52.774,45713.169,6229.743,140.331,16004.652,2245.942
970.000,CR,252.245,52.774,45713.169,6229.743,140.331,16004.652,2245.942
971.000,CR,252.245,52.774,45713.169,6229.743,140.331,16004.652,2245.942
972.000,CR,252.245,52.774,45713.169,6229.743,140.331,16004.652,2245.942
973.000,CR,252.245,52.774,45713.169,6229.743,140.331,16004.652,2245.942
974.000,CR,252.245,52.774,45713.169,6229.743,140.331,16004.652,2245.942
975.000,CR,252.245,52.774,45713.169,6229.743,140.331,16004.652,2245.942
976.000,CR,252.245,52.774,45713.169,6229.743,140.331,16004.652,2245.942
977.000,CR,252.245,52.774,45713.169,6229.743,140.331,16004.652,2245.942
978.000,CR,252.245,52.774,45713.169,6229.743,140.331,16004.652,2245.942
979.000,CR,252.245,52.774,45713.169,6229.743,140.331,16004.652,2245.942
980.000,CR,252.245,52.774,45713.169,6229.743,140.331,16004.652,2245.942
981.000,CR,252.245,52.774,45713.169,6229.743,140.331,16004.652,2245.942
982.000,CR,252.245,52.774,45713.169,6229.743,140.331,16004.652,2245.942
983.000,CR,252.245,52.774,45713.169,6229.743,140.331,16004.652,2245.942
984.000,CR,252.245,52.774,45713.169,6229.743,140.331,16004.652,2245.942
985.000,CR,252.245,52.774,45713.169,6229.743,140.331,16004.652,2245.942
986.000,CR,252.245,52.774,45713.169,6229.743,140.331,16004.652,2245.942
987.000,CR,252.245,52.774,45713.169,6229.743,140.331,16004.652,2245.942
988.000,CR,252.245,52.774,45713.169,6229.743,140.331,16004.652,2245.942
989.000,CR,252.245,52.774,45713.169,6229.743,140.331,16004.652,2245.942
990.000,CR,252.245,52.774,45713.169,6229.743,140.331,16004.652,2245.942
991.000,CR,252.245,52.774,45713.169,6229.743,140.331,16004.652,2245.942
992.000,CR,252.245,52.774,45713.169,6229.743,140.331,16004.652,2245.942
993.000,CR,252.245,52.774,45713.169,6229.743,140.331,16004.652,2245.942
994.000,CR,252.245,52.774,45713.169,6229.743,140.331,16004.652,2245.942
995.000,CR,252.245,52.774,45713.169,6229.743,140.331,16004.652,2245.942
996.000,CR,252.245,52.774,45713.169,6229.743,140.331,16004.652,2245.942
997.000,CR,252.245,52.774,45713.169,6229.743,140.331,16004.652,2245.942
998.000,CR,252.245,52.774,45713.169,6229.743,140.331,16004.652,2245.942
999.000,CR,252.245,52.774,45713.169,6229.743,140.331,16004.652,2245.942
1000.000,CR,252.245,52.774,45713.169,6229.743,140.331,16004.652,2245.942
1001.000,CR,252.245,52.774,45713.169,6229.743,140.331,16004.652,2245.942
1002.000,CR,252.245,52.774,45713.169,6229.743,140.331,16004.652,2245.942
1003.000,CR,252.245,52.774,45713.169,6229.743,140.331,16004.652,2245.942
1004.000,CR,252.245,52.774,45713.169,6229.743,140.331,16004.652,2245.942
1005.000,CR,252.245,52.774,45713.169,6229.743,140.331,16004.652,2245.942
1006.000,CR,252.245,52.774,45713.169,6229.743,140.331,16004.652,2245.942
1007.000,CR,252.245,52.774,45713.169,6229.743,140.331,16004.652,2245.942
1008.000,CR,252.245,52.774,45713.169,6229.743,140.331,16004.652,2245.942
1009.000,CR,252.245,52.774,45713.169,6229.743,140.331,16004.652,2245.942
1010.000,CR,252.245,52.774,45713.169,6229.743,140.331,16004.652,2245.942
1011.000,CR,252.245,52.774,45713.169,6229.743,140.331,16004.652,2245.942
1012.000,CR,252.245,52.774,45713.169,6229.743,140.331,16004.652,2245.942
1013.000,CR,252.245,52.774,45713.169,6229.743,140.331,16004.652,2245.942
1014.000,CR,252.245,52.774,45713.169,6229.743,140.331,16004.652,2245.942
1015.000,CR,252.245,52.774,45713.169,6229.743,140.331,16004.652,2245.942
1016.000,CR,252.245,52.774,45713.169,6229.743,140.331,16004.652,2245.942
1017.000,CR,252.245,52.774,45713.169,6229.743,140.331,16004.652,2245.942
1018.000,CR,252.245,52.774,45713.169,6229.743,140.331,16004.652,2245.942
1019.000,CR,252.245,52.774,45713.169,6229.743,140.331,16004.652,2245.942
1020.000,CR,252.245,52.774,45713.169,6229.743,140.331,16004.652,2245.942
1021.000,CR,252.245,52.774,45713.169,6229.743,140.331,16004.652,2245.942
1022.000,CR,252.245,52.774,45713.169,6229.743,140.331,16004.652,2245.942
1023.000,CR,252.245,52.774,45713.169,6229.743,140.331,16004.652,2245.942
1024.000,CR,252.245,52.774,45713.169,6229.743,140.331,16004.652,2245.942
1025.000,CR,252.245,52.774,45713.169,6229.743,140.331,16004.652,2245.942
1026.000,CR,252.245,52.774,45713.169,6229.743,140.331,16004.652,2245.942
1027.000,CR,252.245,52.774,45713.169,6229.743,140.331,16004.652,2245.942
1028.000,CR,252.245,52.774,45713.169,6229.743,140.331,16004.652,2245.942
1029.000,CR,252.245,52.774,45713.169,6229.743,140.331,16004.652,2245.942
1030.000,CR,252.245,52.774,45713.169,6229.743,140.331,16004.652,2245.942
1031.000,CR,252.245,52.774,45713.169,6229.743,140.331,16004.652,2245.942
1032.000,CR,252.245,52.774,45713.169,6229.743,140.331,16004.652,2245.942
1033.000,CR,252.245,52.774,45713.169,6229.743,140.331,16004.652,2245.942
1034.000,CR,252.245,52.774,45713.169,6229.743,140.331,16004.652,2245.942
1035.000,CR,252.245,52.774,45713.169,6229.743,140.331,16004.652,2245.942
1036.000,CR,252.245,52.774,45713.169,6229.743,140.331,16004.652,2245.942
1037.000,CR,252.245,52.774,45713.169,6229.743,140.331,16004.652,2245.942
1038.000,CR,252.245,52.774,45713.169,6229.743,140.331,16004.652,2245.942
1039.000,CR,252.245,52.774,45713.169,6229.743,140.331,16004.652,2245.942
1040.000,CR,252.245,52.774,45713.169,6229.743,140.331,16004.652,2245.942
1041.000,CR,252.245,52.774,45713.169,6229.743,140.331,16004.652,2245.942
1042.000,CR,252.245,52.774,45713.169,6229.743,140.331,16004.652,2245.942
1043.000,CR,252.245,52.774,45713.169,6229.743,140.331,16004.652,2245.942
1044.000,CR,252.245,52.774,45713.169,6229.743,140.331,16004.652,2245.942
1045.000,CR,252.245,52.774,45713.169,6229.743,140.331,16004.652,2245.942
1046.000,CR,252.245,52.774,45713.169,6229.743,140.331,16004.652,2245.942
1047.000,CR,252.245,52.774,45713.169,6229.743,140.331,16004.652,2245.942
1048.000,CR,252.245,52.774,45713.169,6229.743,140.331,16004.652,2245.942
1049.000,CR,252.245,52.774,45713.169,6229.743,140.331,16004.652,2245.942
1050.000,CR,252.245,52.774,45713.169,6229.743,140.331,16004.652,2245.942
1051.000,CR,252.245,52.774,45713.169,6229.743,140.331,16004.652,2245.942
1052.000,CR,252.245,52.774,45713.169,6229.743,140.331,16004.652,2245.942
1053.000,CR,252.245,52.774,45713.169,6229.743,140.331,16004.652,2245.942
1054.000,CR,252.245,52.774,45713.169,6229.743,140.331,16004.652,2245.942
1055.000,CR,252.245,52.774,45713.169,6229.743,140.331,16004.652,2245.942
1056.000,CR,252.245,52.774,45713.169,6229.743,140.331,16004.652,2245.942
1057.000,CR,252.245,52.774,45713.169,6229.743,140.331,16004.652,2245.942
1058.000,CR,252.245,52.774,45713.169,6229.743,140.331,16004.652,2245.942
1059.000,CR,252.245,52.774,45713.169,6229.743,140.331,16004.652,2245.942
1060.000,CR,252.245,52.774,45713.169,6229.743,140.331,16004.652,2245.942
1061.000,CR,252.245,52.774,45713.169,6229.743,140.331,16004.652,2245.942
1062.000,CR,252.245,52.774,45713.169,6229.743,140.331,16004.652,2245.942
1063.000,CR,252.245,52.774,45713.169,6229.743,140.331,16004.652,2245.942
1064.000,CR,252.245,52.774,45713.169,6229.743,140.331,16004.652,2245.942
1065.000,CR,252.245,52.774,45713.169,6229.743,140.331,16004.652,2245.942
1066.000,CR,252.245,52.774,45713.169,6229.743,140.331,16004.652,2245.942
1067.000,CR,252.245,52.774,45713.169,6229.743,140.331,16004.652,2245.942
1068.000,CR,252.245,52.774,45713.169,6229.743,140.331,16004.652,2245.942
1069.000,CR,252.245,52.774,45713.169,6229.743,140.331,16004.652,2245.942
1070.000,CR,252.245,52.774,45713.169,6229.743,140.331,16004.652,2245.942
1071.000,CR,252.245,52.774,45713.169,6229.743,140.331,16004.652,2245.942
1072.000,CR,252.245,52.774,45713.169,6229.743,140.331,16004.652,2245.942
1073.000,CR,252.245,52.774,45713.169,6229.743,140.331,16004.652,2245.942
1074.000,CR,252.245,52.774,45713.169,6229.743,140.331,16004.652,2245.942
1075.000,CR,252.245,52.774,45713.169,6229.743,140.331,16004.652,2245.942
1076.000,CR,252.245,52.774,45713.169,6229.743,140.331,16004.652,2245.942
1077.000,CR,252.245,52.774,45713.169,6229.743,140.331,16004.652,2245.942
1078.000,CR,252.245,52.774,45713.169,6229.743,140.331,16004.652,2245.942
1079.000,CR,252.245,52.774,45713.169,6229.743,140.331,16004.652,2245.942
1080.000,CR,252.245,52.774,45713.169,6229.743,140.331,16004.652,2245.942
1081.000,CR,252.245,52.774,45713.169,6229.743,140.331,16004.652,2245.942
1082.000,CR,252.245,52.774,45713.169,6229.743,140.331,16004.652,2245.942
1083.000,CR,252.245,52.774,45713.169,6229.743,140.331,16004.652,2245.942
1084.000,CR,252.245,52.774,45713.169,6229.743,140.331,16004.652,2245.942
1085.000,CR,252.245,52.774,45713.169,6229.743,140.331,16004.652,2245.942
1086.000,CR,252.245,52.774,45713.169,6229.743,140.331,16004.652,2245.942
1087.000,CR,252.245,52.774,45713.169,6229.743,140.331,16004.652,2245.942
1088.000,CR,252.245,52.774,45713.169,6229.743,140.331,16004.652,2245.942
1089.000,CR,252.245,52.774,45713.169,6229.743,140.331,16004.652,2245.942
1090.000,CR,252.245,52.774,45713.169,6229.743,140.331,16004.652,2245.942
1091.000,CR,252.245,52.774,45713.169,6229.743,140.331,16004.652,2245.942
1092.000,CR,252.245,52.774,45713.169,6229.743,140.331,16004.652,2245.942
1093.000,CR,252.245,52.774,45713.169,6229.743,140.331,16004.652,2245.942
1094.000,CR,252.245,52.774,45713.169,6229.743,140.331,16004.652,2245.942
1095.000,CR,252.245,52.774,45713.169,6229.743,140.331,16004.652,2245.942
1096.000,CR,252.245,52.774,45713.169,6229.743,140.331,16004.652,2245.942
1097.000,CR,252.245,52.774,45713.169,6229.743,140.331,16004.652,2245.942
1098.000,CR,252.245,52.774,45713.169,6229.743,140.331,16004.652,2245.942
1099.000,CR,252.245,52.774,45713.169,6229.743,140.331,16004.652,2245.942
1100.000,CR,252.245,52.774,45713.169,6229.743,140.331,16004.652,2245.942
1101.000,CR,252.245,52.774,45713.169,6229.743,140.331,16004.652,2245.942
1102.000,CR,252.245,52.774,45713.169,6229.743,140.331,16004.652,2245.942
1103.000,CR,252.245,52.774,45713.169,6229.743,140.331,16004.652,2245.942
1104.000,CR,252.245,52.774,45713.169,6229.743,140.331,16004.652,2245.942
1105.000,CR,252.245,52.774,45713.169,6229.743,140.331,16004.652,2245.942
1106.000,CR,252.245,52.774,45713.169,6229.743,140.331,16004.652,2245.942
1107.000,CR,252.245,52.774,45713.169,6229.743,140.331,16004.652,2245.942
1108.000,CR,252.245,52.774,45713.169,6229.743,140.331,16004.652,2245.942
1109.000,CR,252.245,52.774,45713.169,6229.743,140.331,16004.652,2245.942
1110.000,CR,252.245,52.774,45713.169,6229.743,140.331,16004.652,2245.942
1111.000,CR,252.245,52.774,45713.169,6229.743,140.331,16004.652,2245.942
1112.000,CR,252.245,52.774,45713.169,6229.743,140.331,16004.652,2245.942
1113.000,CR,252.245,52.774,45713.169,6229.743,140.331,16004.652,2245.942
1114.000,CR,252.245,52.774,45713.169,6229.743,140.331,16004.652,2245.942
1115.000,CR,252.245,52.774,45713.169,6229.743,140.331,16004.652,2245.942
1116.000,CR,252.245,52.774,45713.169,6229.743,140.331,16004.652,2245.942
1117.000,CR,252.245,52.774,45713.169,6229.743,140.331,16004.652,2245.942
1118.000,CR,252.245,52.774,45713.169,6229.743,140.331,16004.652,2245.942
1119.000,CR,252.245,52.774,45713.169,6229.743,140.331,16004.652,2245.942
1120.000,CR,252.245,52.774,45713.169,6229.743,140.331,16004.652,2245.942
1121.000,CR,252.245,52.774,45713.169,6229.743,140.331,16004.652,2245.942
1122.000,CR,252.245,52.774,45713.169,6229.743,140.331,16004.652,2245.942
1123.000,CR,252.245,52.774,45713.169,6229.743,140.331,16004.652,2245.942
1124.000,CR,252.245,52.774,45713.169,6229.743,140.331,16004.652,2245.942
1125.000,CR,252.245,52.774,45713.169,6229.743,140.331,16004.652,2245.942
1126.000,CR,252.245,52.774,45713.169,6229.743,140.331,16004.652,2245.942
1127.000,CR,252.245,52.774,45713.169,6229.743,140.331,16004.652,2245.942
1128.000,CR,252.245,52.774,45713.169,6229.743,140.331,16004.652,2245.942
1129.000,CR,252.245,52.774,45713.169,6229.743,140.331,16004.652,2245.942
1130.000,CR,252.245,52.774,45713.169,6229.743,140.331,16004.652,2245.942
1131.000,CR,252.245,52.774,45713.169,6229.743,140.331,16004.652,2245.942
1132.000,CR,252.245,52.774,45713.169,6229.743,140.331,16004.652,2245.942
1133.000,CR,252.245,52.774,45713.169,6229.743,140.331,16004.652,2245.942
1134.000,CR,252.245,52.774,45713.169,6229.743,140.331,16004.652,2245.942
1135.000,CR,252.245,52.774,45713.169,6229.743,140.331,16004.652,2245.942
1136.000,CR,252.245,52.774,45713.169,6229.743,140.331,16004.652,2245.942
1137.000,CR,252.245,52.774,45713.169,6229.743,140.331,16004.652,2245.942
1138.000,CR,252.245,52.774,45713.169,6229.743,140.331,16004.652,2245.942
1139.000,CR,252.245,52.774,45713.169,6229.743,140.331,16004.652,2245.942
1140.000,CR,252.245,52.774,45713.169,6229.743,140.331,16004.652,2245.942
1141.000,CR,252.245,52.774,45713.169,6229.743,140.331,16004.652,2245.942
1142.000,CR,252.245,52.774,45713.169,6229.743,140.331,16004.652,2245.942
1143.000,CR,252.245,52.774,45713.169,6229.743,140.331,16004.652,2245.942
1144.000,CR,252.245,52.774,45713.169,6229.743,140.331,16004.652,2245.942
1145.000,CR,252.245,52.774,45713.169,6229.743,140.331,16004.652,2245.942
1146.000,CR,252.245,52.774,45713.169,6229.743,140.331,16004.652,2245.942
1147.000,CR,252.245,52.774,45713.169,6229.743,140.331,16004.652,2245.942
1148.000,CR,252.245,52.774,45713.169,6229.743,140.331,16004.652,2245.942
1149.000,CR,252.245,52.774,45713.169,6229.743,140.331,16004.652,2245.942
1150.000,CR,252.245,52.774,45713.169,6229.743,140.331,16004.652,2245.942
1151.000,CR,252.245,52.774,45713.169,6229.743,140.331,16004.652,2245.942
1152.000,CR,252.245,52.774,45713.169,6229.743,140.331,16004.652,2245.942
1153.000,CR,252.245,52.774,45713.169,6229.743,140.331,16004.652,2245.942
1154.000,CR,252.245,52.774,45713.169,6229.743,140.331,16004.652,2245.942
1155.000,CR,252.245,52.774,45713.169,6229.743,140.331,16004.652,2245.942
1156.000,CR,252.245,52.774,45713.169,6229.743,140.331,16004.652,2245.942
1157.000,CR,252.245,52.774,45713.169,6229.743,140.331,16004.652,2245.942
1158.000,CR,252.245,52.774,45713.169,6229.743,140.331,16004.652,2245.942
1159.000,CR,252.245,52.774,45713.169,6229.743,140.331,16004.652,2245.942
1160.000,CR,252.245,52.774,45713.169,6229.743,140.331,16004.652,2245.942
1161.000,CR,252.245,52.774,45713.169,6229.743,140.331,16004.652,2245.942
1162.000,CR,252.245,52.774,45713.169,6229.743,140.331,16004.652,2245.942
1163.000,CR,252.245,52.774,45713.169,6229.743,140.331,16004.652,2245.942
1164.000,CR,252.245,52.774,45713.169,6229.743,140.331,16004.652,2245.942
1165.000,CR,252.245,52.774,45713.169,6229.743,140.331,16004.652,2245.942
1166.000,CR,252.245,52.774,45713.169,6229.743,140.331,16004.652,2245.942
1167.000,CR,252.245,52.774,45713.169,6229.743,140.331,16004.652,2245.942
1168.000,CR,252.245,52.774,45713.169,6229.743,140.331,16004.652,2245.942
1169.000,CR,252.245,52.774,45713.169,6229.743,140.331,16004.652,2245.942
1170.000,CR,252.245,52.774,45713.169,6229.743,140.331,16004.652,2245.942
1171.000,CR,252.245,52.774,45713.169,6229.743,140.331,16004.652,2245.942
1172.000,CR,252.245,52.774,45713.169,6229.743,140.331,16004.652,2245.942
1173.000,CR,252.245,52.774,45713.169,6229.743,140.331,16004.652,2245.942
1174.000,CR,252.245,52.774,45713.169,6229.743,140.331,16004.652,2245.942
1175.000,CR,252.245,52.774,45713.169,6229.743,140.331,16004.652,2245.942
1176.000,CR,252.245,52.774,45713.169,6229.743,140.331,16004.652,2245.942
1177.000,CR,252.245,52.774,45713.169,6229.743,140.331,16004.652,2245.942
1178.000,CR,252.245,52.774,45713.169,6229.743,140.331,16004.652,2245.942
1179.000,CR,252.245,52.774,45713.169,6229.743,140.331,16004.652,2245.942
1180.000,CR,252.245,52.774,45713.169,6229.743,140.331,16004.652,2245.942
1181.000,CR,252.245,52.774,45713.169,6229.743,140.331,16004.652,2245.942
1182.000,CR,252.245,52.774,45713.169,6229.743,140.331,16004.652,2245.942
1183.000,CR,252.245,52.774,45713.169,6229.743,140.331,16004.652,2245.942
1184.000,CR,252.245,52.774,45713.169,6229.743,140.331,16004.652,2245.942
1185.000,CR,252.245,52.774,45713.169,6229.743,140.331,16004.652,2245.942
1186.000,CR,252.245,52.774,45713.169,6229.743,140.331,16004.652,2245.942
1187.000,CR,252.245,52.774,45713.169,6229.743,140.331,16004.652,2245.942
1188.000,CR,252.245,52.774,45713.169,6229.743,140.331,16004.652,2245.942
1189.000,CR,252.245,52.774,45713.169,6229.743,140.331,16004.652,2245.942
1190.000,CR,252.245,52.774,45713.169,6229.743,140.331,16004.652,2245.942
1191.000,CR,252.245,52.774,45713.169,6229.743,140.331,16004.652,2245.942
1192.000,CR,252.245,52.774,45713.169,6229.743,140.331,16004.652,2245.942
1193.000,CR,252.245,52.774,45713.169,6229.743,140.331,16004.652,2245.942
1194.000,CR,252.245,52.774,45713.169,6229.743,140.331,16004.652,2245.942
1195.000,CR,252.245,52.774,45713.169,6229.743,140.331,16004.652,2245.942
1196.000,CR,252.245,52.774,45713.169,6229.743,140.331,16004.652,2245.942
1197.000,CR,252.245,52.774,45713.169,6229.743,140.331,16004.652,2245.942
1198.000,CR,252.245,52.774,45713.169,6229.743,140.331,16004.652,2245.942
1199.000,CR,252.245,52.774,45713.169,6229.743,140.331,16004.652,2245.942
1200.000,CR,252.245,52.774,45713.169,6229.743,140.331,16004.652,2245.942
1201.000,CR,252.245,52.774,45713.169,6229.743,140.331,16004.652,2245.942
1202.000,CR,252.245,52.774,45713.169,6229.743,140.331,16004.652,2245.942
1203.000,CR,252.245,52.774,45713.169,6229.743,140.331,16004.652,2245.942
1204.000,CR,252.245,52.774,45713.169,6229.743,140.331,16004.652,2245.942
1205.000,CR,252.245,52.774,45713.169,6229.743,140.331,16004.652,2245.942
1206.000,CR,252.245,52.774,45713.169,6229.743,140.331,16004.652,2245.942
1207.000,CR,252.245,52.774,45713.169,6229.743,140.331,16004.652,2245.942
1208.000,CR,252.245,52.774,45713.169,6229.743,140.331,16004.652,2245.942
1209.000,CR,252.245,52.774,45713.169,6229.743,140.331,16004.652,2245.942
1210.000,CR,252.245,52.774,45713.169,6229.743,140.331,16004.652,2245.942
1211.000,CR,252.245,52.774,45713.169,6229.743,140.331,16004.652,2245.942
1212.000,CR,252.245,52.774,45713.169,6229.743,140.331,16004.652,2245.942
1213.000,CR,252.245,52.774,45713.169,6229.743,140.331,16004.652,2245.942
1214.000,CR,252.245,52.774,45713.169,6229.743,140.331,16004.652,2245.942
1215.000,CR,252.245,52.774,45713.169,6229.743,140.331,16004.652,2245.942
1216.000,CR,252.245,52.774,45713.169,6229.743,140.331,16004.652,2245.942
1217.000,CR,252.245,52.774,45713.169,6229.743,140.331,16004.652,2245.942
1218.000,CR,252.245,52.774,45713.169,6229.743,140.331,16004.652,2245.942
1219.000,CR,252.245,52.774,45713.169,6229.743,140.331,16004.652,2245.942
1220.000,CR,252.245,52.774,45713.169,6229.743,140.331,16004.652,2245.942
1221.000,CR,252.245,52.774,45713.169,6229.743,140.331,16004.652,2245.942
1222.000,CR,252.245,52.774,45713.169,6229.743,140.331,16004.652,2245.942
1223.000,CR,252.245,52.774,45713.169,6229.743,140.331,16004.652,2245.942
1224.000,CR,252.245,52.774,45713.169,6229.743,140.331,16004.652,2245.942
1225.000,CR,252.245,52.774,45713.169,6229.743,140.331,16004.652,2245.942
1226.000,CR,252.245,52.774,45713.169,6229.743,140.331,16004.652,2245.942
1227.000,CR,252.245,52.774,45713.169,6229.743,140.331,16004.652,2245.942
1228.000,CR,252.245,52.774,45713.169,6229.743,140.331,16004.652,2245.942
1229.000,CR,252.245,52.774,45713.169,6229.743,140.331,16004.652,2245.942
1230.000,CR,252.245,52.774,45713.169,6229.743,140.331,16004.652,2245.942
1231.000,CR,252.245,52.774,45713.169,6229.743,140.331,16004.652,2245.942
1232.000,CR,252.245,52.774,45713.169,6229.743,140.331,16004.652,2245.942
1233.000,CR,252.245,52.774,45713.169,6229.743,140.331,16004.652,2245.942
1234.000,CR,252.245,52.774,45713.169,6229.743,140.331,16004.652,2245.942
1235.000,CR,252.245,52.774,45713.169,6229.743,140.331,16004.652,2245.942
1236.000,CR,252.245,52.774,45713.169,6229.743,140.331,16004.652,2245.942
1237.000,CR,252.245,52.774,45713.169,6229.743,140.331,16004.652,2245.942
1238.000,CR,252.245,52.774,45713.169,6229.743,140.331,16004.652,2245.942
1239.000,CR,252.245,52.774,45713.169,6229.743,140.331,16004.652,2245.942
1240.000,CR,252.245,52.774,45713.169,6229.743,140.331,16004.652,2245.942
1241.000,CR,252.245,52.774,45713.169,6229.743,140.331,16004.652,2245.942
1242.000,CR,252.245,52.774,45713.169,6229.743,140.331,16004.652,2245.942
1243.000,CR,252.245,52.774,45713.169,6229.743,140.331,16004.652,2245.942
1244.000,CR,252.245,52.774,45713.169,6229.743,140.331,16004.652,2245.942
1245.000,CR,252.245,52.774,45713.169,6229.743,140.331,16004.652,2245.942
1246.000,CR,252.245,52.774,45713.169,6229.743,140.331,16004.652,2245.942
1247.000,CR,252.245,52.774,45713.169,6229.743,140.331,16004.652,2245.942
1248.000,CR,252.245,52.774,45713.169,6229.743,140.331,16004.652,2245.942
1249.000,CR,252.245,52.774,45713.169,6229.743,140.331,16004.652,2245.942
1250.000,CR,252.245,52.774,45713.169,6229.743,140.331,16004.652,2245.942
1251.000,CR,252.245,52.774,45713.169,6229.743,140.331,16004.652,2245.942
1252.000,CR,252.245,52.774,45713.169,6229.743,140.331,16004.652,2245.942
1253.000,CR,252.245,52.774,45713.169,6229.743,140.331,16004.652,2245.942
1254.000,CR,252.245,52.774,45713.169,6229.743,140.331,16004.652,2245.942
1255.000,CR,252.245,52.774,45713.169,6229.743,140.331,16004.652,2245.942
1256.000,CR,252.245,52.774,45713.169,6229.743,140.331,16004.652,2245.942
1257.000,CR,252.245,52.774,45713.169,6229.743,140.331,16004.652,2245.942
1258.000,CR,252.245,52.774,45713.169,6229.743,140.331,16004.652,2245.942
1259.000,CR,252.245,52.774,45713.169,6229.743,140.331,16004.652,2245.942
1260.000,CR,252.245,52.774,45713.169,6229.743,140.331,16004.652,2245.942
1261.000,CR,252.245,52.774,45713.169,6229.743,140.331,16004.652,2245.942
1262.000,CR,252.245,52.774,45713.169,6229.743,140.331,16004.652,2245.942
1263.000,CR,252.245,52.774,45713.169,6229.743,140.331,16004.652,2245.942
1264.000,CR,252.245,52.774,45713.169,6229.743,140.331,16004.652,2245.942
1265.000,CR,252.245,52.774,45713.169,6229.743,140.331,16004.652,2245.942
1266.000,CR,252.245,52.774,45713.169,6229.743,140.331,16004.652,2245.942
1267.000,CR,252.245,52.774,45713.169,6229.743,140.331,16004.652,2245.942
1268.000,CR,252.245,52.774,45713.169,6229.743,140.331,16004.652,2245.942
1269.000,CR,252.245,52.774,45713.169,6229.743,140.331,16004.652,2245.942
1270.000,CR,252.245,52.774,45713.169,6229.743,140.331,16004.652,2245.942
1271.000,CR,252.245,52.774,45713.169,6229.743,140.331,16004.652,2245.942
1272.000,CR,252.245,52.774,45713.169,6229.743,140.331,16004.652,2245.942
1273.000,CR,252.245,52.774,45713.169,6229.743,140.331,16004.652,2245.942
1274.000,CR,252.245,52.774,45713.169,6229.743,140.331,16004.652,2245.942
1275.000,CR,252.245,52.774,45713.169,6229.743,140.331,16004.652,2245.942
1276.000,CR,252.245,52.774,45713.169,6229.743,140.331,16004.652,2245.942
1277.000,CR,252.245,52.774,45713.169,6229.743,140.331,16004.652,2245.942
1278.000,CR,252.245,52.774,45713.169,6229.743,140.331,16004.652,2245.942
1279.000,CR,252.245,52.774,45713.169,6229.743,140.331,16004.652,2245.942
1280.000,CR,252.245,52.774,45713.169,6229.743,140.331,16004.652,2245.942
1281.000,CR,252.245,52.774,45713.169,6229.743,140.331,16004.652,2245.942
1282.000,CR,252.245,52.774,45713.169,6229.743,140.331,16004.652,2245.942
1283.000,CR,252.245,52.774,45713.169,6229.743,140.331,16004.652,2245.942
1284.000,CR,252.245,52.774,45713.169,6229.743,140.331,16004.652,2245.942
1285.000,CR,252.245,52.774,45713.169,6229.743,140.331,16004.652,2245.942
1286.000,CR,252.245,52.774,45713.169,6229.743,140.331,16004.652,2245.942
1287.000,CR,252.245,52.774,45713.169,6229.743,140.331,16004.652,2245.942
1288.000,CR,252.245,52.774,45713.169,6229.743,140.331,16004.652,2245.942
1289.000,CR,252.245,52.774,45713.169,6229.743,140.331,16004.652,2245.942
1290.000,CR,252.245,52.774,45713.169,6229.743,140.331,16004.652,2245.942
1291.000,CR,252.245,52.774,45713.169,6229.743,140.331,16004.652,2245.942
1292.000,CR,252.245,52.774,45713.169,6229.743,140.331,16004.652,2245.942
1293.000,CR,252.245,52.774,45713.169,6229.743,140.331,16004.652,2245.942
1294.000,CR,252.245,52.774,45713.169,6229.743,140.331,16004.652,2245.942
1295.000,CR,252.245,52.774,45713.169,6229.743,140.331,16004.652,2245.942
1296.000,CR,252.245,52.774,45713.169,6229.743,140.331,16004.652,2245.942
1297.000,CR,252.245,52.774,45713.169,6229.743,140.331,16004.652,2245.942
1298.000,CR,252.245,52.774,45713.169,6229.743,140.331,16004.652,2245.942
1299.000,CR,252.245,52.774,45713.169,6229.743,140.331,16004.652,2245.942
1300.000,CR,252.245,52.774,45713.169,6229.743,140.331,16004.652,2245.942
1301.000,CR,252.245,52.774,45713.169,6229.743,140.331,16004.652,2245.942
1302.000,CR,252.245,52.774,45713.169,6229.743,140.331,16004.652,2245.942
1303.000,CR,252.245,52.774,45713.169,6229.743,140.331,16004.652,2245.942
1304.000,CR,252.245,52.774,45713.169,6229.743,140.331,16004.652,2245.942
1305.000,CR,252.245,52.774,45713.169,6229.743,140.331,16004.652,2245.942
1306.000,CR,252.245,52.774,45713.169,6229.743,140.331,16004.652,2245.942
1307.000,CR,252.245,52.774,45713.169,6229.743,140.331,16004.652,2245.942
1308.000,CR,252.245,52.774,45713.169,6229.743,140.331,16004.652,2245.942
1309.000,CR,252.245,52.774,45713.169,6229.743,140.331,16004.652,2245.942
1310.000,CR,252.245,52.774,45713.169,6229.743,140.331,16004.652,2245.942
1311.000,CR,252.245,52.774,45713.169,6229.743,140.331,16004.652,2245.942
1312.000,CR,252.245,52.774,45713.169,6229.743,140.331,16004.652,2245.942
1313.000,CR,252.245,52.774,45713.169,6229.743,140.331,16004.652,2245.942
1314.000,CR,252.245,52.774,45713.169,6229.743,140.331,16004.652,2245.942
1315.000,CR,252.245,52.774,45713.169,6229.743,140.331,16004.652,2245.942
1316.000,CR,252.245,52.774,45713.169,6229.743,140.331,16004.652,2245.942
1317.000,CR,252.245,52.774,45713.169,6229.743,140.331,16004.652,2245.942
1318.000,CR,252.245,52.774,45713.169,6229.743,140.331,16004.652,2245.942
1319.000,CR,252.245,52.774,45713.169,6229.743,140.331,16004.652,2245.942
1320.000,CR,252.245,52.774,45713.169,6229.743,140.331,16004.652,2245.942
1321.000,CR,252.245,52.774,45713.169,6229.743,140.331,16004.652,2245.942
1322.000,CR,252.245,52.774,45713.169,6229.743,140.331,16004.652,2245.942
1323.000,CR,252.245,52.774,45713.169,6229.743,140.331,16004.652,2245.942
1324.000,CR,252.245,52.774,45713.169,6229.743,140.331,16004.652,2245.942
1325.000,CR,252.245,52.774,45713.169,6229.743,140.331,16004.652,2245.942
1326.000,CR,252.245,52.774,45713.169,6229.743,140.331,16004.652,2245.942
1327.000,CR,252.245,52.774,45713.169,6229.743,140.331,16004.652,2245.942
1328.000,CR,252.245,52.774,45713.169,6229.743,140.331,16004.652,2245.942
1329.000,CR,252.245,52.774,45713.169,6229.743,140.331,16004.652,2245.942
1330.000,CR,252.245,52.774,45713.169,6229.743,140.331,16004.652,2245.942
1331.000,CR,252.245,52.774,45713.169,6229.743,140.331,16004.652,2245.942
1332.000,CR,252.245,52.774,45713.169,6229.743,140.331,16004.652,2245.942
1333.000,CR,252.245,52.774,45713.169,6229.743,140.331,16004.652,2245.942
1334.000,CR,252.245,52.774,45713.169,6229.743,140.331,16004.652,2245.942
1335.000,CR,252.245,52.774,45713.169,6229.743,140.331,16004.652,2245.942
1336.000,CR,252.245,52.774,45713.169,6229.743,140.331,16004.652,2245.942
1337.000,CR,252.245,52.774,45713.169,6229.743,140.331,16004.652,2245.942
1338.000,CR,252.245,52.774,45713.169,6229.743,140.331,16004.652,2245.942
1339.000,CR,252.245,52.774,45713.169,6229.743,140.331,16004.652,2245.942
1340.000,CR,252.245,52.774,45713.169,6229.743,140.331,16004.652,2245.942
1341.000,CR,252.245,52.774,45713.169,6229.743,140.331,16004.652,2245.942
1342.000,CR,252.245,52.774,45713.169,6229.743,140.331,16004.652,2245.942
1343.000,CR,252.245,52.774,45713.169,6229.743,140.331,16004.652,2245.942
1344.000,CR,252.245,52.774,45713.169,6229.743,140.331,16004.652,2245.942
1345.000,CR,252.245,52.774,45713.169,6229.743,140.331,16004.652,2245.942
1346.000,CR,252.245,52.774,45713.169,6229.743,140.331,16004.652,2245.942
1347.000,CR,252.245,52.774,45713.169,6229.743,140.331,16004.652,2245.942
1348.000,CR,252.245,52.774,45713.169,6229.743,140.331,16004.652,2245.942
1349.000,CR,252.245,52.774,45713.169,6229.743,140.331,16004.652,2245.942
1350.000,CR,252.245,52.774,45713.169,6229.743,140.331,16004.652,2245.942
1351.000,CR,252.245,52.774,45713.169,6229.743,140.331,16004.652,2245.942
1352.000,CR,252.245,52.774,45713.169,6229.743,140.331,16004.652,2245.942
1353.000,CR,252.245,52.774,45713.169,6229.743,140.331,16004.652,2245.942
1354.000,CR,252.245,52.774,45713.169,6229.743,140.331,16004.652,2245.942
1355.000,CR,252.245,52.774,45713.169,6229.743,140.331,16004.652,2245.942
1356.000,CR,252.245,52.774,45713.169,6229.743,140.331,16004.652,2245.942
1357.000,CR,252.245,52.774,45713.169,6229.743,140.331,16004.652,2245.942
1358.000,CR,252.245,52.774,45713.169,6229.743,140.331,16004.652,2245.942
1359.000,CR,252.245,52.774,45713.169,6229.743,140.331,16004.652,2245.942
1360.000,CR,252.245,52.774,45713.169,6229.743,140.331,16004.652,2245.942
1361.000,CR,252.245,52.774,45713.169,6229.743,140.331,16004.652,2245.942
1362.000,CR,252.245,52.774,45713.169,6229.743,140.331,16004.652,2245.942
1363.000,CR,252.245,52.774,45713.169,6229.743,140.331,16004.652,2245.942
1364.000,CR,252.245,52.774,45713.169,6229.743,140.331,16004.652,2245.942
1365.000,CR,252.245,52.774,45713.169,6229.743,140.331,16004.652,2245.942
1366.000,CR,252.245,52.774,45713.169,6229.743,140.331,16004.652,2245.942
1367.000,CR,252.245,52.774,45713.169,6229.743,140.331,16004.652,2245.942
1368.000,CR,252.245,52.774,45713.169,6229.743,140.331,16004.652,2245.942
1369.000,CR,252.245,52.774,45713.169,6229.743,140.331,16004.652,2245.942
1370.000,CR,252.245,52.774,45713.169,6229.743,140.331,16004.652,2245.942
1371.000,CR,252.245,52.774,45713.169,6229.743,140.331,16004.652,2245.942
1372.000,CR,252.245,52.774,45713.169,6229.743,140.331,16004.652,2245.942
1373.000,CR,252.245,52.774,45713.169,6229.743,140.331,16004.652,2245.942
1374.000,CR,252.245,52.774,45713.169,6229.743,140.331,16004.652,2245.942
1375.000,CR,252.245,52.774,45713.169,6229.743,140.331,16004.652,2245.942
1376.000,CR,252.245,52.774,45713.169,6229.743,140.331,16004.652,2245.942
1377.000,CR,252.245,52.774,45713.169,6229.743,140.331,16004.652,2245.942
1378.000,CR,252.245,52.774,45713.169,6229.743,140.331,16004.652,2245.942
1379.000,CR,252.245,52.774,45713.169,6229.743,140.331,16004.652,2245.942
1380.000,CR,252.245,52.774,45713.169,6229.743,140.331,16004.652,2245.942
1381.000,CR,252.245,52.774,45713.169,6229.743,140.331,16004.652,2245.942
1382.000,CR,252.245,52.774,45713.169,6229.743,140.331,16004.652,2245.942
1383.000,CR,252.245,52.774,45713.169,6229.743,140.331,16004.652,2245.942
1384.000,CR,252.245,52.774,45713.169,6229.743,140.331,16004.652,2245.942
1385.000,CR,252.245,52.774,45713.169,6229.743,140.331,16004.652,2245.942
1386.000,CR,252.245,52.774,45713.169,6229.743,140.331,16004.652,2245.942
1387.000,CR,252.245,52.774,45713.169,6229.743,140.331,16004.652,2245.942
1388.000,CR,252.245,52.774,45713.169,6229.743,140.331,16004.652,2245.942
1389.000,CR,252.245,52.774,45713.169,6229.743,140.331,16004.652,2245.942
1390.000,CR,252.245,52.774,45713.169,6229.743,140.331,16004.652,2245.942
1391.000,CR,252.245,52.774,45713.169,6229.743,140.331,16004.652,2245.942
1392.000,CR,252.245,52.774,45713.169,6229.743,140.331,16004.652,2245.942
1393.000,CR,252.245,52.774,45713.169,6229.743,140.331,16004.652,2245.942
1394.000,CR,252.245,52.774,45713.169,6229.743,140.331,16004.652,2245.942
1395.000,CR,252.245,52.774,45713.169,6229.743,140.331,16004.652,2245.942
1396.000,CR,252.245,52.774,45713.169,6229.743,140.331,16004.652,2245.942
1397.000,CR,252.245,52.774,45713.169,6229.743,140.331,16004.652,2245.942
1398.000,CR,252.245,52.774,45713.169,6229.743,140.331,16004.652,2245.942
1399.000,CR,252.245,52.774,45713.169,6229.743,140.331,16004.652,2245.942
1400.000,CR,252.245,52.774,45713.169,6229.743,140.331,16004.652,2245.942
1401.000,CR,252.245,52.774,45713.169,6229.743,140.331,16004.652,2245.942
1402.000,CR,252.245,52.774,45713.169,6229.743,140.331,16004.652,2245.942
1403.000,CR,252.245,52.774,45713.169,6229.743,140.331,16004.652,2245.942
1404.000,CR,252.245,52.774,45713.169,6229.743,140.331,16004.652,2245.942
1405.000,CR,252.245,52.774,45713.169,6229.743,140.331,16004.652,2245.942
1406.000,CR,252.245,52.774,45713.169,6229.743,140.331,16004.652,2245.942
1407.000,CR,252.245,52.774,45713.169,6229.743,140.331,16004.652,2245.942
1408.000,CR,252.245,52.774,45713.169,6229.743,140.331,16004.652,2245.942
1409.000,CR,252.245,52.774,45713.169,6229.743,140.331,16004.652,2245.942
1410.000,CR,252.245,52.774,45713.169,6229.743,140.331,16004.652,2245.942
1411.000,CR,252.245,52.774,45713.169,6229.743,140.331,16004.652,2245.942
1412.000,CR,252.245,52.774,45713.169,6229.743,140.331,16004.652,2245.942
1413.000,CR,252.245,52.774,45713.169,6229.743,140.331,16004.652,2245.942
1414.000,CR,252.245,52.774,45713.169,6229.743,140.331,16004.652,2245.942
1415.000,CR,252.245,52.774,45713.169,6229.743,140.331,16004.652,2245.942
1416.000,CR,252.245,52.774,45713.169,6229.743,140.331,16004.652,2245.942
1417.000,CR,252.245,52.774,45713.169,6229.743,140.331,16004.652,2245.942
1418.000,CR,252.245,52.774,45713.169,6229.743,140.331,16004.652,2245.942
1419.000,CR,252.245,52.774,45713.169,6229.743,140.331,16004.652,2245.942
1420.000,CR,252.245,52.774,45713.169,6229.743,140.331,16004.652,2245.942
1421.000,CR,252.245,52.774,45713.169,6229.743,140.331,16004.652,2245.942
1422.000,CR,252.245,52.774,45713.169,6229.743,140.331,16004.652,2245.942
1423.000,CR,252.245,52.774,45713.169,6229.743,140.331,16004.652,2245.942
1424.000,CR,252.245,52.774,45713.169,6229.743,140.331,16004.652,2245.942
1425.000,CR,252.245,52.774,45713.169,6229.743,140.331,16004.652,2245.942
1426.000,CR,252.245,52.774,45713.169,6229.743,140.331,16004.652,2245.942
1427.000,CR,252.245,52.774,45713.169,6229.743,140.331,16004.652,2245.942
1428.000,CR,252.245,52.774,45713.169,6229.743,140.331,16004.652,2245.942
1429.000,CR,252.245,52.774,45713.169,6229.743,140.331,16004.652,2245.942
1430.000,CR,252.245,52.774,45713.169,6229.743,140.331,16004.652,2245.942
1431.000,CR,252.245,52.774,45713.169,6229.743,140.331,16004.652,2245.942
1432.000,CR,252.245,52.774,45713.169,6229.743,140.331,16004.652,2245.942
1433.000,CR,252.245,52.774,45713.169,6229.743,140.331,16004.652,2245.942
1434.000,CR,252.245,52.774,45713.169,6229.743,140.331,16004.652,2245.942
1435.000,CR,252.245,52.774,45713.169,6229.743,140.331,16004.652,2245.942
1436.000,CR,252.245,52.774,45713.169,6229.743,140.331,16004.652,2245.942
1437.000,CR,252.245,52.774,45713.169,6229.743,140.331,16004.652,2245.942
1438.000,CR,252.245,52.774,45713.169,6229.743,140.331,16004.652,2245.942
1439.000,CR,252.245,52.774,45713.169,6229.743,140.331,16004.652,2245.942
1440.000,CR,252.245,52.774,45713.169,6229.743,140.331,16004.652,2245.942
1441.000,CR,252.245,52.774,45713.169,6229.743,140.331,16004.652,2245.942
1442.000,CR,252.245,52.774,45713.169,6229.743,140.331,16004.652,2245.942
1443.000,CR,252.245,52.774,45713.169,6229.743,140.331,16004.652,2245.942
1444.000,CR,252.245,52.774,45713.169,6229.743,140.331,16004.652,2245.942
1445.000,CR,252.245,52.774,45713.169,6229.743,140.331,16004.652,2245.942
1446.000,CR,252.245,52.774,45713.169,6229.743,140.331,16004.652,2245.942
1447.000,CR,252.245,52.774,45713.169,6229.743,140.331,16004.652,2245.942
1448.000,CR,252.245,52.774,45713.169,6229.743,140.331,16004.652,2245.942
1449.000,CR,252.245,52.774,45713.169,6229.743,140.331,16004.652,2245.942
1450.000,CR,252.245,52.774,45713.169,6229.743,140.331,16004.652,2245.942
1451.000,CR,252.245,52.774,45713.169,6229.743,140.331,16004.652,2245.942
1452.000,CR,252.245,52.774,45713.169,6229.743,140.331,16004.652,2245.942
1453.000,CR,252.245,52.774,45713.169,6229.743,140.331,16004.652,2245.942
1454.000,CR,252.245,52.774,45713.169,6229.743,140.331,16004.652,2245.942
1455.000,CR,252.245,52.774,45713.169,6229.743,140.331,16004.652,2245.942
1456.000,CR,252.245,52.774,45713.169,6229.743,140.331,16004.652,2245.942
1457.000,CR,252.245,52.774,45713.169,6229.743,140.331,16004.652,2245.942
1458.000,CR,252.245,52.774,45713.169,6229.743,140.331,16004.652,2245.942
1459.000,CR,252.245,52.774,45713.169,6229.743,140.331,16004.652,2245.942
1460.000,CR,252.245,52.774,45713.169,6229.743,140.331,16004.652,2245.942
1461.000,CR,252.245,52.774,45713.169,6229.743,140.331,16004.652,2245.942
1462.000,CR,252.245,52.774,45713.169,6229.743,140.331,16004.652,2245.942
1463.000,CR,252.245,52.774,45713.169,6229.743,140.331,16004.652,2245.942
1464.000,CR,252.245,52.774,45713.169,6229.743,140.331,16004.652,2245.942
1465.000,CR,252.245,52.774,45713.169,6229.743,140.331,16004.652,2245.942
1466.000,CR,252.245,52.774,45713.169,6229.743,140.331,16004.652,2245.942
1467.000,CR,252.245,52.774,45713.169,6229.743,140.331,16004.652,2245.942
1468.000,CR,252.245,52.774,45713.169,6229.743,140.331,16004.652,2245.942
1469.000,CR,252.245,52.774,45713.169,6229.743,140.331,16004.652,2245.942
1470.000,CR,252.245,52.774,45713.169,6229.743,140.331,16004.652,2245.942
1471.000,CR,252.245,52.774,45713.169,6229.743,140.331,16004.652,2245.942
1472.000,CR,252.245,52.774,45713.169,6229.743,140.331,16004.652,2245.942
1473.000,CR,252.245,52.774,45713.169,6229.743,140.331,16004.652,2245.942
1474.000,CR,252.245,52.774,45713.169,6229.743,140.331,16004.652,2245.942
1475.000,CR,252.245,52.774,45713.169,6229.743,140.331,16004.652,2245.942
1476.000,CR,252.245,52.774,45713.169,6229.743,140.331,16004.652,2245.942
1477.000,CR,252.245,52.774,45713.169,6229.743,140.331,16004.652,2245.942
1478.000,CR,252.245,52.774,45713.169,6229.743,140.331,16004.652,2245.942
1479.000,CR,252.245,52.774,45713.169,6229.743,140.331,16004.652,2245.942
1480.000,CR,252.245,52.774,45713.169,6229.743,140.331,16004.652,2245.942
1481.000,CR,252.245,52.774,45713.169,6229.743,140.331,16004.652,2245.942
1482.000,CR,252.245,52.774,45713.169,6229.743,140.331,16004.652,2245.942
1483.000,CR,252.245,52.774,45713.169,6229.743,140.331,16004.652,2245.942
1484.000,CR,252.245,52.774,45713.169,6229.743,140.331,16004.652,2245.942
1485.000,CR,252.245,52.774,45713.169,6229.743,140.331,16004.652,2245.942
1486.000,CR,252.245,52.774,45713.169,6229.743,140.331,16004.652,2245.942
1487.000,CR,252.245,52.774,45713.169,6229.743,140.331,16004.652,2245.942
1488.000,CR,252.245,52.774,45713.169,6229.743,140.331,16004.652,2245.942
1489.000,CR,252.245,52.774,45713.169,6229.743,140.331,16004.652,2245.942
1490.000,CR,252.245,52.774,45713.169,6229.743,140.331,16004.652,2245.942
1491.000,CR,252.245,52.774,45713.169,6229.743,140.331,16004.652,2245.942
1492.000,CR,252.245,52.774,45713.169,6229.743,140.331,16004.652,2245.942
1493.000,CR,252.245,52.774,45713.169,6229.743,140.331,16004.652,2245.942
1494.000,CR,252.245,52.774,45713.169,6229.743,140.331,16004.652,2245.942
1495.000,CR,252.245,52.774,45713.169,6229.743,140.331,16004.652,2245.942
1496.000,CR,252.245,52.774,45713.169,6229.743,140.331,16004.652,2245.942
1497.000,CR,252.245,52.774,45713.169,6229.743,140.331,16004.652,2245.942
1498.000,CR,252.245,52.774,45713.169,6229.743,140.331,16004.652,2245.942
1499.000,CR,252.245,52.774,45713.169,6229.743,140.331,16004.652,2245.942
1500.000,CR,252.245,52.774,45713.169,6229.743,140.331,16004.652,2245.942
1501.000,CR,252.245,52.774,45713.169,6229.743,140.331,16004.652,2245.942
1502.000,CR,252.245,52.774,45713.169,6229.743,140.331,16004.652,2245.942
1503.000,CR,252.245,52.774,45713.169,6229.743,140.331,16004.652,2245.942
1504.000,CR,252.245,52.774,45713.169,6229.743,140.331,16004.652,2245.942
1505.000,CR,252.245,52.774,45713.169,6229.743,140.331,16004.652,2245.942
1506.000,CR,252.245,52.774,45713.169,6229.743,140.331,16004.652,2245.942
1507.000,CR,252.245,52.774,45713.169,6229.743,140.331,16004.652,2245.942
1508.000,CR,252.245,52.774,45713.169,6229.743,140.331,16004.652,2245.942
1509.000,CR,252.245,52.774,45713.169,6229.743,140.331,16004.652,2245.942
1510.000,CR,252.245,52.774,45713.169,6229.743,140.331,16004.652,2245.942
1511.000,CR,252.245,52.774,45713.169,6229.743,140.331,16004.652,2245.942
1512.000,CR,252.245,52.774,45713.169,6229.743,140.331,16004.652,2245.942
1513.000,CR,252.245,52.774,45713.169,6229.743,140.331,16004.652,2245.942
1514.000,CR,252.245,52.774,45713.169,6229.743,140.331,16004.652,2245.942
1515.000,CR,252.245,52.774,45713.169,6229.743,140.331,16004.652,2245.942
1516.000,CR,252.245,52.774,45713.169,6229.743,140.331,16004.652,2245.942
1517.000,CR,252.245,52.774,45713.169,6229.743,140.331,16004.652,2245.942
1518.000,CR,252.245,52.774,45713.169,6229.743,140.331,16004.652,2245.942
1519.000,CR,252.245,52.774,45713.169,6229.743,140.331,16004.652,2245.942
1520.000,CR,252.245,52.774,45713.169,6229.743,140.331,16004.652,2245.942
1521.000,CR,252.245,52.774,45713.169,6229.743,140.331,16004.652,2245.942
1522.000,CR,252.245,52.774,45713.169,6229.743,140.331,16004.652,2245.942
1523.000,CR,252.245,52.774,45713.169,6229.743,140.331,16004.652,2245.942
1524.000,CR,252.245,52.774,45713.169,6229.743,140.331,16004.652,2245.942
1525.000,CR,252.245,52.774,45713.169,6229.743,140.331,16004.652,2245.942
1526.000,CR,252.245,52.774,45713.169,6229.743,140.331,16004.652,2245.942
1527.000,CR,252.245,52.774,45713.169,6229.743,140.331,16004.652,2245.942
1528.000,CR,252.245,52.774,45713.169,6229.743,140.331,16004.652,2245.942
1529.000,CR,252.245,52.774,45713.169,6229.743,140.331,16004.652,2245.942
1530.000,CR,252.245,52.774,45713.169,6229.743,140.331,16004.652,2245.942
1531.000,CR,252.245,52.774,45713.169,6229.743,140.331,16004.652,2245.942
1532.000,CR,252.245,52.774,45713.169,6229.743,140.331,16004.652,2245.942
1533.000,CR,252.245,52.774,45713.169,6229.743,140.331,16004.652,2245.942
1534.000,CR,252.245,52.774,45713.169,6229.743,140.331,16004.652,2245.942
1535.000,CR,252.245,52.774,45713.169,6229.743,140.331,16004.652,2245.942
1536.000,CR,252.245,52.774,45713.169,6229.743,140.331,16004.652,2245.942
1537.000,CR,252.245,52.774,45713.169,6229.743,140.331,16004.652,2245.942
1538.000,CR,252.245,52.774,45713.169,6229.743,140.331,16004.652,2245.942
1539.000,CR,252.245,52.774,45713.169,6229.743,140.331,16004.652,2245.942
1540.000,CR,252.245,52.774,45713.169,6229.743,140.331,16004.652,2245.942
1541.000,CR,252.245,52.774,45713.169,6229.743,140.331,16004.652,2245.942
1542.000,CR,252.245,52.774,45713.169,6229.743,140.331,16004.652,2245.942
1543.000,CR,252.245,52.774,45713.169,6229.743,140.331,16004.652,2245.942
1544.000,CR,252.245,52.774,45713.169,6229.743,140.331,16004.652,2245.942
1545.000,CR,252.245,52.774,45713.169,6229.743,140.331,16004.652,2245.942
1546.000,CR,252.245,52.774,45713.169,6229.743,140.331,16004.652,2245.942
1547.000,CR,252.245,52.774,45713.169,6229.743,140.331,16004.652,2245.942
1548.000,CR,252.245,52.774,45713.169,6229.743,140.331,16004.652,2245.942
1549.000,CR,252.245,52.774,45713.169,6229.743,140.331,16004.652,2245.942
1550.000,CR,252.245,52.774,45713.169,6229.743,140.331,16004.652,2245.942
1551.000,CR,252.245,52.774,45713.169,6229.743,140.331,16004.652,2245.942
1552.000,CR,252.245,52.774,45713.169,6229.743,140.331,16004.652,2245.942
1553.000,CR,252.245,52.774,45713.169,6229.743,140.331,16004.652,2245.942
1554.000,CR,252.245,52.774,45713.169,6229.743,140.331,16004.652,2245.942
1555.000,CR,252.245,52.774,45713.169,6229.743,140.331,16004.652,2245.942
1556.000,CR,252.245,52.774,45713.169,6229.743,140.331,16004.652,2245.942
1557.000,CR,252.245,52.774,45713.169,6229.743,140.331,16004.652,2245.942
1558.000,CR,252.245,52.774,45713.169,6229.743,140.331,16004.652,2245.942
1559.000,CR,252.245,52.774,45713.169,6229.743,140.331,16004.652,2245.942
1560.000,CR,252.245,52.774,45713.169,6229.743,140.331,16004.652,2245.942
1561.000,CR,252.245,52.774,45713.169,6229.743,140.331,16004.652,2245.942
1562.000,CR,252.245,52.774,45713.169,6229.743,140.331,16004.652,2245.942
1563.000,CR,252.245,52.774,45713.169,6229.743,140.331,16004.652,2245.942
1564.000,CR,252.245,52.774,45713.169,6229.743,140.331,16004.652,2245.942
1565.000,CR,252.245,52.774,45713.169,6229.743,140.331,16004.652,2245.942
1566.000,CR,252.245,52.774,45713.169,6229.743,140.331,16004.652,2245.942
1567.000,CR,252.245,52.774,45713.169,6229.743,140.331,16004.652,2245.942
1568.000,CR,252.245,52.774,45713.169,6229.743,140.331,16004.652,2245.942
1569.000,CR,252.245,52.774,45713.169,6229.743,140.331,16004.652,2245.942
1570.000,CR,252.245,52.774,45713.169,6229.743,140.331,16004.652,2245.942
1571.000,CR,252.245,52.774,45713.169,6229.743,140.331,16004.652,2245.942
1572.000,CR,252.245,52.774,45713.169,6229.743,140.331,16004.652,2245.942
1573.000,CR,252.245,52.774,45713.169,6229.743,140.331,16004.652,2245.942
1574.000,CR,252.245,52.774,45713.169,6229.743,140.331,16004.652,2245.942
1575.000,CR,252.245,52.774,45713.169,6229.743,140.331,16004.652,2245.942
1576.000,CR,252.245,52.774,45713.169,6229.743,140.331,16004.652,2245.942
1577.000,CR,252.245,52.774,45713.169,6229.743,140.331,16004.652,2245.942
1578.000,CR,252.245,52.774,45713.169,6229.743,140.331,16004.652,2245.942
1579.000,CR,252.245,52.774,45713.169,6229.743,140.331,16004.652,2245.942
1580.000,CR,252.245,52.774,45713.169,6229.743,140.331,16004.652,2245.942
1581.000,CR,252.245,52.774,45713.169,6229.743,140.331,16004.652,2245.942
1582.000,CR,252.245,52.774,45713.169,6229.743,140.331,16004.652,2245.942
1583.000,CR,252.245,52.774,45713.169,6229.743,140.331,16004.652,2245.942
1584.000,CR,252.245,52.774,45713.169,6229.743,140.331,16004.652,2245.942
1585.000,CR,252.245,52.774,45713.169,6229.743,140.331,16004.652,2245.942
1586.000,CR,252.245,52.774,45713.169,6229.743,140.331,16004.652,2245.942
1587.000,CR,252.245,52.774,45713.169,6229.743,140.331,16004.652,2245.942
1588.000,CR,252.245,52.774,45713.169,6229.743,140.331,16004.652,2245.942
1589.000,CR,252.245,52.774,45713.169,6229.743,140.331,16004.652,2245.942
1590.000,CR,252.245,52.774,45713.169,6229.743,140.331,16004.652,2245.942
1591.000,CR,252.245,52.774,45713.169,6229.743,140.331,16004.652,2245.942
1592.000,CR,252.245,52.774,45713.169,6229.743,140.331,16004.652,2245.942
1593.000,CR,252.245,52.774,45713.169,6229.743,140.331,16004.652,2245.942
1594.000,CR,252.245,52.774,45713.169,6229.743,140.331,16004.652,2245.942
1595.000,CR,252.245,52.774,45713.169,6229.743,140.331,16004.652,2245.942
1596.000,CR,252.245,52.774,45713.169,6229.743,140.331,16004.652,2245.942
1597.000,CR,252.245,52.774,45713.169,6229.743,140.331,16004.652,2245.942
1598.000,CR,252.245,52.774,45713.169,6229.743,140.331,16004.652,2245.942
1599.000,CR,252.245,52.774,45713.169,6229.743,140.331,16004.652,2245.942
1600.000,CR,252.245,52.774,45713.169,6229.743,140.331,16004.652,2245.942
1601.000,CR,252.245,52.774,45713.169,6229.743,140.331,16004.652,2245.942
1602.000,CR,252.245,52.774,45713.169,6229.743,140.331,16004.652,2245.942
1603.000,CR,252.245,52.774,45713.169,6229.743,140.331,16004.652,2245.942
1604.000,CR,252.245,52.774,45713.169,6229.743,140.331,16004.652,2245.942
1605.000,CR,252.245,52.774,45713.169,6229.743,140.331,16004.652,2245.942
1606.000,CR,252.245,52.774,45713.169,6229.743,140.331,16004.652,2245.942
1607.000,CR,252.245,52.774,45713.169,6229.743,140.331,16004.652,2245.942
1608.000,CR,252.245,52.774,45713.169,6229.743,140.331,16004.652,2245.942
1609.000,CR,252.245,52.774,45713.169,6229.743,140.331,16004.652,2245.942
1610.000,CR,252.245,52.774,45713.169,6229.743,140.331,16004.652,2245.942
1611.000,CR,252.245,52.774,45713.169,6229.743,140.331,16004.652,2245.942
1612.000,CR,252.245,52.774,45713.169,6229.743,140.331,16004.652,2245.942
1613.000,CR,252.245,52.774,45713.169,6229.743,140.331,16004.652,2245.942
1614.000,CR,252.245,52.774,45713.169,6229.743,140.331,16004.652,2245.942
1615.000,CR,252.245,52.774,45713.169,6229.743,140.331,16004.652,2245.942
1616.000,CR,252.245,52.774,45713.169,6229.743,140.331,16004.652,2245.942
1617.000,CR,252.245,52.774,45713.169,6229.743,140.331,16004.652,2245.942
1618.000,CR,252.245,52.774,45713.169,6229.743,140.331,16004.652,2245.942
1619.000,CR,252.245,52.774,45713.169,6229.743,140.331,16004.652,2245.942
1620.000,CR,252.245,52.774,45713.169,6229.743,140.331,16004.652,2245.942
1621.000,CR,252.245,52.774,45713.169,6229.743,140.331,16004.652,2245.942
1622.000,CR,252.245,52.774,45713.169,6229.743,140.331,16004.652,2245.942
1623.000,CR,252.245,52.774,45713.169,6229.743,140.331,16004.652,2245.942
1624.000,CR,252.245,52.774,45713.169,6229.743,140.331,16004.652,2245.942
1625.000,CR,252.245,52.774,45713.169,6229.743,140.331,16004.652,2245.942
1626.000,CR,252.245,52.774,45713.169,6229.743,140.331,16004.652,2245.942
1627.000,CR,252.245,52.774,45713.169,6229.743,140.331,16004.652,2245.942
1628.000,CR,252.245,52.774,45713.169,6229.743,140.331,16004.652,2245.942
1629.000,CR,252.245,52.774,45713.169,6229.743,140.331,16004.652,2245.942
1630.000,CR,252.245,52.774,45713.169,6229.743,140.331,16004.652,2245.942
1631.000,CR,252.245,52.774,45713.169,6229.743,140.331,16004.652,2245.942
1632.000,CR,252.245,52.774,45713.169,6229.743,140.331,16004.652,2245.942
1633.000,CR,252.245,52.774,45713.169,6229.743,140.331,16004.652,2245.942
1634.000,CR,252.245,52.774,45713.169,6229.743,140.331,16004.652,2245.942
1635.000,CR,252.245,52.774,45713.169,6229.743,140.331,16004.652,2245.942
1636.000,CR,252.245,52.774,45713.169,6229.743,140.331,16004.652,2245.942
1637.000,CR,252.245,52.774,45713.169,6229.743,140.331,16004.652,2245.942
1638.000,CR,252.245,52.774,45713.169,6229.743,140.331,16004.652,2245.942
1639.000,CR,252.245,52.774,45713.169,6229.743,140.331,16004.652,2245.942
1640.000,CR,252.245,52.774,45713.169,6229.743,140.331,16004.652,2245.942
1641.000,CR,252.245,52.774,45713.169,6229.743,140.331,16004.652,2245.942
1642.000,CR,252.245,52.774,45713.169,6229.743,140.331,16004.652,2245.942
1643.000,CR,252.245,52.774,45713.169,6229.743,140.331,16004.652,2245.942
1644.000,CR,252.245,52.774,45713.169,6229.743,140.331,16004.652,2245.942
1645.000,CR,252.245,52.774,45713.169,6229.743,140.331,16004.652,2245.942
1646.000,CR,252.245,52.774,45713.169,6229.743,140.331,16004.652,2245.942
1647.000,CR,252.245,52.774,45713.169,6229.743,140.331,16004.652,2245.942
1648.000,CR,252.245,52.774,45713.169,6229.743,140.331,16004.652,2245.942
1649.000,CR,252.245,52.774,45713.169,6229.743,140.331,16004.652,2245.942
1650.000,CR,252.245,52.774,45713.169,6229.743,140.331,16004.652,2245.942
1651.000,CR,252.245,52.774,45713.169,6229.743,140.331,16004.652,2245.942
1652.000,CR,252.245,52.774,45713.169,6229.743,140.331,16004.652,2245.942
1653.000,CR,252.245,52.774,45713.169,6229.743,140.331,16004.652,2245.942
1654.000,CR,252.245,52.774,45713.169,6229.743,140.331,16004.652,2245.942
1655.000,CR,252.245,52.774,45713.169,6229.743,140.331,16004.652,2245.942
1656.000,CR,252.245,52.774,45713.169,6229.743,140.331,16004.652,2245.942
1657.000,CR,252.245,52.774,45713.169,6229.743,140.331,16004.652,2245.942
1658.000,CR,252.245,52.774,45713.169,6229.743,140.331,16004.652,2245.942
1659.000,CR,252.245,52.774,45713.169,6229.743,140.331,16004.652,2245.942
1660.000,CR,252.245,52.774,45713.169,6229.743,140.331,16004.652,2245.942
1661.000,CR,252.245,52.774,45713.169,6229.743,140.331,16004.652,2245.942
1662.000,CR,252.245,52.774,45713.169,6229.743,140.331,16004.652,2245.942
1663.000,CR,252.245,52.774,45713.169,6229.743,140.331,16004.652,2245.942
1664.000,CR,252.245,52.774,45713.169,6229.743,140.331,16004.652,2245.942
1665.000,CR,252.245,52.774,45713.169,6229.743,140.331,16004.652,2245.942
1666.000,CR,252.245,52.774,45713.169,6229.743,140.331,16004.652,2245.942
1667.000,CR,252.245,52.774,45713.169,6229.743,140.331,16004.652,2245.942
1668.000,CR,252.245,52.774,45713.169,6229.743,140.331,16004.652,2245.942
1669.000,CR,252.245,52.774,45713.169,6229.743,140.331,16004.652,2245.942
1670.000,CR,252.245,52.774,45713.169,6229.743,140.331,16004.652,2245.942
1671.000,CR,252.245,52.774,45713.169,6229.743,140.331,16004.652,2245.942
1672.000,CR,252.245,52.774,45713.169,6229.743,140.331,16004.652,2245.942
1673.000,CR,252.245,52.774,45713.169,6229.743,140.331,16004.652,2245.942
1674.000,CR,252.245,52.774,45713.169,6229.743,140.331,16004.652,2245.942
1675.000,CR,252.245,52.774,45713.169,6229.743,140.331,16004.652,2245.942
1676.000,CR,252.245,52.774,45713.169,6229.743,140.331,16004.652,2245.942
1677.000,CR,252.245,52.774,45713.169,6229.743,140.331,16004.652,2245.942
1678.000,CR,252.245,52.774,45713.169,6229.743,140.331,16004.652,2245.942
1679.000,CR,252.245,52.774,45713.169,6229.743,140.331,16004.652,2245.942
1680.000,CR,252.245,52.774,45713.169,6229.743,140.331,16004.652,2245.942
1681.000,CR,252.245,52.774,45713.169,6229.743,140.331,16004.652,2245.942
1682.000,CR,252.245,52.774,45713.169,6229.743,140.331,16004.652,2245.942
1683.000,CR,252.245,52.774,45713.169,6229.743,140.331,16004.652,2245.942
1684.000,CR,252.245,52.774,45713.169,6229.743,140.331,16004.652,2245.942
1685.000,CR,252.245,52.774,45713.169,6229.743,140.331,16004.652,2245.942
1686.000,CR,252.245,52.774,45713.169,6229.743,140.331,16004.652,2245.942
1687.000,CR,252.245,52.774,45713.169,6229.743,140.331,16004.652,2245.942
1688.000,CR,252.245,52.774,45713.169,6229.743,140.331,16004.652,2245.942
1689.000,CR,252.245,52.774,45713.169,6229.743,140.331,16004.652,2245.942
1690.000,CR,252.245,52.774,45713.169,6229.743,140.331,16004.652,2245.942
1691.000,CR,252.245,52.774,45713.169,6229.743,140.331,16004.652,2245.942
1692.000,CR,252.245,52.774,45713.169,6229.743,140.331,16004.652,2245.942
1693.000,CR,252.245,52.774,45713.169,6229.743,140.331,16004.652,2245.942
1694.000,CR,252.245,52.774,45713.169,6229.743,140.331,16004.652,2245.942
1695.000,CR,252.245,52.774,45713.169,6229.743,140.331,16004.652,2245.942
1696.000,CR,252.245,52.774,45713.169,6229.743,140.331,16004.652,2245.942
1697.000,CR,252.245,52.774,45713.169,6229.743,140.331,16004.652,2245.942
1698.000,CR,252.245,52.774,45713.169,6229.743,140.331,16004.652,2245.942
1699.000,CR,252.245,52.774,45713.169,6229.743,140.331,16004.652,2245.942
1700.000,CR,252.245,52.774,45713.169,6229.743,140.331,16004.652,2245.942
1701.000,CR,252.245,52.774,45713.169,6229.743,140.331,16004.652,2245.942
1702.000,CR,252.245,52.774,45713.169,6229.743,140.331,16004.652,2245.942
1703.000,CR,252.245,52.774,45713.169,6229.743,140.331,16004.652,2245.942
1704.000,CR,252.245,52.774,45713.169,6229.743,140.331,16004.652,2245.942
1705.000,CR,252.245,52.774,45713.169,6229.743,140.331,16004.652,2245.942
1706.000,CR,252.245,52.774,45713.169,6229.743,140.331,16004.652,2245.942
1707.000,CR,252.245,52.774,45713.169,6229.743,140.331,16004.652,2245.942
1708.000,CR,252.245,52.774,45713.169,6229.743,140.331,16004.652,2245.942
1709.000,CR,252.245,52.774,45713.169,6229.743,140.331,16004.652,2245.942
1710.000,CR,252.245,52.774,45713.169,6229.743,140.331,16004.652,2245.942
1711.000,CR,252.245,52.774,45713.169,6229.743,140.331,16004.652,2245.942
1712.000,CR,252.245,52.774,45713.169,6229.743,140.331,16004.652,2245.942
1713.000,CR,252.245,52.774,45713.169,6229.743,140.331,16004.652,2245.942
1714.000,CR,252.245,52.774,45713.169,6229.743,140.331,16004.652,2245.942
1715.000,CR,252.245,52.774,45713.169,6229.743,140.331,16004.652,2245.942
1716.000,CR,252.245,52.774,45713.169,6229.743,140.331,16004.652,2245.942
1717.000,CR,252.245,52.774,45713.169,6229.743,140.331,16004.652,2245.942
1718.000,CR,252.245,52.774,45713.169,6229.743,140.331,16004.652,2245.942
1719.000,CR,252.245,52.774,45713.169,6229.743,140.331,16004.652,2245.942
1720.000,CR,252.245,52.774,45713.169,6229.743,140.331,16004.652,2245.942
1721.000,CR,252.245,52.774,45713.169,6229.743,140.331,16004.652,2245.942
1722.000,CR,252.245,52.774,45713.169,6229.743,140.331,16004.652,2245.942
1723.000,CR,252.245,52.774,45713.169,6229.743,140.331,16004.652,2245.942
1724.000,CR,252.245,52.774,45713.169,6229.743,140.331,16004.652,2245.942
1725.000,CR,252.245,52.774,45713.169,6229.743,140.331,16004.652,2245.942
1726.000,CR,252.245,52.774,45713.169,6229.743,140.331,16004.652,2245.942
1727.000,CR,252.245,52.774,45713.169,6229.743,140.331,16004.652,2245.942
1728.000,CR,252.245,52.774,45713.169,6229.743,140.331,16004.652,2245.942
1729.000,CR,252.245,52.774,45713.169,6229.743,140.331,16004.652,2245.942
1730.000,CR,252.245,52.774,45713.169,6229.743,140.331,16004.652,2245.942
1731.000,CR,252.245,52.774,45713.169,6229.743,140.331,16004.652,2245.942
1732.000,CR,252.245,52.774,45713.169,6229.743,140.331,16004.652,2245.942
1733.000,CR,252.245,52.774,45713.169,6229.743,140.331,16004.652,2245.942
1734.000,CR,252.245,52.774,45713.169,6229.743,140.331,16004.652,2245.942
1735.000,CR,252.245,52.774,45713.169,6229.743,140.331,16004.652,2245.942
1736.000,CR,252.245,52.774,45713.169,6229.743,140.331,16004.652,2245.942
1737.000,CR,252.245,52.774,45713.169,6229.743,140.331,16004.652,2245.942
1738.000,CR,252.245,52.774,45713.169,6229.743,140.331,16004.652,2245.942
1739.000,CR,252.245,52.774,45713.169,6229.743,140.331,16004.652,2245.942
1740.000,CR,252.245,52.774,45713.169,6229.743,140.331,16004.652,2245.942
1741.000,CR,252.245,52.774,45713.169,6229.743,140.331,16004.652,2245.942
1742.000,CR,252.245,52.774,45713.169,6229.743,140.331,16004.652,2245.942
1743.000,CR,252.245,52.774,45713.169,6229.743,140.331,16004.652,2245.942
1744.000,CR,252.245,52.774,45713.169,6229.743,140.331,16004.652,2245.942
1745.000,CR,252.245,52.774,45713.169,6229.743,140.331,16004.652,2245.942
1746.000,CR,252.245,52.774,45713.169,6229.743,140.331,16004.652,2245.942
1747.000,CR,252.245,52.774,45713.169,6229.743,140.331,16004.652,2245.942
1748.000,CR,252.245,52.774,45713.169,6229.743,140.331,16004.652,2245.942
1749.000,CR,252.245,52.774,45713.169,6229.743,140.331,16004.652,2245.942
1750.000,CR,252.245,52.774,45713.169,6229.743,140.331,16004.652,2245.942
1751.000,CR,252.245,52.774,45713.169,6229.743,140.331,16004.652,2245.942
1752.000,CR,252.245,52.774,45713.169,6229.743,140.331,16004.652,2245.942
1753.000,CR,252.245,52.774,45713.169,6229.743,140.331,16004.652,2245.942
1754.000,CR,252.245,52.774,45713.169,6229.743,140.331,16004.652,2245.942
1755.000,CR,252.245,52.774,45713.169,6229.743,140.331,16004.652,2245.942
1756.000,CR,252.245,52.774,45713.169,6229.743,140.331,16004.652,2245.942
1757.000,CR,252.245,52.774,45713.169,6229.743,140.331,16004.652,2245.942
1758.000,CR,252.245,52.774,45713.169,6229.743,140.331,16004.652,2245.942
1759.000,CR,252.245,52.774,45713.169,6229.743,140.331,16004.652,2245.942
1760.000,CR,252.245,52.774,45713.169,6229.743,140.331,16004.652,2245.942
1761.000,CR,252.245,52.774,45713.169,6229.743,140.331,16004.652,2245.942
1762.000,CR,252.245,52.774,45713.169,6229.743,140.331,16004.652,2245.942
1763.000,CR,252.245,52.774,45713.169,6229.743,140.331,16004.652,2245.942
1764.000,CR,252.245,52.774,45713.169,6229.743,140.331,16004.652,2245.942
1765.000,CR,252.245,52.774,45713.169,6229.743,140.331,16004.652,2245.942
1766.000,CR,252.245,52.774,45713.169,6229.743,140.331,16004.652,2245.942
1767.000,CR,252.245,52.774,45713.169,6229.743,140.331,16004.652,2245.942
1768.000,CR,252.245,52.774,45713.169,6229.743,140.331,16004.652,2245.942
1769.000,CR,252.245,52.774,45713.169,6229.743,140.331,16004.652,2245.942
1770.000,CR,252.245,52.774,45713.169,6229.743,140.331,16004.652,2245.942
1771.000,CR,252.245,52.774,45713.169,6229.743,140.331,16004.652,2245.942
1772.000,CR,252.245,52.774,45713.169,6229.743,140.331,16004.652,2245.942
1773.000,CR,252.245,52.774,45713.169,6229.743,140.331,16004.652,2245.942
1774.000,CR,252.245,52.774,45713.169,6229.743,140.331,16004.652,2245.942
1775.000,CR,252.245,52.774,45713.169,6229.743,140.331,16004.652,2245.942
1776.000,CR,252.245,52.774,45713.169,6229.743,140.331,16004.652,2245.942
1777.000,CR,252.245,52.774,45713.169,6229.743,140.331,16004.652,2245.942
1778.000,CR,252.245,52.774,45713.169,6229.743,140.331,16004.652,2245.942
1779.000,CR,252.245,52.774,45713.169,6229.743,140.331,16004.652,2245.942
1780.000,CR,252.245,52.774,45713.169,6229.743,140.331,16004.652,2245.942
1781.000,CR,252.245,52.774,45713.169,6229.743,140.331,16004.652,2245.942
1782.000,CR,252.245,52.774,45713.169,6229.743,140.331,16004.652,2245.942
1783.000,CR,252.245,52.774,45713.169,6229.743,140.331,16004.652,2245.942
1784.000,CR,252.245,52.774,45713.169,6229.743,140.331,16004.652,2245.942
1785.000,CR,252.245,52.774,45713.169,6229.743,140.331,16004.652,2245.942
1786.000,CR,252.245,52.774,45713.169,6229.743,140.331,16004.652,2245.942
1787.000,CR,252.245,52.774,45713.169,6229.743,140.331,16004.652,2245.942
1788.000,CR,252.245,52.774,45713.169,6229.743,140.331,16004.652,2245.942
1789.000,CR,252.245,52.774,45713.169,6229.743,140.331,16004.652,2245.942
1790.000,CR,252.245,52.774,45713.169,6229.743,140.331,16004.652,2245.942
1791.000,CR,252.245,52.774,45713.169,6229.743,140.331,16004.652,2245.942
1792.000,CR,252.245,52.774,45713.169,6229.743,140.331,16004.652,2245.942
1793.000,CR,252.245,52.774,45713.169,6229.743,140.331,16004.652,2245.942
1794.000,CR,252.245,52.774,45713.169,6229.743,140.331,16004.652,2245.942
1795.000,CR,252.245,52.774,45713.169,6229.743,140.331,16004.652,2245.942
1796.000,CR,252.245,52.774,45713.169,6229.743,140.331,16004.652,2245.942
1797.000,CR,252.245,52.774,45713.169,6229.743,140.331,16004.652,2245.942
1798.000,CR,252.245,52.774,45713.169,6229.743,140.331,16004.652,2245.942
1799.000,CR,252.245,52.774,45713.169,6229.743,140.331,16004.652,2245.942
1800.000,CR,252.245,52.774,45713.169,6229.743,140.331,16004.652,2245.942
1801.000,CR,252.245,52.774,45713.169,6229.743,140.331,16004.652,2245.942
1802.000,CR,252.245,52.774,45713.169,6229.743,140.331,16004.652,2245.942
1803.000,CR,252.245,52.774,45713.169,6229.743,140.331,16004.652,2245.942
1804.000,CR,252.245,52.774,45713.169,6229.743,140.331,16004.652,2245.942
1805.000,CR,252.245,52.774,45713.169,6229.743,140.331,16004.652,2245.942
1806.000,CR,252.245,52.774,45713.169,6229.743,140.331,16004.652,2245.942
1807.000,CR,252.245,52.774,45713.169,6229.743,140.331,16004.652,2245.942
1808.000,CR,252.245,52.774,45713.169,6229.743,140.331,16004.652,2245.942
1809.000,CR,252.245,52.774,45713.169,6229.743,140.331,16004.652,2245.942
1810.000,CR,252.245,52.774,45713.169,6229.743,140.331,16004.652,2245.942
1811.000,CR,252.245,52.774,45713.169,6229.743,140.331,16004.652,2245.942
1812.000,CR,252.245,52.774,45713.169,6229.743,140.331,16004.652,2245.942
1813.000,CR,252.245,52.774,45713.169,6229.743,140.331,16004.652,2245.942
1814.000,CR,252.245,52.774,45713.169,6229.743,140.331,16004.652,2245.942
1815.000,CR,252.245,52.774,45713.169,6229.743,140.331,16004.652,2245.942
1816.000,CR,252.245,52.774,45713.169,6229.743,140.331,16004.652,2245.942
1817.000,CR,252.245,52.774,45713.169,6229.743,140.331,16004.652,2245.942
1818.000,CR,252.245,52.774,45713.169,6229.743,140.331,16004.652,2245.942
1819.000,CR,252.245,52.774,45713.169,6229.743,140.331,16004.652,2245.942
1820.000,CR,252.245,52.774,45713.169,6229.743,140.331,16004.652,2245.942
1821.000,CR,252.245,52.774,45713.169,6229.743,140.331,16004.652,2245.942
1822.000,CR,252.245,52.774,45713.169,6229.743,140.331,16004.652,2245.942
1823.000,CR,252.245,52.774,45713.169,6229.743,140.331,16004.652,2245.942
1824.000,CR,252.245,52.774,45713.169,6229.743,140.331,16004.652,2245.942
1825.000,CR,252.245,52.774,45713.169,6229.743,140.331,16004.652,2245.942
1826.000,CR,252.245,52.774,45713.169,6229.743,140.331,16004.652,2245.942
1827.000,CR,252.245,52.774,45713.169,6229.743,140.331,16004.652,2245.942
1828.000,CR,252.245,52.774,45713.169,6229.743,140.331,16004.652,2245.942
1829.000,CR,252.245,52.774,45713.169,6229.743,140.331,16004.652,2245.942
1830.000,CR,252.245,52.774,45713.169,6229.743,140.331,16004.652,2245.942
1831.000,CR,252.245,52.774,45713.169,6229.743,140.331,16004.652,2245.942
1832.000,CR,252.245,52.774,45713.169,6229.743,140.331,16004.652,2245.942
1833.000,CR,252.245,52.774,45713.169,6229.743,140.331,16004.652,2245.942
1834.000,CR,252.245,52.774,45713.169,6229.743,140.331,16004.652,2245.942
1835.000,CR,252.245,52.774,45713.169,6229.743,140.331,16004.652,2245.942
1836.000,CR,252.245,52.774,45713.169,6229.743,140.331,16004.652,2245.942
1837.000,CR,252.245,52.774,45713.169,6229.743,140.331,16004.652,2245.942
1838.000,CR,252.245,52.774,45713.169,6229.743,140.331,16004.652,2245.942
1839.000,CR,252.245,52.774,45713.169,6229.743,140.331,16004.652,2245.942
1840.000,CR,252.245,52.774,45713.169,6229.743,140.331,16004.652,2245.942
1841.000,CR,252.245,52.774,45713.169,6229.743,140.331,16004.652,2245.942
1842.000,CR,252.245,52.774,45713.169,6229.743,140.331,16004.652,2245.942
1843.000,CR,252.245,52.774,45713.169,6229.743,140.331,16004.652,2245.942
1844.000,CR,252.245,52.774,45713.169,6229.743,140.331,16004.652,2245.942
1845.000,CR,252.245,52.774,45713.169,6229.743,140.331,16004.652,2245.942
1846.000,CR,252.245,52.774,45713.169,6229.743,140.331,16004.652,2245.942
1847.000,CR,252.245,52.774,45713.169,6229.743,140.331,16004.652,2245.942
1848.000,CR,252.245,52.774,45713.169,6229.743,140.331,16004.652,2245.942
1849.000,CR,252.245,52.774,45713.169,6229.743,140.331,16004.652,2245.942
1850.000,CR,252.245,52.774,45713.169,6229.743,140.331,16004.652,2245.942
1851.000,CR,252.245,52.774,45713.169,6229.743,140.331,16004.652,2245.942
1852.000,CR,252.245,52.774,45713.169,6229.743,140.331,16004.652,2245.942
1853.000,CR,252.245,52.774,45713.169,6229.743,140.331,16004.652,2245.942
1854.000,CR,252.245,52.774,45713.169,6229.743,140.331,16004.652,2245.942
1855.000,CR,252.245,52.774,45713.169,6229.743,140.331,16004.652,2245.942
1856.000,CR,252.245,52.774,45713.169,6229.743,140.331,16004.652,2245.942
1857.000,CR,252.245,52.774,45713.169,6229.743,140.331,16004.652,2245.942
1858.000,CR,252.245,52.774,45713.169,6229.743,140.331,16004.652,2245.942
1859.000,CR,252.245,52.774,45713.169,6229.743,140.331,16004.652,2245.942
1860.000,CR,252.245,52.774,45713.169,6229.743,140.331,16004.652,2245.942
1861.000,CR,252.245,52.774,45713.169,6229.743,140.331,16004.652,2245.942
1862.000,CR,252.245,52.774,45713.169,6229.743,140.331,16004.652,2245.942
1863.000,CR,252.245,52.774,45713.169,6229.743,140.331,16004.652,2245.942
1864.000,CR,252.245,52.774,45713.169,6229.743,140.331,16004.652,2245.942
1865.000,CR,252.245,52.774,45713.169,6229.743,140.331,16004.652,2245.942
1866.000,CR,252.245,52.774,45713.169,6229.743,140.331,16004.652,2245.942
1867.000,CR,252.245,52.774,45713.169,6229.743,140.331,16004.652,2245.942
1868.000,CR,252.245,52.774,45713.169,6229.743,140.331,16004.652,2245.942
1869.000,CR,252.245,52.774,45713.169,6229.743,140.331,16004.652,2245.942
1870.000,CR,252.245,52.774,45713.169,6229.743,140.331,16004.652,2245.942
1871.000,CR,252.245,52.774,45713.169,6229.743,140.331,16004.652,2245.942
1872.000,CR,252.245,52.774,45713.169,6229.743,140.331,16004.652,2245.942
1873.000,CR,252.245,52.774,45713.169,6229.743,140.331,16004.652,2245.942
1874.000,CR,252.245,52.774,45713.169,6229.743,140.331,16004.652,2245.942
1875.000,CR,252.245,52.774,45713.169,6229.743,140.331,16004.652,2245.942
1876.000,CR,252.245,52.774,45713.169,6229.743,140.331,16004.652,2245.942
1877.000,CR,252.245,52.774,45713.169,6229.743,140.331,16004.652,2245.942
1878.000,CR,252.245,52.774,45713.169,6229.743,140.331,16004.652,2245.942
1879.000,CR,252.245,52.774,45713.169,6229.743,140.331,16004.652,2245.942
1880.000,CR,252.245,52.774,45713.169,6229.743,140.331,16004.652,2245.942
1881.000,CR,252.245,52.774,45713.169,6229.743,140.331,16004.652,2245.942
1882.000,CR,252.245,52.774,45713.169,6229.743,140.331,16004.652,2245.942
1883.000,CR,252.245,52.774,45713.169,6229.743,140.331,16004.652,2245.942
1884.000,CR,252.245,52.774,45713.169,6229.743,140.331,16004.652,2245.942
1885.000,CR,252.245,52.774,45713.169,6229.743,140.331,16004.652,2245.942
1886.000,CR,252.245,52.774,45713.169,6229.743,140.331,16004.652,2245.942
1887.000,CR,252.245,52.774,45713.169,6229.743,140.331,16004.652,2245.942
1888.000,CR,252.245,52.774,45713.169,6229.743,140.331,16004.652,2245.942
1889.000,CR,252.245,52.774,45713.169,6229.743,140.331,16004.652,2245.942
1890.000,CR,252.245,52.774,45713.169,6229.743,140.331,16004.652,2245.942
1891.000,CR,252.245,52.774,45713.169,6229.743,140.331,16004.652,2245.942
1892.000,CR,252.245,52.774,45713.169,6229.743,140.331,16004.652,2245.942
1893.000,CR,252.245,52.774,45713.169,6229.743,140.331,16004.652,2245.942
1894.000,CR,252.245,52.774,45713.169,6229.743,140.331,16004.652,2245.942
1895.000,CR,252.245,52.774,45713.169,6229.743,140.331,16004.652,2245.942
1896.000,CR,252.245,52.774,45713.169,6229.743,140.331,16004.652,2245.942
1897.000,CR,252.245,52.774,45713.169,6229.743,140.331,16004.652,2245.942
1898.000,CR,252.245,52.774,45713.169,6229.743,140.331,16004.652,2245.942
1899.000,CR,252.245,52.774,45713.169,6229.743,140.331,16004.652,2245.942
1900.000,CR,252.245,52.774,45713.169,6229.743,140.331,16004.652,2245.942
1901.000,CR,252.245,52.774,45713.169,6229.743,140.331,16004.652,2245.942
1902.000,CR,252.245,52.774,45713.169,6229.743,140.331,16004.652,2245.942
1903.000,CR,252.245,52.774,45713.169,6229.743,140.331,16004.652,2245.942
1904.000,CR,252.245,52.774,45713.169,6229.743,140.331,16004.652,2245.942
1905.000,CR,252.245,52.774,45713.169,6229.743,140.331,16004.652,2245.942
1906.000,CR,252.245,52.774,45713.169,6229.743,140.331,16004.652,2245.942
1907.000,CR,252.245,52.774,45713.169,6229.743,140.331,16004.652,2245.942
1908.000,CR,252.245,52.774,45713.169,6229.743,140.331,16004.652,2245.942
1909.000,CR,252.245,52.774,45713.169,6229.743,140.331,16004.652,2245.942
1910.000,CR,252.245,52.774,45713.169,6229.743,140.331,16004.652,2245.942
1911.000,CR,252.245,52.774,45713.169,6229.743,140.331,16004.652,2245.942
1912.000,CR,252.245,52.774,45713.169,6229.743,140.331,16004.652,2245.942
1913.000,CR,252.245,52.774,45713.169,6229.743,140.331,16004.652,2245.942
1914.000,CR,252.245,52.774,45713.169,6229.743,140.331,16004.652,2245.942
1915.000,CR,252.245,52.774,45713.169,6229.743,140.331,16004.652,2245.942
1916.000,CR,252.245,52.774,45713.169,6229.743,140.331,16004.652,2245.942
1917.000,CR,252.245,52.774,45713.169,6229.743,140.331,16004.652,2245.942
1918.000,CR,252.245,52.774,45713.169,6229.743,140.331,16004.652,2245.942
1919.000,CR,252.245,52.774,45713.169,6229.743,140.331,16004.652,2245.942
1920.000,CR,252.245,52.774,45713.169,6229.743,140.331,16004.652,2245.942
1921.000,CR,252.245,52.774,45713.169,6229.743,140.331,16004.652,2245.942
1922.000,CR,252.245,52.774,45713.169,6229.743,140.331,16004.652,2245.942
1923.000,CR,252.245,52.774,45713.169,6229.743,140.331,16004.652,2245.942
1924.000,CR,252.245,52.774,45713.169,6229.743,140.331,16004.652,2245.942
1925.000,CR,252.245,52.774,45713.169,6229.743,140.331,16004.652,2245.942
1926.000,CR,252.245,52.774,45713.169,6229.743,140.331,16004.652,2245.942
1927.000,CR,252.245,52.774,45713.169,6229.743,140.331,16004.652,2245.942
1928.000,CR,252.245,52.774,45713.169,6229.743,140.331,16004.652,2245.942
1929.000,CR,252.245,52.774,45713.169,6229.743,140.331,16004.652,2245.942
1930.000,CR,252.245,52.774,45713.169,6229.743,140.331,16004.652,2245.942
1931.000,CR,252.245,52.774,45713.169,6229.743,140.331,16004.652,2245.942
1932.000,CR,252.245,52.774,45713.169,6229.743,140.331,16004.652,2245.942
1933.000,CR,252.245,52.774,45713.169,6229.743,140.331,16004.652,2245.942
1934.000,CR,252.245,52.774,45713.169,6229.743,140.331,16004.652,2245.942
1935.000,CR,252.245,52.774,45713.169,6229.743,140.331,16004.652,2245.942
1936.000,CR,252.245,52.774,45713.169,6229.743,140.331,16004.652,2245.942
1937.000,CR,252.245,52.774,45713.169,6229.743,140.331,16004.652,2245.942
1938.000,CR,252.245,52.774,45713.169,6229.743,140.331,16004.652,2245.942
1939.000,CR,252.245,52.774,45713.169,6229.743,140.331,16004.652,2245.942
1940.000,CR,252.245,52.774,45713.169,6229.743,140.331,16004.652,2245.942
1941.000,CR,252.245,52.774,45713.169,6229.743,140.331,16004.652,2245.942
1942.000,CR,252.245,52.774,45713.169,6229.743,140.331,16004.652,2245.942
1943.000,CR,252.245,52.774,45713.169,6229.743,140.331,16004.652,2245.942
1944.000,CR,252.245,52.774,45713.169,6229.743,140.331,16004.652,2245.942
1945.000,CR,252.245,52.774,45713.169,6229.743,140.331,16004.652,2245.942
1946.000,CR,252.245,52.774,45713.169,6229.743,140.331,16004.652,2245.942
1947.000,CR,252.245,52.774,45713.169,6229.743,140.331,16004.652,2245.942
1948.000,CR,252.245,52.774,45713.169,6229.743,140.331,16004.652,2245.942
1949.000,CR,252.245,52.774,45713.169,6229.743,140.331,16004.652,2245.942
1950.000,CR,252.245,52.774,45713.169,6229.743,140.331,16004.652,2245.942
1951.000,CR,252.245,52.774,45713.169,6229.743,140.331,16004.652,2245.942
1952.000,CR,252.245,52.774,45713.169,6229.743,140.331,16004.652,2245.942
1953.000,CR,252.245,52.774,45713.169,6229.743,140.331,16004.652,2245.942
1954.000,CR,252.245,52.774,45713.169,6229.743,140.331,16004.652,2245.942
1955.000,CR,252.245,52.774,45713.169,6229.743,140.331,16004.652,2245.942
1956.000,CR,252.245,52.774,45713.169,6229.743,140.331,16004.652,2245.942
1957.000,CR,252.245,52.774,45713.169,6229.743,140.331,16004.652,2245.942
1958.000,CR,252.245,52.774,45713.169,6229.743,140.331,16004.652,2245.942
1959.000,CR,252.245,52.774,45713.169,6229.743,140.331,16004.652,2245.942
1960.000,CR,252.245,52.774,45713.169,6229.743,140.331,16004.652,2245.942
1961.000,CR,252.245,52.774,45713.169,6229.743,140.331,16004.652,2245.942
1962.000,CR,252.245,52.774,45713.169,6229.743,140.331,16004.652,2245.942
1963.000,CR,252.245,52.774,45713.169,6229.743,140.331,16004.652,2245.942
1964.000,CR,252.245,52.774,45713.169,6229.743,140.331,16004.652,2245.942
1965.000,CR,252.245,52.774,45713.169,6229.743,140.331,16004.652,2245.942
1966.000,CR,252.245,52.774,45713.169,6229.743,140.331,16004.652,2245.942
1967.000,CR,252.245,52.774,45713.169,6229.743,140.331,16004.652,2245.942
1968.000,CR,252.245,52.774,45713.169,6229.743,140.331,16004.652,2245.942
1969.000,CR,252.245,52.774,45713.169,6229.743,140.331,16004.652,2245.942
1970.000,CR,252.245,52.774,45713.169,6229.743,140.331,16004.652,2245.942
1971.000,CR,252.245,52.774,45713.169,6229.743,140.331,16004.652,2245.942
1972.000,CR,252.245,52.774,45713.169,6229.743,140.331,16004.652,2245.942
1973.000,CR,252.245,52.774,45713.169,6229.743,140.331,16004.652,2245.942
1974.000,CR,252.245,52.774,45713.169,6229.743,140.331,16004.652,2245.942
1975.000,CR,252.245,52.774,45713.169,6229.743,140.331,16004.652,2245.942
1976.000,CR,252.245,52.774,45713.169,6229.743,140.331,16004.652,2245.942
1977.000,CR,252.245,52.774,45713.169,6229.743,140.331,16004.652,2245.942
1978.000,CR,252.245,52.774,45713.169,6229.743,140.331,16004.652,2245.942
1979.000,CR,252.245,52.774,45713.169,6229.743,140.331,16004.652,2245.942
1980.000,CR,252.245,52.774,45713.169,6229.743,140.331,16004.652,2245.942
1981.000,CR,252.245,52.774,45713.169,6229.743,140.331,16004.652,2245.942
1982.000,CR,252.245,52.774,45713.169,6229.743,140.331,16004.652,2245.942
1983.000,CR,252.245,52.774,45713.169,6229.743,140.331,16004.652,2245.942
1984.000,CR,252.245,52.774,45713.169,6229.743,140.331,16004.652,2245.942
1985.000,CR,252.245,52.774,45713.169,6229.743,140.331,16004.652,2245.942
1986.000,CR,252.245,52.774,45713.169,6229.743,140.331,16004.652,2245.942
1987.000,CR,252.245,52.774,45713.169,6229.743,140.331,16004.652,2245.942
1988.000,CR,252.245,52.774,45713.169,6229.743,140.331,16004.652,2245.942
1989.000,CR,252.245,52.774,45713.169,6229.743,140.331,16004.652,2245.942
1990.000,CR,252.245,52.774,45713.169,6229.743,140.331,16004.652,2245.942
1991.000,CR,252.245,52.774,45713.169,6229.743,140.331,16004.652,2245.942
1992.000,CR,252.245,52.774,45713.169,6229.743,140.331,16004.652,2245.942
1993.000,CR,252.245,52.774,45713.169,6229.743,140.331,16004.652,2245.942
1994.000,CR,252.245,52.774,45713.169,6229.743,140.331,16004.652,2245.942
1995.000,CR,252.245,52.774,45713.169,6229.743,140.331,16004.652,2245.942
1996.000,CR,252.245,52.774,45713.169,6229.743,140.331,16004.652,2245.942
1997.000,CR,252.245,52.774,45713.169,6229.743,140.331,16004.652,2245.942
1998.000,CR,252.245,52.774,45713.169,6229.743,140.331,16004.652,2245.942
1999.000,CR,252.245,52.774,45713.169,6229.743,140.331,16004.652,2245.942
2000.000,CR,252.245,52.774,45713.169,6229.743,140.331,16004.652,2245.942
2001.000,CR,252.245,52.774,45713.169,6229.743,140.331,16004.652,2245.942
2002.000,CR,252.245,52.774,45713.169,6229.743,140.331,16004.652,2245.942
2003.000,CR,252.245,52.774,45713.169,6229.743,140.331,16004.652,2245.942
2004.000,CR,252.245,52.774,45713.169,6229.743,140.331,16004.652,2245.942
2005.000,CR,252.245,52.774,45713.169,6229.743,140.331,16004.652,2245.942
2006.000,CR,252.245,52.774,45713.169,6229.743,140.331,16004.652,2245.942
2007.000,CR,252.245,52.774,45713.169,6229.743,140.331,16004.652,2245.942
2008.000,CR,252.245,52.774,45713.169,6229.743,140.331,16004.652,2245.942
2009.000,CR,252.245,52.774,45713.169,6229.743,140.331,16004.652,2245.942
2010.000,CR,252.245,52.774,45713.169,6229.743,140.331,16004.652,2245.942
2011.000,CR,252.245,52.774,45713.169,6229.743,140.331,16004.652,2245.942
2012.000,CR,252.245,52.774,45713.169,6229.743,140.331,16004.652,2245.942
2013.000,CR,252.245,52.774,45713.169,6229.743,140.331,16004.652,2245.942
2014.000,CR,252.245,52.774,45713.169,6229.743,140.331,16004.652,2245.942
2015.000,CR,252.245,52.774,45713.169,6229.743,140.331,16004.652,2245.942
2016.000,CR,252.245,52.774,45713.169,6229.743,140.331,16004.652,2245.942
2017.000,CR,252.245,52.774,45713.169,6229.743,140.331,16004.652,2245.942
2018.000,CR,252.245,52.774,45713.169,6229.743,140.331,16004.652,2245.942
2019.000,CR,252.245,52.774,45713.169,6229.743,140.331,16004.652,2245.942
2020.000,CR,252.245,52.774,45713.169,6229.743,140.331,16004.652,2245.942
2021.000,CR,252.245,52.774,45713.169,6229.743,140.331,16004.652,2245.942
2022.000,CR,252.245,52.774,45713.169,6229.743,140.331,16004.652,2245.942
2023.000,CR,252.245,52.774,45713.169,6229.743,140.331,16004.652,2245.942
2024.000,CR,252.245,52.774,45713.169,6229.743,140.331,16004.652,2245.942
2025.000,CR,252.245,52.774,45713.169,6229.743,140.331,16004.652,2245.942
2026.000,CR,252.245,52.774,45713.169,6229.743,140.331,16004.652,2245.942
2027.000,CR,252.245,52.774,45713.169,6229.743,140.331,16004.652,2245.942
2028.000,CR,252.245,52.774,45713.169,6229.743,140.331,16004.652,2245.942
2029.000,CR,252.245,52.774,45713.169,6229.743,140.331,16004.652,2245.942
2030.000,CR,252.245,52.774,45713.169,6229.743,140.331,16004.652,2245.942
2031.000,CR,252.245,52.774,45713.169,6229.743,140.331,16004.652,2245.942
2032.000,CR,252.245,52.774,45713.169,6229.743,140.331,16004.652,2245.942
2033.000,CR,252.245,52.774,45713.169,6229.743,140.331,16004.652,2245.942
2034.000,CR,252.245,52.774,45713.169,6229.743,140.331,16004.652,2245.942
2035.000,CR,252.245,52.774,45713.169,6229.743,140.331,16004.652,2245.942
2036.000,CR,252.245,52.774,45713.169,6229.743,140.331,16004.652,2245.942
2037.000,CR,252.245,52.774,45713.169,6229.743,140.331,16004.652,2245.942
2038.000,CR,252.245,52.774,45713.169,6229.743,140.331,16004.652,2245.942
2039.000,CR,252.245,52.774,45713.169,6229.743,140.331,16004.652,2245.942
2040.000,CR,252.245,52.774,45713.169,6229.743,140.331,16004.652,2245.942
2041.000,CR,252.245,52.774,45713.169,6229.743,140.331,16004.652,2245.942
2042.000,CR,252.245,52.774,45713.169,6229.743,140.331,16004.652,2245.942
2043.000,CR,252.245,52.774,45713.169,6229.743,140.331,16004.652,2245.942
2044.000,CR,252.245,52.774,45713.169,6229.743,140.331,16004.652,2245.942
2045.000,CR,252.245,52.774,45713.169,6229.743,140.331,16004.652,2245.942
2046.000,CR,252.245,52.774,45713.169,6229.743,140.331,16004.652,2245.942
2047.000,CR,252.245,52.774,45713.169,6229.743,140.331,16004.652,2245.942
2048.000,CR,252.245,52.774,45713.169,6229.743,140.331,16004.652,2245.942
2049.000,CR,252.245,52.774,45713.169,6229.743,140.331,16004.652,2245.942
2050.000,CR,252.245,52.774,45713.169,6229.743,140.331,16004.652,2245.942
2051.000,CR,252.245,52.774,45713.169,6229.743,140.331,16004.652,2245.942
2052.000,CR,252.245,52.774,45713.169,6229.743,140.331,16004.652,2245.942
2053.000,CR,252.245,52.774,45713.169,6229.743,140.331,16004.652,2245.942
2054.000,CR,252.245,52.774,45713.169,6229.743,140.331,16004.652,2245.942
2055.000,CR,252.245,52.774,45713.169,6229.743,140.331,16004.652,2245.942
2056.000,CR,252.245,52.774,45713.169,6229.743,140.331,16004.652,2245.942
2057.000,CR,252.245,52.774,45713.169,6229.743,140.331,16004.652,2245.942
2058.000,CR,252.245,52.774,45713.169,6229.743,140.331,16004.652,2245.942
2059.000,CR,252.245,52.774,45713.169,6229.743,140.331,16004.652,2245.942
2060.000,CR,252.245,52.774,45713.169,6229.743,140.331,16004.652,2245.942
2061.000,CR,252.245,52.774,45713.169,6229.743,140.331,16004.652,2245.942
2062.000,CR,252.245,52.774,45713.169,6229.743,140.331,16004.652,2245.942
2063.000,CR,252.245,52.774,45713.169,6229.743,140.331,16004.652,2245.942
2064.000,CR,252.245,52.774,45713.169,6229.743,140.331,16004.652,2245.942
2065.000,CR,252.245,52.774,45713.169,6229.743,140.331,16004.652,2245.942
2066.000,CR,252.245,52.774,45713.169,6229.743,140.331,16004.652,2245.942
2067.000,CR,252.245,52.774,45713.169,6229.743,140.331,16004.652,2245.942
2068.000,CR,252.245,52.774,45713.169,6229.743,140.331,16004.652,2245.942
2069.000,CR,252.245,52.774,45713.169,6229.743,140.331,16004.652,2245.942
2070.000,CR,252.245,52.774,45713.169,6229.743,140.331,16004.652,2245.942
2071.000,CR,252.245,52.774,45713.169,6229.743,140.331,16004.652,2245.942
2072.000,CR,252.245,52.774,45713.169,6229.743,140.331,16004.652,2245.942
2073.000,CR,252.245,52.774,45713.169,6229.743,140.331,16004.652,2245.942
2074.000,CR,252.245,52.774,45713.169,6229.743,140.331,16004.652,2245.942
2075.000,CR,252.245,52.774,45713.169,6229.743,140.331,16004.652,2245.942
2076.000,CR,252.245,52.774,45713.169,6229.743,140.331,16004.652,2245.942
2077.000,CR,252.245,52.774,45713.169,6229.743,140.331,16004.652,2245.942
2078.000,CR,252.245,52.774,45713.169,6229.743,140.331,16004.652,2245.942
2079.000,CR,252.245,52.774,45713.169,6229.743,140.331,16004.652,2245.942
2080.000,CR,252.245,52.774,45713.169,6229.743,140.331,16004.652,2245.942
2081.000,CR,252.245,52.774,45713.169,6229.743,140.331,16004.652,2245.942
2082.000,CR,252.245,52.774,45713.169,6229.743,140.331,16004.652,2245.942
2083.000,CR,252.245,52.774,45713.169,6229.743,140.331,16004.652,2245.942
2084.000,CR,252.245,52.774,45713.169,6229.743,140.331,16004.652,2245.942
2085.000,CR,252.245,52.774,45713.169,6229.743,140.331,16004.652,2245.942
2086.000,CR,252.245,52.774,45713.169,6229.743,140.331,16004.652,2245.942
2087.000,CR,252.245,52.774,45713.169,6229.743,140.331,16004.652,2245.942
2088.000,CR,252.245,52.774,45713.169,6229.743,140.331,16004.652,2245.942
2089.000,CR,252.245,52.774,45713.169,6229.743,140.331,16004.652,2245.942
2090.000,CR,252.245,52.774,45713.169,6229.743,140.331,16004.652,2245.942
2091.000,CR,252.245,52.774,45713.169,6229.743,140.331,16004.652,2245.942
2092.000,CR,252.245,52.774,45713.169,6229.743,140.331,16004.652,2245.942
2093.000,CR,252.245,52.774,45713.169,6229.743,140.331,16004.652,2245.942
2094.000,CR,252.245,52.774,45713.169,6229.743,140.331,16004.652,2245.942
2095.000,CR,252.245,52.774,45713.169,6229.743,140.331,16004.652,2245.942
2096.000,CR,252.245,52.774,45713.169,6229.743,140.331,16004.652,2245.942
2097.000,CR,252.245,52.774,45713.169,6229.743,140.331,16004.652,2245.942
2098.000,CR,252.245,52.774,45713.169,6229.743,140.331,16004.652,2245.942
2099.000,CR,252.245,52.774,45713.169,6229.743,140.331,16004.652,2245.942
2100.000,CR,252.245,52.774,45713.169,6229.743,140.331,16004.652,2245.942
2101.000,CR,252.245,52.774,45713.169,6229.743,140.331,16004.652,2245.942
2102.000,CR,252.245,52.774,45713.169,6229.743,140.331,16004.652,2245.942
2103.000,CR,252.245,52.774,45713.169,6229.743,140.331,16004.652,2245.942
2104.000,CR,252.245,52.774,45713.169,6229.743,140.331,16004.652,2245.942
2105.000,CR,252.245,52.774,45713.169,6229.743,140.331,16004.652,2245.942
2106.000,CR,252.245,52.774,45713.169,6229.743,140.331,16004.652,2245.942
2107.000,CR,252.245,52.774,45713.169,6229.743,140.331,16004.652,2245.942
2108.000,CR,252.245,52.774,45713.169,6229.743,140.331,16004.652,2245.942
2109.000,CR,252.245,52.774,45713.169,6229.743,140.331,16004.652,2245.942
2110.000,CR,252.245,52.774,45713.169,6229.743,140.331,16004.652,2245.942
2111.000,CR,252.245,52.774,45713.169,6229.743,140.331,16004.652,2245.942
2112.000,CR,252.245,52.774,45713.169,6229.743,140.331,16004.652,2245.942
2113.000,CR,252.245,52.774,45713.169,6229.743,140.331,16004.652,2245.942
2114.000,CR,252.245,52.774,45713.169,6229.743,140.331,16004.652,2245.942
2115.000,CR,252.245,52.774,45713.169,6229.743,140.331,16004.652,2245.942
2116.000,CR,252.245,52.774,45713.169,6229.743,140.331,16004.652,2245.942
2117.000,CR,252.245,52.774,45713.169,6229.743,140.331,16004.652,2245.942
2118.000,CR,252.245,52.774,45713.169,6229.743,140.331,16004.652,2245.942
2119.000,CR,252.245,52.774,45713.169,6229.743,140.331,16004.652,2245.942
2120.000,CR,252.245,52.774,45713.169,6229.743,140.331,16004.652,2245.942
2121.000,CR,252.245,52.774,45713.169,6229.743,140.331,16004.652,2245.942
2122.000,CR,252.245,52.774,45713.169,6229.743,140.331,16004.652,2245.942
2123.000,CR,252.245,52.774,45713.169,6229.743,140.331,16004.652,2245.942
2124.000,CR,252.245,52.774,45713.169,6229.743,140.331,16004.652,2245.942
2125.000,CR,252.245,52.774,45713.169,6229.743,140.331,16004.652,2245.942
2126.000,CR,252.245,52.774,45713.169,6229.743,140.331,16004.652,2245.942
2127.000,CR,252.245,52.774,45713.169,6229.743,140.331,16004.652,2245.942
2128.000,CR,252.245,52.774,45713.169,6229.743,140.331,16004.652,2245.942
2129.000,CR,252.245,52.774,45713.169,6229.743,140.331,16004.652,2245.942
2130.000,CR,252.245,52.774,45713.169,6229.743,140.331,16004.652,2245.942
2131.000,CR,252.245,52.774,45713.169,6229.743,140.331,16004.652,2245.942
2132.000,CR,252.245,52.774,45713.169,6229.743,140.331,16004.652,2245.942
2133.000,CR,252.245,52.774,45713.169,6229.743,140.331,16004.652,2245.942
2134.000,CR,252.245,52.774,45713.169,6229.743,140.331,16004.652,2245.942
2135.000,CR,252.245,52.774,45713.169,6229.743,140.331,16004.652,2245.942
2136.000,CR,252.245,52.774,45713.169,6229.743,140.331,16004.652,2245.942
2137.000,CR,252.245,52.774,45713.169,6229.743,140.331,16004.652,2245.942
2138.000,CR,252.245,52.774,45713.169,6229.743,140.331,16004.652,2245.942
2139.000,CR,252.245,52.774,45713.169,6229.743,140.331,16004.652,2245.942
2140.000,CR,252.245,52.774,45713.169,6229.743,140.331,16004.652,2245.942
2141.000,CR,252.245,52.774,45713.169,6229.743,140.331,16004.652,2245.942
2142.000,CR,252.245,52.774,45713.169,6229.743,140.331,16004.652,2245.942
2143.000,CR,252.245,52.774,45713.169,6229.743,140.331,16004.652,2245.942
2144.000,CR,252.245,52.774,45713.169,6229.743,140.331,16004.652,2245.942
2145.000,CR,252.245,52.774,45713.169,6229.743,140.331,16004.652,2245.942
2146.000,CR,252.245,52.774,45713.169,6229.743,140.331,16004.652,2245.942
2147.000,CR,252.245,52.774,45713.169,6229.743,140.331,16004.652,2245.942
2148.000,CR,252.245,52.774,45713.169,6229.743,140.331,16004.652,2245.942
2149.000,CR,252.245,52.774,45713.169,6229.743,140.331,16004.652,2245.942
2150.000,CR,252.245,52.774,45713.169,6229.743,140.331,16004.652,2245.942
2151.000,CR,252.245,52.774,45713.169,6229.743,140.331,16004.652,2245.942
2152.000,CR,252.245,52.774,45713.169,6229.743,140.331,16004.652,2245.942
2153.000,CR,252.245,52.774,45713.169,6229.743,140.331,16004.652,2245.942
2154.000,CR,252.245,52.774,45713.169,6229.743,140.331,16004.652,2245.942
2155.000,CR,252.245,52.774,45713.169,6229.743,140.331,16004.652,2245.942
2156.000,CR,252.245,52.774,45713.169,6229.743,140.331,16004.652,2245.942
2157.000,CR,252.245,52.774,45713.169,6229.743,140.331,16004.652,2245.942
2158.000,CR,252.245,52.774,45713.169,6229.743,140.331,16004.652,2245.942
2159.000,CR,252.245,52.774,45713.169,6229.743,140.331,16004.652,2245.942
2160.000,CR,252.245,52.774,45713.169,6229.743,140.331,16004.652,2245.942
2161.000,CR,252.245,52.774,45713.169,6229.743,140.331,16004.652,2245.942
2162.000,CR,252.245,52.774,45713.169,6229.743,140.331,16004.652,2245.942
2163.000,CR,252.245,52.774,45713.169,6229.743,140.331,16004.652,2245.942
2164.000,CR,252.245,52.774,45713.169,6229.743,140.331,16004.652,2245.942
2165.000,CR,252.245,52.774,45713.169,6229.743,140.331,16004.652,2245.942
2166.000,CR,252.245,52.774,45713.169,6229.743,140.331,16004.652,2245.942
2167.000,CR,252.245,52.774,45713.169,6229.743,140.331,16004.652,2245.942
2168.000,CR,252.245,52.774,45713.169,6229.743,140.331,16004.652,2245.942
2169.000,CR,252.245,52.774,45713.169,6229.743,140.331,16004.652,2245.942
2170.000,CR,252.245,52.774,45713.169,6229.743,140.331,16004.652,2245.942
2171.000,CR,252.245,52.774,45713.169,6229.743,140.331,16004.652,2245.942
2172.000,CR,252.245,52.774,45713.169,6229.743,140.331,16004.652,2245.942
2173.000,CR,252.245,52.774,45713.169,6229.743,140.331,16004.652,2245.942
2174.000,CR,252.245,52.774,45713.169,6229.743,140.331,16004.652,2245.942
2175.000,CR,252.245,52.774,45713.169,6229.743,140.331,16004.652,2245.942
2176.000,CR,252.245,52.774,45713.169,6229.743,140.331,16004.652,2245.942
2177.000,CR,252.245,52.774,45713.169,6229.743,140.331,16004.652,2245.942
2178.000,CR,252.245,52.774,45713.169,6229.743,140.331,16004.652,2245.942
2179.000,CR,252.245,52.774,45713.169,6229.743,140.331,16004.652,2245.942
2180.000,CR,252.245,52.774,45713.169,6229.743,140.331,16004.652,2245.942
2181.000,CR,252.245,52.774,45713.169,6229.743,140.331,16004.652,2245.942
2182.000,CR,252.245,52.774,45713.169,6229.743,140.331,16004.652,2245.942
2183.000,CR,252.245,52.774,45713.169,6229.743,140.331,16004.652,2245.942
2184.000,CR,252.245,52.774,45713.169,6229.743,140.331,16004.652,2245.942
2185.000,CR,252.245,52.774,45713.169,6229.743,140.331,16004.652,2245.942
2186.000,CR,252.245,52.774,45713.169,6229.743,140.331,16004.652,2245.942
2187.000,CR,252.245,52.774,45713.169,6229.743,140.331,16004.652,2245.942
2188.000,CR,252.245,52.774,45713.169,6229.743,140.331,16004.652,2245.942
2189.000,CR,252.245,52.774,45713.169,6229.743,140.331,16004.652,2245.942
2190.000,CR,252.245,52.774,45713.169,6229.743,140.331,16004.652,2245.942
2191.000,CR,252.245,52.774,45713.169,6229.743,140.331,16004.652,2245.942
2192.000,CR,252.245,52.774,45713.169,6229.743,140.331,16004.652,2245.942
2193.000,CR,252.245,52.774,45713.169,6229.743,140.331,16004.652,2245.942
2194.000,CR,252.245,52.774,45713.169,6229.743,140.331,16004.652,2245.942
2195.000,CR,252.245,52.774,45713.169,6229.743,140.331,16004.652,2245.942
2196.000,CR,252.245,52.774,45713.169,6229.743,140.331,16004.652,2245.942
2197.000,CR,252.245,52.774,45713.169,6229.743,140.331,16004.652,2245.942
2198.000,CR,252.245,52.774,45713.169,6229.743,140.331,16004.652,2245.942
2199.000,CR,252.245,52.774,45713.169,6229.743,140.331,16004.652,2245.942
2200.000,CR,252.245,52.774,45713.169,6229.743,140.331,16004.652,2245.942
2201.000,CR,252.245,52.774,45713.169,6229.743,140.331,16004.652,2245.942
2202.000,CR,252.245,52.774,45713.169,6229.743,140.331,16004.652,2245.942
2203.000,CR,252.245,52.774,45713.169,6229.743,140.331,16004.652,2245.942
2204.000,CR,252.245,52.774,45713.169,6229.743,140.331,16004.652,2245.942
2205.000,CR,252.245,52.774,45713.169,6229.743,140.331,16004.652,2245.942
2206.000,CR,252.245,52.774,45713.169,6229.743,140.331,16004.652,2245.942
2207.000,CR,252.245,52.774,45713.169,6229.743,140.331,16004.652,2245.942
2208.000,CR,252.245,52.774,45713.169,6229.743,140.331,16004.652,2245.942
2209.000,CR,252.245,52.774,45713.169,6229.743,140.331,16004.652,2245.942
2210.000,CR,252.245,52.774,45713.169,6229.743,140.331,16004.652,2245.942
2211.000,CR,252.245,52.774,45713.169,6229.743,140.331,16004.652,2245.942
2212.000,CR,252.245,52.774,45713.169,6229.743,140.331,16004.652,2245.942
2213.000,CR,252.245,52.774,45713.169,6229.743,140.331,16004.652,2245.942
2214.000,CR,252.245,52.774,45713.169,6229.743,140.331,16004.652,2245.942
2215.000,CR,252.245,52.774,45713.169,6229.743,140.331,16004.652,2245.942
2216.000,CR,252.245,52.774,45713.169,6229.743,140.331,16004.652,2245.942
2217.000,CR,252.245,52.774,45713.169,6229.743,140.331,16004.652,2245.942
2218.000,CR,252.245,52.774,45713.169,6229.743,140.331,16004.652,2245.942
2219.000,CR,252.245,52.774,45713.169,6229.743,140.331,16004.652,2245.942
2220.000,CR,252.245,52.774,45713.169,6229.743,140.331,16004.652,2245.942
2221.000,CR,252.245,52.774,45713.169,6229.743,140.331,16004.652,2245.942
2222.000,CR,252.245,52.774,45713.169,6229.743,140.331,16004.652,2245.942
2223.000,CR,252.245,52.774,45713.169,6229.743,140.331,16004.652,2245.942
2224.000,CR,252.245,52.774,45713.169,6229.743,140.331,16004.652,2245.942
2225.000,CR,252.245,52.774,45713.169,6229.743,140.331,16004.652,2245.942
2226.000,CR,252.245,52.774,45713.169,6229.743,140.331,16004.652,2245.942
2227.000,CR,252.245,52.774,45713.169,6229.743,140.331,16004.652,2245.942
2228.000,CR,252.245,52.774,45713.169,6229.743,140.331,16004.652,2245.942
2229.000,CR,252.245,52.774,45713.169,6229.743,140.331,16004.652,2245.942
2230.000,CR,252.245,52.774,45713.169,6229.743,140.331,16004.652,2245.942
2231.000,CR,252.245,52.774,45713.169,6229.743,140.331,16004.652,2245.942
2232.000,CR,252.245,52.774,45713.169,6229.743,140.331,16004.652,2245.942
2233.000,CR,252.245,52.774,45713.169,6229.743,140.331,16004.652,2245.942
2234.000,CR,252.245,52.774,45713.169,6229.743,140.331,16004.652,2245.942
2235.000,CR,252.245,52.774,45713.169,6229.743,140.331,16004.652,2245.942
2236.000,CR,252.245,52.774,45713.169,6229.743,140.331,16004.652,2245.942
2237.000,CR,252.245,52.774,45713.169,6229.743,140.331,16004.652,2245.942
2238.000,CR,252.245,52.774,45713.169,6229.743,140.331,16004.652,2245.942
2239.000,CR,252.245,52.774,45713.169,6229.743,140.331,16004.652,2245.942
2240.000,CR,252.245,52.774,45713.169,6229.743,140.331,16004.652,2245.942
2241.000,CR,252.245,52.774,45713.169,6229.743,140.331,16004.652,2245.942
2242.000,CR,252.245,52.774,45713.169,6229.743,140.331,16004.652,2245.942
2243.000,CR,252.245,52.774,45713.169,6229.743,140.331,16004.652,2245.942
2244.000,CR,252.245,52.774,45713.169,6229.743,140.331,16004.652,2245.942
2245.000,CR,252.245,52.774,45713.169,6229.743,140.331,16004.652,2245.942
2246.000,CR,252.245,52.774,45713.169,6229.743,140.331,16004.652,2245.942
2247.000,CR,252.245,52.774,45713.169,6229.743,140.331,16004.652,2245.942
2248.000,CR,252.245,52.774,45713.169,6229.743,140.331,16004.652,2245.942
2249.000,CR,252.245,52.774,45713.169,6229.743,140.331,16004.652,2245.942
2250.000,CR,252.245,52.774,45713.169,6229.743,140.331,16004.652,2245.942
2251.000,CR,252.245,52.774,45713.169,6229.743,140.331,16004.652,2245.942
2252.000,CR,252.245,52.774,45713.169,6229.743,140.331,16004.652,2245.942
2253.000,CR,252.245,52.774,45713.169,6229.743,140.331,16004.652,2245.942
2254.000,CR,252.245,52.774,45713.169,6229.743,140.331,16004.652,2245.942
2255.000,CR,252.245,52.774,45713.169,6229.743,140.331,16004.652,2245.942
2256.000,CR,252.245,52.774,45713.169,6229.743,140.331,16004.652,2245.942
2257.000,CR,252.245,52.774,45713.169,6229.743,140.331,16004.652,2245.942
2258.000,CR,252.245,52.774,45713.169,6229.743,140.331,16004.652,2245.942
2259.000,CR,252.245,52.774,45713.169,6229.743,140.331,16004.652,2245.942
2260.000,CR,252.245,52.774,45713.169,6229.743,140.331,16004.652,2245.942
2261.000,CR,252.245,52.774,45713.169,6229.743,140.331,16004.652,2245.942
2262.000,CR,252.245,52.774,45713.169,6229.743,140.331,16004.652,2245.942
2263.000,CR,252.245,52.774,45713.169,6229.743,140.331,16004.652,2245.942
2264.000,CR,252.245,52.774,45713.169,6229.743,140.331,16004.652,2245.942
2265.000,CR,252.245,52.774,45713.169,6229.743,140.331,16004.652,2245.942
2266.000,CR,252.245,52.774,45713.169,6229.743,140.331,16004.652,2245.942
2267.000,CR,252.245,52.774,45713.169,6229.743,140.331,16004.652,2245.942
2268.000,CR,252.245,52.774,45713.169,6229.743,140.331,16004.652,2245.942
2269.000,CR,252.245,52.774,45713.169,6229.743,140.331,16004.652,2245.942
2270.000,CR,252.245,52.774,45713.169,6229.743,140.331,16004.652,2245.942
2271.000,CR,252.245,52.774,45713.169,6229.743,140.331,16004.652,2245.942
2272.000,CR,252.245,52.774,45713.169,6229.743,140.331,16004.652,2245.942
2273.000,CR,252.245,52.774,45713.169,6229.743,140.331,16004.652,2245.942
2274.000,CR,252.245,52.774,45713.169,6229.743,140.331,16004.652,2245.942
2275.000,CR,252.245,52.774,45713.169,6229.743,140.331,16004.652,2245.942
2276.000,CR,252.245,52.774,45713.169,6229.743,140.331,16004.652,2245.942
2277.000,CR,252.245,52.774,45713.169,6229.743,140.331,16004.652,2245.942
2278.000,CR,252.245,52.774,45713.169,6229.743,140.331,16004.652,2245.942
2279.000,CR,252.245,52.774,45713.169,6229.743,140.331,16004.652,2245.942
2280.000,CR,252.245,52.774,45713.169,6229.743,140.331,16004.652,2245.942
2281.000,CR,252.245,52.774,45713.169,6229.743,140.331,16004.652,2245.942
2282.000,CR,252.245,52.774,45713.169,6229.743,140.331,16004.652,2245.942
2283.000,CR,252.245,52.774,45713.169,6229.743,140.331,16004.652,2245.942
2284.000,CR,252.245,52.774,45713.169,6229.743,140.331,16004.652,2245.942
2285.000,CR,252.245,52.774,45713.169,6229.743,140.331,16004.652,2245.942
2286.000,CR,252.245,52.774,45713.169,6229.743,140.331,16004.652,2245.942
2287.000,CR,252.245,52.774,45713.169,6229.743,140.331,16004.652,2245.942
2288.000,CR,252.245,52.774,45713.169,6229.743,140.331,16004.652,2245.942
2289.000,CR,252.245,52.774,45713.169,6229.743,140.331,16004.652,2245.942
2290.000,CR,252.245,52.774,45713.169,6229.743,140.331,16004.652,2245.942
2291.000,CR,252.245,52.774,45713.169,6229.743,140.331,16004.652,2245.942
2292.000,CR,252.245,52.774,45713.169,6229.743,140.331,16004.652,2245.942
2293.000,CR,252.245,52.774,45713.169,6229.743,140.331,16004.652,2245.942
2294.000,CR,252.245,52.774,45713.169,6229.743,140.331,16004.652,2245.942
2295.000,CR,252.245,52.774,45713.169,6229.743,140.331,16004.652,2245.942
2296.000,CR,252.245,52.774,45713.169,6229.743,140.331,16004.652,2245.942
2297.000,CR,252.245,52.774,45713.169,6229.743,140.331,16004.652,2245.942
2298.000,CR,252.245,52.774,45713.169,6229.743,140.331,16004.652,2245.942
2299.000,CR,252.245,52.774,45713.169,6229.743,140.331,16004.652,2245.942
2300.000,CR,252.245,52.774,45713.169,6229.743,140.331,16004.652,2245.942
2301.000,CR,252.245,52.774,45713.169,6229.743,140.331,16004.652,2245.942
2302.000,CR,252.245,52.774,45713.169,6229.743,140.331,16004.652,2245.942
2303.000,CR,252.245,52.774,45713.169,6229.743,140.331,16004.652,2245.942
2304.000,CR,252.245,52.774,45713.169,6229.743,140.331,16004.652,2245.942
2305.000,CR,252.245,52.774,45713.169,6229.743,140.331,16004.652,2245.942
2306.000,CR,252.245,52.774,45713.169,6229.743,140.331,16004.652,2245.942
2307.000,CR,252.245,52.774,45713.169,6229.743,140.331,16004.652,2245.942
2308.000,CR,252.245,52.774,45713.169,6229.743,140.331,16004.652,2245.942
2309.000,CR,252.245,52.774,45713.169,6229.743,140.331,16004.652,2245.942
2310.000,CR,252.245,52.774,45713.169,6229.743,140.331,16004.652,2245.942
2311.000,CR,252.245,52.774,45713.169,6229.743,140.331,16004.652,2245.942
2312.000,CR,252.245,52.774,45713.169,6229.743,140.331,16004.652,2245.942
2313.000,CR,252.245,52.774,45713.169,6229.743,140.331,16004.652,2245.942
2314.000,CR,252.245,52.774,45713.169,6229.743,140.331,16004.652,2245.942
2315.000,CR,252.245,52.774,45713.169,6229.743,140.331,16004.652,2245.942
2316.000,CR,252.245,52.774,45713.169,6229.743,140.331,16004.652,2245.942
2317.000,CR,252.245,52.774,45713.169,6229.743,140.331,16004.652,2245.942
2318.000,CR,252.245,52.774,45713.169,6229.743,140.331,16004.652,2245.942
2319.000,CR,252.245,52.774,45713.169,6229.743,140.331,16004.652,2245.942
2320.000,CR,252.245,52.774,45713.169,6229.743,140.331,16004.652,2245.942
2321.000,CR,252.245,52.774,45713.169,6229.743,140.331,16004.652,2245.942
2322.000,CR,252.245,52.774,45713.169,6229.743,140.331,16004.652,2245.942
2323.000,CR,252.245,52.774,45713.169,6229.743,140.331,16004.652,2245.942
2324.000,CR,252.245,52.774,45713.169,6229.743,140.331,16004.652,2245.942
2325.000,CR,252.245,52.774,45713.169,6229.743,140.331,16004.652,2245.942
2326.000,CR,252.245,52.774,45713.169,6229.743,140.331,16004.652,2245.942
2327.000,CR,252.245,52.774,45713.169,6229.743,140.331,16004.652,2245.942
2328.000,CR,252.245,52.774,45713.169,6229.743,140.331,16004.652,2245.942
2329.000,CR,252.245,52.774,45713.169,6229.743,140.331,16004.652,2245.942
2330.000,CR,252.245,52.774,45713.169,6229.743,140.331,16004.652,2245.942
2331.000,CR,252.245,52.774,45713.169,6229.743,140.331,16004.652,2245.942
2332.000,CR,252.245,52.774,45713.169,6229.743,140.331,16004.652,2245.942
2333.000,CR,252.245,52.774,45713.169,6229.743,140.331,16004.652,2245.942
2334.000,CR,252.245,52.774,45713.169,6229.743,140.331,16004.652,2245.942
2335.000,CR,252.245,52.774,45713.169,6229.743,140.331,16004.652,2245.942
2336.000,CR,252.245,52.774,45713.169,6229.743,140.331,16004.652,2245.942
2337.000,CR,252.245,52.774,45713.169,6229.743,140.331,16004.652,2245.942
2338.000,CR,252.245,52.774,45713.169,6229.743,140.331,16004.652,2245.942
2339.000,CR,252.245,52.774,45713.169,6229.743,140.331,16004.652,2245.942
2340.000,CR,252.245,52.774,45713.169,6229.743,140.331,16004.652,2245.942
2341.000,CR,252.245,52.774,45713.169,6229.743,140.331,16004.652,2245.942
2342.000,CR,252.245,52.774,45713.169,6229.743,140.331,16004.652,2245.942
2343.000,CR,252.245,52.774,45713.169,6229.743,140.331,16004.652,2245.942
2344.000,CR,252.245,52.774,45713.169,6229.743,140.331,16004.652,2245.942
2345.000,CR,252.245,52.774,45713.169,6229.743,140.331,16004.652,2245.942
2346.000,CR,252.245,52.774,45713.169,6229.743,140.331,16004.652,2245.942
2347.000,CR,252.245,52.774,45713.169,6229.743,140.331,16004.652,2245.942
2348.000,CR,252.245,52.774,45713.169,6229.743,140.331,16004.652,2245.942
2349.000,CR,252.245,52.774,45713.169,6229.743,140.331,16004.652,2245.942
2350.000,CR,252.245,52.774,45713.169,6229.743,140.331,16004.652,2245.942
2351.000,CR,252.245,52.774,45713.169,6229.743,140.331,16004.652,2245.942
2352.000,CR,252.245,52.774,45713.169,6229.743,140.331,16004.652,2245.942
2353.000,CR,252.245,52.774,45713.169,6229.743,140.331,16004.652,2245.942
2354.000,CR,252.245,52.774,45713.169,6229.743,140.331,16004.652,2245.942
2355.000,CR,252.245,52.774,45713.169,6229.743,140.331,16004.652,2245.942
2356.000,CR,252.245,52.774,45713.169,6229.743,140.331,16004.652,2245.942
2357.000,CR,252.245,52.774,45713.169,6229.743,140.331,16004.652,2245.942
2358.000,CR,252.245,52.774,45713.169,6229.743,140.331,16004.652,2245.942
2359.000,CR,252.245,52.774,45713.169,6229.743,140.331,16004.652,2245.942
2360.000,CR,252.245,52.774,45713.169,6229.743,140.331,16004.652,2245.942
2361.000,CR,252.245,52.774,45713.169,6229.743,140.331,16004.652,2245.942
2362.000,CR,252.245,52.774,45713.169,6229.743,140.331,16004.652,2245.942
2363.000,CR,252.245,52.774,45713.169,6229.743,140.331,16004.652,2245.942
2364.000,CR,252.245,52.774,45713.169,6229.743,140.331,16004.652,2245.942
2365.000,CR,252.245,52.774,45713.169,6229.743,140.331,16004.652,2245.942
2366.000,CR,252.245,52.774,45713.169,6229.743,140.331,16004.652,2245.942
2367.000,CR,252.245,52.774,45713.169,6229.743,140.331,16004.652,2245.942
2368.000,CR,252.245,52.774,45713.169,6229.743,140.331,16004.652,2245.942
2369.000,CR,252.245,52.774,45713.169,6229.743,140.331,16004.652,2245.942
2370.000,CR,252.245,52.774,45713.169,6229.743,140.331,16004.652,2245.942
2371.000,CR,252.245,52.774,45713.169,6229.743,140.331,16004.652,2245.942
2372.000,CR,252.245,52.774,45713.169,6229.743,140.331,16004.652,2245.942
2373.000,CR,252.245,52.774,45713.169,6229.743,140.331,16004.652,2245.942
2374.000,CR,252.245,52.774,45713.169,6229.743,140.331,16004.652,2245.942
2375.000,CR,252.245,52.774,45713.169,6229.743,140.331,16004.652,2245.942
2376.000,CR,252.245,52.774,45713.169,6229.743,140.331,16004.652,2245.942
2377.000,CR,252.245,52.774,45713.169,6229.743,140.331,16004.652,2245.942
2378.000,CR,252.245,52.774,45713.169,6229.743,140.331,16004.652,2245.942
2379.000,CR,252.245,52.774,45713.169,6229.743,140.331,16004.652,2245.942
2380.000,CR,252.245,52.774,45713.169,6229.743,140.331,16004.652,2245.942
2381.000,CR,252.245,52.774,45713.169,6229.743,140.331,16004.652,2245.942
2382.000,CR,252.245,52.774,45713.169,6229.743,140.331,16004.652,2245.942
2383.000,CR,252.245,52.774,45713.169,6229.743,140.331,16004.652,2245.942
2384.000,CR,252.245,52.774,45713.169,6229.743,140.331,16004.652,2245.942
2385.000,CR,252.245,52.774,45713.169,6229.743,140.331,16004.652,2245.942
2386.000,CR,252.245,52.774,45713.169,6229.743,140.331,16004.652,2245.942
2387.000,CR,252.245,52.774,45713.169,6229.743,140.331,16004.652,2245.942
2388.000,CR,252.245,52.774,45713.169,6229.743,140.331,16004.652,2245.942
2389.000,CR,252.245,52.774,45713.169,6229.743,140.331,16004.652,2245.942
2390.000,CR,252.245,52.774,45713.169,6229.743,140.331,16004.652,2245.942
2391.000,CR,252.245,52.774,45713.169,6229.743,140.331,16004.652,2245.942
2392.000,CR,252.245,52.774,45713.169,6229.743,140.331,16004.652,2245.942
2393.000,CR,252.245,52.774,45713.169,6229.743,140.331,16004.652,2245.942
2394.000,CR,252.245,52.774,45713.169,6229.743,140.331,16004.652,2245.942
2395.000,CR,252.245,52.774,45713.169,6229.743,140.331,16004.652,2245.942
2396.000,CR,252.245,52.774,45713.169,6229.743,140.331,16004.652,2245.942
2397.000,CR,252.245,52.774,45713.169,6229.743,140.331,16004.652,2245.942
2398.000,CR,252.245,52.774,45713.169,6229.743,140.331,16004.652,2245.942
2399.000,CR,252.245,52.774,45713.169,6229.743,140.331,16004.652,2245.942
2400.000,CR,252.245,52.774,45713.169,6229.743,140.331,16004.652,2245.942
2401.000,CR,252.245,52.774,45713.169,6229.743,140.331,16004.652,2245.942
2402.000,CR,252.245,52.774,45713.169,6229.743,140.331,16004.652,2245.942
2403.000,CR,252.245,52.774,45713.169,6229.743,140.331,16004.652,2245.942
2404.000,CR,252.245,52.774,45713.169,6229.743,140.331,16004.652,2245.942
2405.000,CR,252.245,52.774,45713.169,6229.743,140.331,16004.652,2245.942
2406.000,CR,252.245,52.774,45713.169,6229.743,140.331,16004.652,2245.942
2407.000,CR,252.245,52.774,45713.169,6229.743,140.331,16004.652,2245.942
2408.000,CR,252.245,52.774,45713.169,6229.743,140.331,16004.652,2245.942
2409.000,CR,252.245,52.774,45713.169,6229.743,140.331,16004.652,2245.942
2410.000,CR,252.245,52.774,45713.169,6229.743,140.331,16004.652,2245.942
2411.000,CR,252.245,52.774,45713.169,6229.743,140.331,16004.652,2245.942
2412.000,CR,252.245,52.774,45713.169,6229.743,140.331,16004.652,2245.942
2413.000,CR,252.245,52.774,45713.169,6229.743,140.331,16004.652,2245.942
2414.000,CR,252.245,52.774,45713.169,6229.743,140.331,16004.652,2245.942
2415.000,CR,252.245,52.774,45713.169,6229.743,140.331,16004.652,2245.942
2416.000,CR,252.245,52.774,45713.169,6229.743,140.331,16004.652,2245.942
2417.000,CR,252.245,52.774,45713.169,6229.743,140.331,16004.652,2245.942
2418.000,CR,252.245,52.774,45713.169,6229.743,140.331,16004.652,2245.942
2419.000,CR,252.245,52.774,45713.169,6229.743,140.331,16004.652,2245.942
2420.000,CR,252.245,52.774,45713.169,6229.743,140.331,16004.652,2245.942
2421.000,CR,252.245,52.774,45713.169,6229.743,140.331,16004.652,2245.942
2422.000,CR,252.245,52.774,45713.169,6229.743,140.331,16004.652,2245.942
2423.000,CR,252.245,52.774,45713.169,6229.743,140.331,16004.652,2245.942
2424.000,CR,252.245,52.774,45713.169,6229.743,140.331,16004.652,2245.942
2425.000,CR,252.245,52.774,45713.169,6229.743,140.331,16004.652,2245.942
2426.000,CR,252.245,52.774,45713.169,6229.743,140.331,16004.652,2245.942
2427.000,CR,252.245,52.774,45713.169,6229.743,140.331,16004.652,2245.942
2428.000,CR,252.245,52.774,45713.169,6229.743,140.331,16004.652,2245.942
2429.000,CR,252.245,52.774,45713.169,6229.743,140.331,16004.652,2245.942
2430.000,CR,252.245,52.774,45713.169,6229.743,140.331,16004.652,2245.942
2431.000,CR,252.245,52.774,45713.169,6229.743,140.331,16004.652,2245.942
2432.000,CR,252.245,52.774,45713.169,6229.743,140.331,16004.652,2245.942
2433.000,CR,252.245,52.774,45713.169,6229.743,140.331,16004.652,2245.942
2434.000,CR,252.245,52.774,45713.169,6229.743,140.331,16004.652,2245.942
2435.000,CR,252.245,52.774,45713.169,6229.743,140.331,16004.652,2245.942
2436.000,CR,252.245,52.774,45713.169,6229.743,140.331,16004.652,2245.942
2437.000,CR,252.245,52.774,45713.169,6229.743,140.331,16004.652,2245.942
2438.000,CR,252.245,52.774,45713.169,6229.743,140.331,16004.652,2245.942
2439.000,CR,252.245,52.774,45713.169,6229.743,140.331,16004.652,2245.942
2440.000,CR,252.245,52.774,45713.169,6229.743,140.331,16004.652,2245.942
2441.000,CR,252.245,52.774,45713.169,6229.743,140.331,16004.652,2245.942
2442.000,CR,252.245,52.774,45713.169,6229.743,140.331,16004.652,2245.942
2443.000,CR,252.245,52.774,45713.169,6229.743,140.331,16004.652,2245.942
2444.000,CR,252.245,52.774,45713.169,6229.743,140.331,16004.652,2245.942
2445.000,CR,252.245,52.774,45713.169,6229.743,140.331,16004.652,2245.942
2446.000,CR,252.245,52.774,45713.169,6229.743,140.331,16004.652,2245.942
2447.000,CR,252.245,52.774,45713.169,6229.743,140.331,16004.652,2245.942
2448.000,CR,252.245,52.774,45713.169,6229.743,140.331,16004.652,2245.942
2449.000,CR,252.245,52.774,45713.169,6229.743,140.331,16004.652,2245.942
2450.000,CR,252.245,52.774,45713.169,6229.743,140.331,16004.652,2245.942
2451.000,CR,252.245,52.774,45713.169,6229.743,140.331,16004.652,2245.942
2452.000,CR,252.245,52.774,45713.169,6229.743,140.331,16004.652,2245.942
2453.000,CR,252.245,52.774,45713.169,6229.743,140.331,16004.652,2245.942
2454.000,CR,252.245,52.774,45713.169,6229.743,140.331,16004.652,2245.942
2455.000,CR,252.245,52.774,45713.169,6229.743,140.331,16004.652,2245.942
2456.000,CR,252.245,52.774,45713.169,6229.743,140.331,16004.652,2245.942
2457.000,CR,252.245,52.774,45713.169,6229.743,140.331,16004.652,2245.942
2458.000,CR,252.245,52.774,45713.169,6229.743,140.331,16004.652,2245.942
2459.000,CR,252.245,52.774,45713.169,6229.743,140.331,16004.652,2245.942
2460.000,CR,252.245,52.774,45713.169,6229.743,140.331,16004.652,2245.942
2461.000,CR,252.245,52.774,45713.169,6229.743,140.331,16004.652,2245.942
2462.000,CR,252.245,52.774,45713.169,6229.743,140.331,16004.652,2245.942
2463.000,CR,252.245,52.774,45713.169,6229.743,140.331,16004.652,2245.942
2464.000,CR,252.245,52.774,45713.169,6229.743,140.331,16004.652,2245.942
2465.000,CR,252.245,52.774,45713.169,6229.743,140.331,16004.652,2245.942
2466.000,CR,252.245,52.774,45713.169,6229.743,140.331,16004.652,2245.942
2467.000,CR,252.245,52.774,45713.169,6229.743,140.331,16004.652,2245.942
2468.000,CR,252.245,52.774,45713.169,6229.743,140.331,16004.652,2245.942
2469.000,CR,252.245,52.774,45713.169,6229.743,140.331,16004.652,2245.942
2470.000,CR,252.245,52.774,45713.169,6229.743,140.331,16004.652,2245.942
2471.000,CR,252.245,52.774,45713.169,6229.743,140.331,16004.652,2245.942
2472.000,CR,252.245,52.774,45713.169,6229.743,140.331,16004.652,2245.942
2473.000,CR,252.245,52.774,45713.169,6229.743,140.331,16004.652,2245.942
2474.000,CR,252.245,52.774,45713.169,6229.743,140.331,16004.652,2245.942
2475.000,CR,252.245,52.774,45713.169,6229.743,140.331,16004.652,2245.942
2476.000,CR,252.245,52.774,45713.169,6229.743,140.331,16004.652,2245.942
2477.000,CR,252.245,52.774,45713.169,6229.743,140.331,16004.652,2245.942
2478.000,CR,252.245,52.774,45713.169,6229.743,140.331,16004.652,2245.942
2479.000,CR,252.245,52.774,45713.169,6229.743,140.331,16004.652,2245.942
2480.000,CR,252.245,52.774,45713.169,6229.743,140.331,16004.652,2245.942
2481.000,CR,252.245,52.774,45713.169,6229.743,140.331,16004.652,2245.942
2482.000,CR,252.245,52.774,45713.169,6229.743,140.331,16004.652,2245.942
2483.000,CR,252.245,52.774,45713.169,6229.743,140.331,16004.652,2245.942
2484.000,CR,252.245,52.774,45713.169,6229.743,140.331,16004.652,2245.942
2485.000,CR,252.245,52.774,45713.169,6229.743,140.331,16004.652,2245.942
2486.000,CR,252.245,52.774,45713.169,6229.743,140.331,16004.652,2245.942
2487.000,CR,252.245,52.774,45713.169,6229.743,140.331,16004.652,2245.942
2488.000,CR,252.245,52.774,45713.169,6229.743,140.331,16004.652,2245.942
2489.000,CR,252.245,52.774,45713.169,6229.743,140.331,16004.652,2245.942
2490.000,CR,252.245,52.774,45713.169,6229.743,140.331,16004.652,2245.942
2491.000,CR,252.245,52.774,45713.169,6229.743,140.331,16004.652,2245.942
2492.000,CR,252.245,52.774,45713.169,6229.743,140.331,16004.652,2245.942
2493.000,CR,252.245,52.774,45713.169,6229.743,140.331,16004.652,2245.942
2494.000,CR,252.245,52.774,45713.169,6229.743,140.331,16004.652,2245.942
2495.000,CR,252.245,52.774,45713.169,6229.743,140.331,16004.652,2245.942
2496.000,CR,252.245,52.774,45713.169,6229.743,140.331,16004.652,2245.942
2497.000,CR,252.245,52.774,45713.169,6229.743,140.331,16004.652,2245.942
2498.000,CR,252.245,52.774,45713.169,6229.743,140.331,16004.652,2245.942
2499.000,CR,252.245,52.774,45713.169,6229.743,140.331,16004.652,2245.942
2500.000,CR,252.245,52.774,45713.169,6229.743,140.331,16004.652,2245.942
2501.000,CR,252.245,52.774,45713.169,6229.743,140.331,16004.652,2245.942
2502.000,CR,252.245,52.774,45713.169,6229.743,140.331,16004.652,2245.942
2503.000,CR,252.245,52.774,45713.169,6229.743,140.331,16004.652,2245.942
2504.000,CR,252.245,52.774,45713.169,6229.743,140.331,16004.652,2245.942
2505.000,CR,252.245,52.774,45713.169,6229.743,140.331,16004.652,2245.942
2506.000,CR,252.245,52.774,45713.169,6229.743,140.331,16004.652,2245.942
2507.000,CR,252.245,52.774,45713.169,6229.743,140.331,16004.652,2245.942
2508.000,CR,252.245,52.774,45713.169,6229.743,140.331,16004.652,2245.942
2509.000,CR,252.245,52.774,45713.169,6229.743,140.331,16004.652,2245.942
2510.000,CR,252.245,52.774,45713.169,6229.743,140.331,16004.652,2245.942
2511.000,CR,252.245,52.774,45713.169,6229.743,140.331,16004.652,2245.942
2512.000,CR,252.245,52.774,45713.169,6229.743,140.331,16004.652,2245.942
2513.000,CR,252.245,52.774,45713.169,6229.743,140.331,16004.652,2245.942
2514.000,CR,252.245,52.774,45713.169,6229.743,140.331,16004.652,2245.942
2515.000,CR,252.245,52.774,45713.169,6229.743,140.331,16004.652,2245.942
2516.000,CR,252.245,52.774,45713.169,6229.743,140.331,16004.652,2245.942
2517.000,CR,252.245,52.774,45713.169,6229.743,140.331,16004.652,2245.942
2518.000,CR,252.245,52.774,45713.169,6229.743,140.331,16004.652,2245.942
2519.000,CR,252.245,52.774,45713.169,6229.743,140.331,16004.652,2245.942
2520.000,CR,252.245,52.774,45713.169,6229.743,140.331,16004.652,2245.942
2521.000,CR,252.245,52.774,45713.169,6229.743,140.331,16004.652,2245.942
2522.000,CR,252.245,52.774,45713.169,6229.743,140.331,16004.652,2245.942
2523.000,CR,252.245,52.774,45713.169,6229.743,140.331,16004.652,2245.942
2524.000,CR,252.245,52.774,45713.169,6229.743,140.331,16004.652,2245.942
2525.000,CR,252.245,52.774,45713.169,6229.743,140.331,16004.652,2245.942
2526.000,CR,252.245,52.774,45713.169,6229.743,140.331,16004.652,2245.942
2527.000,CR,252.245,52.774,45713.169,6229.743,140.331,16004.652,2245.942
2528.000,CR,252.245,52.774,45713.169,6229.743,140.331,16004.652,2245.942
2529.000,CR,252.245,52.774,45713.169,6229.743,140.331,16004.652,2245.942
2530.000,CR,252.245,52.774,45713.169,6229.743,140.331,16004.652,2245.942
2531.000,CR,252.245,52.774,45713.169,6229.743,140.331,16004.652,2245.942
2532.000,CR,252.245,52.774,45713.169,6229.743,140.331,16004.652,2245.942
2533.000,CR,252.245,52.774,45713.169,6229.743,140.331,16004.652,2245.942
2534.000,CR,252.245,52.774,45713.169,6229.743,140.331,16004.652,2245.942
2535.000,CR,252.245,52.774,45713.169,6229.743,140.331,16004.652,2245.942
2536.000,CR,252.245,52.774,45713.169,6229.743,140.331,16004.652,2245.942
2537.000,CR,252.245,52.774,45713.169,6229.743,140.331,16004.652,2245.942
2538.000,CR,252.245,52.774,45713.169,6229.743,140.331,16004.652,2245.942
2539.000,CR,252.245,52.774,45713.169,6229.743,140.331,16004.652,2245.942
2540.000,CR,252.245,52.774,45713.169,6229.743,140.331,16004.652,2245.942
2541.000,CR,252.245,52.774,45713.169,6229.743,140.331,16004.652,2245.942
2542.000,CR,252.245,52.774,45713.169,6229.743,140.331,16004.652,2245.942
2543.000,CR,252.245,52.774,45713.169,6229.743,140.331,16004.652,2245.942
2544.000,CR,252.245,52.774,45713.169,6229.743,140.331,16004.652,2245.942
2545.000,CR,252.245,52.774,45713.169,6229.743,140.331,16004.652,2245.942
2546.000,CR,252.245,52.774,45713.169,6229.743,140.331,16004.652,2245.942
2547.000,CR,252.245,52.774,45713.169,6229.743,140.331,16004.652,2245.942
2548.000,CR,252.245,52.774,45713.169,6229.743,140.331,16004.652,2245.942
2549.000,CR,252.245,52.774,45713.169,6229.743,140.331,16004.652,2245.942
2550.000,CR,252.245,52.774,45713.169,6229.743,140.331,16004.652,2245.942
2551.000,CR,252.245,52.774,45713.169,6229.743,140.331,16004.652,2245.942
2552.000,CR,252.245,52.774,45713.169,6229.743,140.331,16004.652,2245.942
2553.000,CR,252.245,52.774,45713.169,6229.743,140.331,16004.652,2245.942
2554.000,CR,252.245,52.774,45713.169,6229.743,140.331,16004.652,2245.942
2555.000,CR,252.245,52.774,45713.169,6229.743,140.331,16004.652,2245.942
2556.000,CR,252.245,52.774,45713.169,6229.743,140.331,16004.652,2245.942
2557.000,CR,252.245,52.774,45713.169,6229.743,140.331,16004.652,2245.942
2558.000,CR,252.245,52.774,45713.169,6229.743,140.331,16004.652,2245.942
2559.000,CR,252.245,52.774,45713.169,6229.743,140.331,16004.652,2245.942
2560.000,CR,252.245,52.774,45713.169,6229.743,140.331,16004.652,2245.942
2561.000,CR,252.245,52.774,45713.169,6229.743,140.331,16004.652,2245.942
2562.000,CR,252.245,52.774,45713.169,6229.743,140.331,16004.652,2245.942
2563.000,CR,252.245,52.774,45713.169,6229.743,140.331,16004.652,2245.942
2564.000,CR,252.245,52.774,45713.169,6229.743,140.331,16004.652,2245.942
2565.000,CR,252.245,52.774,45713.169,6229.743,140.331,16004.652,2245.942
2566.000,CR,252.245,52.774,45713.169,6229.743,140.331,16004.652,2245.942
2567.000,CR,252.245,52.774,45713.169,6229.743,140.331,16004.652,2245.942
2568.000,CR,252.245,52.774,45713.169,6229.743,140.331,16004.652,2245.942
2569.000,CR,252.245,52.774,45713.169,6229.743,140.331,16004.652,2245.942
2570.000,CR,252.245,52.774,45713.169,6229.743,140.331,16004.652,2245.942
2571.000,CR,252.245,52.774,45713.169,6229.743,140.331,16004.652,2245.942
2572.000,CR,252.245,52.774,45713.169,6229.743,140.331,16004.652,2245.942
2573.000,CR,252.245,52.774,45713.169,6229.743,140.331,16004.652,2245.942
2574.000,CR,252.245,52.774,45713.169,6229.743,140.331,16004.652,2245.942
2575.000,CR,252.245,52.774,45713.169,6229.743,140.331,16004.652,2245.942
2576.000,CR,252.245,52.774,45713.169,6229.743,140.331,16004.652,2245.942
2577.000,CR,252.245,52.774,45713.169,6229.743,140.331,16004.652,2245.942
2578.000,CR,252.245,52.774,45713.169,6229.743,140.331,16004.652,2245.942
2579.000,CR,252.245,52.774,45713.169,6229.743,140.331,16004.652,2245.942
2580.000,CR,252.245,52.774,45713.169,6229.743,140.331,16004.652,2245.942
2581.000,CR,252.245,52.774,45713.169,6229.743,140.331,16004.652,2245.942
2582.000,CR,252.245,52.774,45713.169,6229.743,140.331,16004.652,2245.942
2583.000,CR,252.245,52.774,45713.169,6229.743,140.331,16004.652,2245.942
2584.000,CR,252.245,52.774,45713.169,6229.743,140.331,16004.652,2245.942
2585.000,CR,252.245,52.774,45713.169,6229.743,140.331,16004.652,2245.942
2586.000,CR,252.245,52.774,45713.169,6229.743,140.331,16004.652,2245.942
2587.000,CR,252.245,52.774,45713.169,6229.743,140.331,16004.652,2245.942
2588.000,CR,252.245,52.774,45713.169,6229.743,140.331,16004.652,2245.942
2589.000,CR,252.245,52.774,45713.169,6229.743,140.331,16004.652,2245.942
2590.000,CR,252.245,52.774,45713.169,6229.743,140.331,16004.652,2245.942
2591.000,CR,252.245,52.774,45713.169,6229.743,140.331,16004.652,2245.942
2592.000,CR,252.245,52.774,45713.169,6229.743,140.331,16004.652,2245.942
2593.000,CR,252.245,52.774,45713.169,6229.743,140.331,16004.652,2245.942
2594.000,CR,252.245,52.774,45713.169,6229.743,140.331,16004.652,2245.942
2595.000,CR,252.245,52.774,45713.169,6229.743,140.331,16004.652,2245.942
2596.000,CR,252.245,52.774,45713.169,6229.743,140.331,16004.652,2245.942
2597.000,CR,252.245,52.774,45713.169,6229.743,140.331,16004.652,2245.942
2598.000,CR,252.245,52.774,45713.169,6229.743,140.331,16004.652,2245.942
2599.000,CR,252.245,52.774,45713.169,6229.743,140.331,16004.652,2245.942
2600.000,CR,252.245,52.774,45713.169,6229.743,140.331,16004.652,2245.942
2601.000,CR,252.245,52.774,45713.169,6229.743,140.331,16004.652,2245.942
2602.000,CR,252.245,52.774,45713.169,6229.743,140.331,16004.652,2245.942
2603.000,CR,252.245,52.774,45713.169,6229.743,140.331,16004.652,2245.942
2604.000,CR,252.245,52.774,45713.169,6229.743,140.331,16004.652,2245.942
2605.000,CR,252.245,52.774,45713.169,6229.743,140.331,16004.652,2245.942
2606.000,CR,252.245,52.774,45713.169,6229.743,140.331,16004.652,2245.942
2607.000,CR,252.245,52.774,45713.169,6229.743,140.331,16004.652,2245.942
2608.000,CR,252.245,52.774,45713.169,6229.743,140.331,16004.652,2245.942
2609.000,CR,252.245,52.774,45713.169,6229.743,140.331,16004.652,2245.942
2610.000,CR,252.245,52.774,45713.169,6229.743,140.331,16004.652,2245.942
2611.000,CR,252.245,52.774,45713.169,6229.743,140.331,16004.652,2245.942
2612.000,CR,252.245,52.774,45713.169,6229.743,140.331,16004.652,2245.942
2613.000,CR,252.245,52.774,45713.169,6229.743,140.331,16004.652,2245.942
2614.000,CR,252.245,52.774,45713.169,6229.743,140.331,16004.652,2245.942
2615.000,CR,252.245,52.774,45713.169,6229.743,140.331,16004.652,2245.942
2616.000,CR,252.245,52.774,45713.169,6229.743,140.331,16004.652,2245.942
2617.000,CR,252.245,52.774,45713.169,6229.743,140.331,16004.652,2245.942
2618.000,CR,252.245,52.774,45713.169,6229.743,140.331,16004.652,2245.942
2619.000,CR,252.245,52.774,45713.169,6229.743,140.331,16004.652,2245.942
2620.000,CR,252.245,52.774,45713.169,6229.743,140.331,16004.652,2245.942
2621.000,CR,252.245,52.774,45713.169,6229.743,140.331,16004.652,2245.942
2622.000,CR,252.245,52.774,45713.169,6229.743,140.331,16004.652,2245.942
2623.000,CR,252.245,52.774,45713.169,6229.743,140.331,16004.652,2245.942
2624.000,CR,252.245,52.774,45713.169,6229.743,140.331,16004.652,2245.942
2625.000,CR,252.245,52.774,45713.169,6229.743,140.331,16004.652,2245.942
2626.000,CR,252.245,52.774,45713.169,6229.743,140.331,16004.652,2245.942
2627.000,CR,252.245,52.774,45713.169,6229.743,140.331,16004.652,2245.942
2628.000,CR,252.245,52.774,45713.169,6229.743,140.331,16004.652,2245.942
2629.000,CR,252.245,52.774,45713.169,6229.743,140.331,16004.652,2245.942
2630.000,CR,252.245,52.774,45713.169,6229.743,140.331,16004.652,2245.942
2631.000,CR,252.245,52.774,45713.169,6229.743,140.331,16004.652,2245.942
2632.000,CR,252.245,52.774,45713.169,6229.743,140.331,16004.652,2245.942
2633.000,CR,252.245,52.774,45713.169,6229.743,140.331,16004.652,2245.942
2634.000,CR,252.245,52.774,45713.169,6229.743,140.331,16004.652,2245.942
2635.000,CR,252.245,52.774,45713.169,6229.743,140.331,16004.652,2245.942
2636.000,CR,252.245,52.774,45713.169,6229.743,140.331,16004.652,2245.942
2637.000,CR,252.245,52.774,45713.169,6229.743,140.331,16004.652,2245.942
2638.000,CR,252.245,52.774,45713.169,6229.743,140.331,16004.652,2245.942
2639.000,CR,252.245,52.774,45713.169,6229.743,140.331,16004.652,2245.942
2640.000,CR,252.245,52.774,45713.169,6229.743,140.331,16004.652,2245.942
2641.000,CR,252.245,52.774,45713.169,6229.743,140.331,16004.652,2245.942
2642.000,CR,252.245,52.774,45713.169,6229.743,140.331,16004.652,2245.942
2643.000,CR,252.245,52.774,45713.169,6229.743,140.331,16004.652,2245.942
2644.000,CR,252.245,52.774,45713.169,6229.743,140.331,16004.652,2245.942
2645.000,CR,252.245,52.774,45713.169,6229.743,140.331,16004.652,2245.942
2646.000,CR,252.245,52.774,45713.169,6229.743,140.331,16004.652,2245.942
2647.000,CR,252.245,52.774,45713.169,6229.743,140.331,16004.652,2245.942
2648.000,CR,252.245,52.774,45713.169,6229.743,140.331,16004.652,2245.942
2649.000,CR,252.245,52.774,45713.169,6229.743,140.331,16004.652,2245.942
2650.000,CR,252.245,52.774,45713.169,6229.743,140.331,16004.652,2245.942
2651.000,CR,252.245,52.774,45713.169,6229.743,140.331,16004.652,2245.942
2652.000,CR,252.245,52.774,45713.169,6229.743,140.331,16004.652,2245.942
2653.000,CR,252.245,52.774,45713.169,6229.743,140.331,16004.652,2245.942
2654.000,CR,252.245,52.774,45713.169,6229.743,140.331,16004.652,2245.942
2655.000,CR,252.245,52.774,45713.169,6229.743,140.331,16004.652,2245.942
2656.000,CR,252.245,52.774,45713.169,6229.743,140.331,16004.652,2245.942
2657.000,CR,252.245,52.774,45713.169,6229.743,140.331,16004.652,2245.942
2658.000,CR,252.245,52.774,45713.169,6229.743,140.331,16004.652,2245.942
2659.000,CR,252.245,52.774,45713.169,6229.743,140.331,16004.652,2245.942
2660.000,CR,252.245,52.774,45713.169,6229.743,140.331,16004.652,2245.942
2661.000,CR,252.245,52.774,45713.169,6229.743,140.331,16004.652,2245.942
2662.000,CR,252.245,52.774,45713.169,6229.743,140.331,16004.652,2245.942
2663.000,CR,252.245,52.774,45713.169,6229.743,140.331,16004.652,2245.942
2664.000,CR,252.245,52.774,45713.169,6229.743,140.331,16004.652,2245.942
2665.000,CR,252.245,52.774,45713.169,6229.743,140.331,16004.652,2245.942
2666.000,CR,252.245,52.774,45713.169,6229.743,140.331,16004.652,2245.942
2667.000,CR,252.245,52.774,45713.169,6229.743,140.331,16004.652,2245.942
2668.000,CR,252.245,52.774,45713.169,6229.743,140.331,16004.652,2245.942
2669.000,CR,252.245,52.774,45713.169,6229.743,140.331,16004.652,2245.942
2670.000,CR,252.245,52.774,45713.169,6229.743,140.331,16004.652,2245.942
2671.000,CR,252.245,52.774,45713.169,6229.743,140.331,16004.652,2245.942
2672.000,CR,252.245,52.774,45713.169,6229.743,140.331,16004.652,2245.942
2673.000,CR,252.245,52.774,45713.169,6229.743,140.331,16004.652,2245.942
2674.000,CR,252.245,52.774,45713.169,6229.743,140.331,16004.652,2245.942
2675.000,CR,252.245,52.774,45713.169,6229.743,140.331,16004.652,2245.942
2676.000,CR,252.245,52.774,45713.169,6229.743,140.331,16004.652,2245.942
2677.000,CR,252.245,52.774,45713.169,6229.743,140.331,16004.652,2245.942
2678.000,CR,252.245,52.774,45713.169,6229.743,140.331,16004.652,2245.942
2679.000,CR,252.245,52.774,45713.169,6229.743,140.331,16004.652,2245.942
2680.000,CR,252.245,52.774,45713.169,6229.743,140.331,16004.652,2245.942
2681.000,CR,252.245,52.774,45713.169,6229.743,140.331,16004.652,2245.942
2682.000,CR,252.245,52.774,45713.169,6229.743,140.331,16004.652,2245.942
2683.000,CR,252.245,52.774,45713.169,6229.743,140.331,16004.652,2245.942
2684.000,CR,252.245,52.774,45713.169,6229.743,140.331,16004.652,2245.942
2685.000,CR,252.245,52.774,45713.169,6229.743,140.331,16004.652,2245.942
2686.000,CR,252.245,52.774,45713.169,6229.743,140.331,16004.652,2245.942
2687.000,CR,252.245,52.774,45713.169,6229.743,140.331,16004.652,2245.942
2688.000,CR,252.245,52.774,45713.169,6229.743,140.331,16004.652,2245.942
2689.000,CR,252.245,52.774,45713.169,6229.743,140.331,16004.652,2245.942
2690.000,CR,252.245,52.774,45713.169,6229.743,140.331,16004.652,2245.942
2691.000,CR,252.245,52.774,45713.169,6229.743,140.331,16004.652,2245.942
2692.000,CR,252.245,52.774,45713.169,6229.743,140.331,16004.652,2245.942
2693.000,CR,252.245,52.774,45713.169,6229.743,140.331,16004.652,2245.942
2694.000,CR,252.245,52.774,45713.169,6229.743,140.331,16004.652,2245.942
2695.000,CR,252.245,52.774,45713.169,6229.743,140.331,16004.652,2245.942
2696.000,CR,252.245,52.774,45713.169,6229.743,140.331,16004.652,2245.942
2697.000,CR,252.245,52.774,45713.169,6229.743,140.331,16004.652,2245.942
2698.000,CR,252.245,52.774,45713.169,6229.743,140.331,16004.652,2245.942
2699.000,CR,252.245,52.774,45713.169,6229.743,140.331,16004.652,2245.942
2700.000,CR,252.245,52.774,45713.169,6229.743,140.331,16004.652,2245.942
2701.000,CR,252.245,52.774,45713.169,6229.743,140.331,16004.652,2245.942
2702.000,CR,252.245,52.774,45713.169,6229.743,140.331,16004.652,2245.942
2703.000,CR,252.245,52.774,45713.169,6229.743,140.331,16004.652,2245.942
2704.000,CR,252.245,52.774,45713.169,6229.743,140.331,16004.652,2245.942
2705.000,CR,252.245,52.774,45713.169,6229.743,140.331,16004.652,2245.942
2706.000,CR,252.245,52.774,45713.169,6229.743,140.331,16004.652,2245.942
2707.000,CR,252.245,52.774,45713.169,6229.743,140.331,16004.652,2245.942
2708.000,CR,252.245,52.774,45713.169,6229.743,140.331,16004.652,2245.942
2709.000,CR,252.245,52.774,45713.169,6229.743,140.331,16004.652,2245.942
2710.000,CR,252.245,52.774,45713.169,6229.743,140.331,16004.652,2245.942
2711.000,CR,252.245,52.774,45713.169,6229.743,140.331,16004.652,2245.942
2712.000,CR,252.245,52.774,45713.169,6229.743,140.331,16004.652,2245.942
2713.000,CR,252.245,52.774,45713.169,6229.743,140.331,16004.652,2245.942
2714.000,CR,252.245,52.774,45713.169,6229.743,140.331,16004.652,2245.942
2715.000,CR,252.245,52.774,45713.169,6229.743,140.331,16004.652,2245.942
2716.000,CR,252.245,52.774,45713.169,6229.743,140.331,16004.652,2245.942
2717.000,CR,252.245,52.774,45713.169,6229.743,140.331,16004.652,2245.942
2718.000,CR,252.245,52.774,45713.169,6229.743,140.331,16004.652,2245.942
2719.000,CR,252.245,52.774,45713.169,6229.743,140.331,16004.652,2245.942
2720.000,CR,252.245,52.774,45713.169,6229.743,140.331,16004.652,2245.942
2721.000,CR,252.245,52.774,45713.169,6229.743,140.331,16004.652,2245.942
2722.000,CR,252.245,52.774,45713.169,6229.743,140.331,16004.652,2245.942
2723.000,CR,252.245,52.774,45713.169,6229.743,140.331,16004.652,2245.942
2724.000,CR,252.245,52.774,45713.169,6229.743,140.331,16004.652,2245.942
2725.000,CR,252.245,52.774,45713.169,6229.743,140.331,16004.652,2245.942
2726.000,CR,252.245,52.774,45713.169,6229.743,140.331,16004.652,2245.942
2727.000,CR,252.245,52.774,45713.169,6229.743,140.331,16004.652,2245.942
2728.000,CR,252.245,52.774,45713.169,6229.743,140.331,16004.652,2245.942
2729.000,CR,252.245,52.774,45713.169,6229.743,140.331,16004.652,2245.942
2730.000,CR,252.245,52.774,45713.169,6229.743,140.331,16004.652,2245.942
2731.000,CR,252.245,52.774,45713.169,6229.743,140.331,16004.652,2245.942
2732.000,CR,252.245,52.774,45713.169,6229.743,140.331,16004.652,2245.942
2733.000,CR,252.245,52.774,45713.169,6229.743,140.331,16004.652,2245.942
2734.000,CR,252.245,52.774,45713.169,6229.743,140.331,16004.652,2245.942
2735.000,CR,252.245,52.774,45713.169,6229.743,140.331,16004.652,2245.942
2736.000,CR,252.245,52.774,45713.169,6229.743,140.331,16004.652,2245.942
2737.000,CR,252.245,52.774,45713.169,6229.743,140.331,16004.652,2245.942
2738.000,CR,252.245,52.774,45713.169,6229.743,140.331,16004.652,2245.942
2739.000,CR,252.245,52.774,45713.169,6229.743,140.331,16004.652,2245.942
2740.000,CR,252.245,52.774,45713.169,6229.743,140.331,16004.652,2245.942
2741.000,CR,252.245,52.774,45713.169,6229.743,140.331,16004.652,2245.942
2742.000,CR,252.245,52.774,45713.169,6229.743,140.331,16004.652,2245.942
2743.000,CR,252.245,52.774,45713.169,6229.743,140.331,16004.652,2245.942
2744.000,CR,252.245,52.774,45713.169,6229.743,140.331,16004.652,2245.942
2745.000,CR,252.245,52.774,45713.169,6229.743,140.331,16004.652,2245.942
2746.000,CR,252.245,52.774,45713.169,6229.743,140.331,16004.652,2245.942
2747.000,CR,252.245,52.774,45713.169,6229.743,140.331,16004.652,2245.942
2748.000,CR,252.245,52.774,45713.169,6229.743,140.331,16004.652,2245.942
2749.000,CR,252.245,52.774,45713.169,6229.743,140.331,16004.652,2245.942
2750.000,CR,252.245,52.774,45713.169,6229.743,140.331,16004.652,2245.942
2751.000,CR,252.245,52.774,45713.169,6229.743,140.331,16004.652,2245.942
2752.000,CR,252.245,52.774,45713.169,6229.743,140.331,16004.652,2245.942
2753.000,CR,252.245,52.774,45713.169,6229.743,140.331,16004.652,2245.942
2754.000,CR,252.245,52.774,45713.169,6229.743,140.331,16004.652,2245.942
2755.000,CR,252.245,52.774,45713.169,6229.743,140.331,16004.652,2245.942
2756.000,CR,252.245,52.774,45713.169,6229.743,140.331,16004.652,2245.942
2757.000,CR,252.245,52.774,45713.169,6229.743,140.331,16004.652,2245.942
2758.000,CR,252.245,52.774,45713.169,6229.743,140.331,16004.652,2245.942
2759.000,CR,252.245,52.774,45713.169,6229.743,140.331,16004.652,2245.942
2760.000,CR,252.245,52.774,45713.169,6229.743,140.331,16004.652,2245.942
2761.000,CR,252.245,52.774,45713.169,6229.743,140.331,16004.652,2245.942
2762.000,CR,252.245,52.774,45713.169,6229.743,140.331,16004.652,2245.942
2763.000,CR,252.245,52.774,45713.169,6229.743,140.331,16004.652,2245.942
2764.000,CR,252.245,52.774,45713.169,6229.743,140.331,16004.652,2245.942
2765.000,CR,252.245,52.774,45713.169,6229.743,140.331,16004.652,2245.942
2766.000,CR,252.245,52.774,45713.169,6229.743,140.331,16004.652,2245.942
2767.000,CR,252.245,52.774,45713.169,6229.743,140.331,16004.652,2245.942
2768.000,CR,252.245,52.774,45713.169,6229.743,140.331,16004.652,2245.942
2769.000,CR,252.245,52.774,45713.169,6229.743,140.331,16004.652,2245.942
2770.000,CR,252.245,52.774,45713.169,6229.743,140.331,16004.652,2245.942
2771.000,CR,252.245,52.774,45713.169,6229.743,140.331,16004.652,2245.942
2772.000,CR,252.245,52.774,45713.169,6229.743,140.331,16004.652,2245.942
2773.000,CR,252.245,52.774,45713.169,6229.743,140.331,16004.652,2245.942
2774.000,CR,252.245,52.774,45713.169,6229.743,140.331,16004.652,2245.942
2775.000,CR,252.245,52.774,45713.169,6229.743,140.331,16004.652,2245.942
2776.000,CR,252.245,52.774,45713.169,6229.743,140.331,16004.652,2245.942
2777.000,CR,252.245,52.774,45713.169,6229.743,140.331,16004.652,2245.942
2778.000,CR,252.245,52.774,45713.169,6229.743,140.331,16004.652,2245.942
2779.000,CR,252.245,52.774,45713.169,6229.743,140.331,16004.652,2245.942
2780.000,CR,252.245,52.774,45713.169,6229.743,140.331,16004.652,2245.942
2781.000,CR,252.245,52.774,45713.169,6229.743,140.331,16004.652,2245.942
2782.000,CR,252.245,52.774,45713.169,6229.743,140.331,16004.652,2245.942
2783.000,CR,252.245,52.774,45713.169,6229.743,140.331,16004.652,2245.942
2784.000,CR,252.245,52.774,45713.169,6229.743,140.331,16004.652,2245.942
2785.000,CR,252.245,52.774,45713.169,6229.743,140.331,16004.652,2245.942
2786.000,CR,252.245,52.774,45713.169,6229.743,140.331,16004.652,2245.942
2787.000,CR,252.245,52.774,45713.169,6229.743,140.331,16004.652,2245.942
2788.000,CR,252.245,52.774,45713.169,6229.743,140.331,16004.652,2245.942
2789.000,CR,252.245,52.774,45713.169,6229.743,140.331,16004.652,2245.942
2790.000,CR,252.245,52.774,45713.169,6229.743,140.331,16004.652,2245.942
2791.000,CR,252.245,52.774,45713.169,6229.743,140.331,16004.652,2245.942
2792.000,CR,252.245,52.774,45713.169,6229.743,140.331,16004.652,2245.942
2793.000,CR,252.245,52.774,45713.169,6229.743,140.331,16004.652,2245.942
2794.000,CR,252.245,52.774,45713.169,6229.743,140.331,16004.652,2245.942
2795.000,CR,252.245,52.774,45713.169,6229.743,140.331,16004.652,2245.942
2796.000,CR,252.245,52.774,45713.169,6229.743,140.331,16004.652,2245.942
2797.000,CR,252.245,52.774,45713.169,6229.743,140.331,16004.652,2245.942
2798.000,CR,252.245,52.774,45713.169,6229.743,140.331,16004.652,2245.942
2799.000,CR,252.245,52.774,45713.169,6229.743,140.331,16004.652,2245.942
2800.000,CR,252.245,52.774,45713.169,6229.743,140.331,16004.652,2245.942
2801.000,CR,252.245,52.774,45713.169,6229.743,140.331,16004.652,2245.942
2802.000,CR,252.245,52.774,45713.169,6229.743,140.331,16004.652,2245.942
2803.000,CR,252.245,52.774,45713.169,6229.743,140.331,16004.652,2245.942
2804.000,CR,252.245,52.774,45713.169,6229.743,140.331,16004.652,2245.942
2805.000,CR,252.245,52.774,45713.169,6229.743,140.331,16004.652,2245.942
2806.000,CR,252.245,52.774,45713.169,6229.743,140.331,16004.652,2245.942
2807.000,CR,252.245,52.774,45713.169,6229.743,140.331,16004.652,2245.942
2808.000,CR,252.245,52.774,45713.169,6229.743,140.331,16004.652,2245.942
2809.000,CR,252.245,52.774,45713.169,6229.743,140.331,16004.652,2245.942
2810.000,CR,252.245,52.774,45713.169,6229.743,140.331,16004.652,2245.942
2811.000,CR,252.245,52.774,45713.169,6229.743,140.331,16004.652,2245.942
2812.000,CR,252.245,52.774,45713.169,6229.743,140.331,16004.652,2245.942
2813.000,CR,252.245,52.774,45713.169,6229.743,140.331,16004.652,2245.942
2814.000,CR,252.245,52.774,45713.169,6229.743,140.331,16004.652,2245.942
2815.000,CR,252.245,52.774,45713.169,6229.743,140.331,16004.652,2245.942
2816.000,CR,252.245,52.774,45713.169,6229.743,140.331,16004.652,2245.942
2817.000,CR,252.245,52.774,45713.169,6229.743,140.331,16004.652,2245.942
2818.000,CR,252.245,52.774,45713.169,6229.743,140.331,16004.652,2245.942
2819.000,CR,252.245,52.774,45713.169,6229.743,140.331,16004.652,2245.942
2820.000,CR,252.245,52.774,45713.169,6229.743,140.331,16004.652,2245.942
2821.000,CR,252.245,52.774,45713.169,6229.743,140.331,16004.652,2245.942
2822.000,CR,252.245,52.774,45713.169,6229.743,140.331,16004.652,2245.942
2823.000,CR,252.245,52.774,45713.169,6229.743,140.331,16004.652,2245.942
2824.000,CR,252.245,52.774,45713.169,6229.743,140.331,16004.652,2245.942
2825.000,CR,252.245,52.774,45713.169,6229.743,140.331,16004.652,2245.942
2826.000,CR,252.245,52.774,45713.169,6229.743,140.331,16004.652,2245.942
2827.000,CR,252.245,52.774,45713.169,6229.743,140.331,16004.652,2245.942
2828.000,CR,252.245,52.774,45713.169,6229.743,140.331,16004.652,2245.942
2829.000,CR,252.245,52.774,45713.169,6229.743,140.331,16004.652,2245.942
2830.000,CR,252.245,52.774,45713.169,6229.743,140.331,16004.652,2245.942
2831.000,CR,252.245,52.774,45713.169,6229.743,140.331,16004.652,2245.942
2832.000,CR,252.245,52.774,45713.169,6229.743,140.331,16004.652,2245.942
2833.000,CR,252.245,52.774,45713.169,6229.743,140.331,16004.652,2245.942
2834.000,CR,252.245,52.774,45713.169,6229.743,140.331,16004.652,2245.942
2835.000,CR,252.245,52.774,45713.169,6229.743,140.331,16004.652,2245.942
2836.000,CR,252.245,52.774,45713.169,6229.743,140.331,16004.652,2245.942
2837.000,CR,252.245,52.774,45713.169,6229.743,140.331,16004.652,2245.942
2838.000,CR,252.245,52.774,45713.169,6229.743,140.331,16004.652,2245.942
2839.000,CR,252.245,52.774,45713.169,6229.743,140.331,16004.652,2245.942
2840.000,CR,252.245,52.774,45713.169,6229.743,140.331,16004.652,2245.942
2841.000,CR,252.245,52.774,45713.169,6229.743,140.331,16004.652,2245.942
2842.000,CR,252.245,52.774,45713.169,6229.743,140.331,16004.652,2245.942
2843.000,CR,252.245,52.774,45713.169,6229.743,140.331,16004.652,2245.942
2844.000,CR,252.245,52.774,45713.169,6229.743,140.331,16004.652,2245.942
2845.000,CR,252.245,52.774,45713.169,6229.743,140.331,16004.652,2245.942
2846.000,CR,252.245,52.774,45713.169,6229.743,140.331,16004.652,2245.942
2847.000,CR,252.245,52.774,45713.169,6229.743,140.331,16004.652,2245.942
2848.000,CR,252.245,52.774,45713.169,6229.743,140.331,16004.652,2245.942
2849.000,CR,252.245,52.774,45713.169,6229.743,140.331,16004.652,2245.942
2850.000,CR,252.245,52.774,45713.169,6229.743,140.331,16004.652,2245.942
2851.000,CR,252.245,52.774,45713.169,6229.743,140.331,16004.652,2245.942
2852.000,CR,252.245,52.774,45713.169,6229.743,140.331,16004.652,2245.942
2853.000,CR,252.245,52.774,45713.169,6229.743,140.331,16004.652,2245.942
2854.000,CR,252.245,52.774,45713.169,6229.743,140.331,16004.652,2245.942
2855.000,CR,252.245,52.774,45713.169,6229.743,140.331,16004.652,2245.942
2856.000,CR,252.245,52.774,45713.169,6229.743,140.331,16004.652,2245.942
2857.000,CR,252.245,52.774,45713.169,6229.743,140.331,16004.652,2245.942
2858.000,CR,252.245,52.774,45713.169,6229.743,140.331,16004.652,2245.942
2859.000,CR,252.245,52.774,45713.169,6229.743,140.331,16004.652,2245.942
2860.000,CR,252.245,52.774,45713.169,6229.743,140.331,16004.652,2245.942
2861.000,CR,252.245,52.774,45713.169,6229.743,140.331,16004.652,2245.942
2862.000,CR,252.245,52.774,45713.169,6229.743,140.331,16004.652,2245.942
2863.000,CR,252.245,52.774,45713.169,6229.743,140.331,16004.652,2245.942
2864.000,CR,252.245,52.774,45713.169,6229.743,140.331,16004.652,2245.942
2865.000,CR,252.245,52.774,45713.169,6229.743,140.331,16004.652,2245.942
2866.000,CR,252.245,52.774,45713.169,6229.743,140.331,16004.652,2245.942
2867.000,CR,252.245,52.774,45713.169,6229.743,140.331,16004.652,2245.942
2868.000,CR,252.245,52.774,45713.169,6229.743,140.331,16004.652,2245.942
2869.000,CR,252.245,52.774,45713.169,6229.743,140.331,16004.652,2245.942
2870.000,CR,252.245,52.774,45713.169,6229.743,140.331,16004.652,2245.942
2871.000,CR,252.245,52.774,45713.169,6229.743,140.331,16004.652,2245.942
2872.000,CR,252.245,52.774,45713.169,6229.743,140.331,16004.652,2245.942
2873.000,CR,252.245,52.774,45713.169,6229.743,140.331,16004.652,2245.942
2874.000,CR,252.245,52.774,45713.169,6229.743,140.331,16004.652,2245.942
2875.000,CR,252.245,52.774,45713.169,6229.743,140.331,16004.652,2245.942
2876.000,CR,252.245,52.774,45713.169,6229.743,140.331,16004.652,2245.942
2877.000,CR,252.245,52.774,45713.169,6229.743,140.331,16004.652,2245.942
2878.000,CR,252.245,52.774,45713.169,6229.743,140.331,16004.652,2245.942
2879.000,CR,252.245,52.774,45713.169,6229.743,140.331,16004.652,2245.942
2880.000,CR,252.245,52.774,45713.169,6229.743,140.331,16004.652,2245.942
2881.000,CR,252.245,52.774,45713.169,6229.743,140.331,16004.652,2245.942
2882.000,CR,252.245,52.774,45713.169,6229.743,140.331,16004.652,2245.942
2883.000,CR,252.245,52.774,45713.169,6229.743,140.331,16004.652,2245.942
2884.000,CR,252.245,52.774,45713.169,6229.743,140.331,16004.652,2245.942
2885.000,CR,252.245,52.774,45713.169,6229.743,140.331,16004.652,2245.942
2886.000,CR,252.245,52.774,45713.169,6229.743,140.331,16004.652,2245.942
2887.000,CR,252.245,52.774,45713.169,6229.743,140.331,16004.652,2245.942
2888.000,CR,252.245,52.774,45713.169,6229.743,140.331,16004.652,2245.942
2889.000,CR,252.245,52.774,45713.169,6229.743,140.331,16004.652,2245.942
2890.000,CR,252.245,52.774,45713.169,6229.743,140.331,16004.652,2245.942
2891.000,CR,252.245,52.774,45713.169,6229.743,140.331,16004.652,2245.942
2892.000,CR,252.245,52.774,45713.169,6229.743,140.331,16004.652,2245.942
2893.000,CR,252.245,52.774,45713.169,6229.743,140.331,16004.652,2245.942
2894.000,CR,252.245,52.774,45713.169,6229.743,140.331,16004.652,2245.942
2895.000,CR,252.245,52.774,45713.169,6229.743,140.331,16004.652,2245.942
2896.000,CR,252.245,52.774,45713.169,6229.743,140.331,16004.652,2245.942
2897.000,CR,252.245,52.774,45713.169,6229.743,140.331,16004.652,2245.942
2898.000,CR,252.245,52.774,45713.169,6229.743,140.331,16004.652,2245.942
2899.000,CR,252.245,52.774,45713.169,6229.743,140.331,16004.652,2245.942
2900.000,CR,252.245,52.774,45713.169,6229.743,140.331,16004.652,2245.942
2901.000,CR,252.245,52.774,45713.169,6229.743,140.331,16004.652,2245.942
2902.000,CR,252.245,52.774,45713.169,6229.743,140.331,16004.652,2245.942
2903.000,CR,252.245,52.774,45713.169,6229.743,140.331,16004.652,2245.942
2904.000,CR,252.245,52.774,45713.169,6229.743,140.331,16004.652,2245.942
2905.000,CR,252.245,52.774,45713.169,6229.743,140.331,16004.652,2245.942
2906.000,CR,252.245,52.774,45713.169,6229.743,140.331,16004.652,2245.942
2907.000,CR,252.245,52.774,45713.169,6229.743,140.331,16004.652,2245.942
2908.000,CR,252.245,52.774,45713.169,6229.743,140.331,16004.652,2245.942
2909.000,CR,252.245,52.774,45713.169,6229.743,140.331,16004.652,2245.942
2910.000,CR,252.245,52.774,45713.169,6229.743,140.331,16004.652,2245.942
2911.000,CR,252.245,52.774,45713.169,6229.743,140.331,16004.652,2245.942
2912.000,CR,252.245,52.774,45713.169,6229.743,140.331,16004.652,2245.942
2913.000,CR,252.245,52.774,45713.169,6229.743,140.331,16004.652,2245.942
2914.000,CR,252.245,52.774,45713.169,6229.743,140.331,16004.652,2245.942
2915.000,CR,252.245,52.774,45713.169,6229.743,140.331,16004.652,2245.942
2916.000,CR,252.245,52.774,45713.169,6229.743,140.331,16004.652,2245.942
2917.000,CR,252.245,52.774,45713.169,6229.743,140.331,16004.652,2245.942
2918.000,CR,252.245,52.774,45713.169,6229.743,140.331,16004.652,2245.942
2919.000,CR,252.245,52.774,45713.169,6229.743,140.331,16004.652,2245.942
2920.000,CR,252.245,52.774,45713.169,6229.743,140.331,16004.652,2245.942
2921.000,CR,252.245,52.774,45713.169,6229.743,140.331,16004.652,2245.942
2922.000,CR,252.245,52.774,45713.169,6229.743,140.331,16004.652,2245.942
2923.000,CR,252.245,52.774,45713.169,6229.743,140.331,16004.652,2245.942
2924.000,CR,252.245,52.774,45713.169,6229.743,140.331,16004.652,2245.942
2925.000,CR,252.245,52.774,45713.169,6229.743,140.331,16004.652,2245.942
2926.000,CR,252.245,52.774,45713.169,6229.743,140.331,16004.652,2245.942
2927.000,CR,252.245,52.774,45713.169,6229.743,140.331,16004.652,2245.942
2928.000,CR,252.245,52.774,45713.169,6229.743,140.331,16004.652,2245.942
2929.000,CR,252.245,52.774,45713.169,6229.743,140.331,16004.652,2245.942
2930.000,CR,252.245,52.774,45713.169,6229.743,140.331,16004.652,2245.942
2931.000,CR,252.245,52.774,45713.169,6229.743,140.331,16004.652,2245.942
2932.000,CR,252.245,52.774,45713.169,6229.743,140.331,16004.652,2245.942
2933.000,CR,252.245,52.774,45713.169,6229.743,140.331,16004.652,2245.942
2934.000,CR,252.245,52.774,45713.169,6229.743,140.331,16004.652,2245.942
2935.000,CR,252.245,52.774,45713.169,6229.743,140.331,16004.652,2245.942
2936.000,CR,252.245,52.774,45713.169,6229.743,140.331,16004.652,2245.942
2937.000,CR,252.245,52.774,45713.169,6229.743,140.331,16004.652,2245.942
2938.000,CR,252.245,52.774,45713.169,6229.743,140.331,16004.652,2245.942
2939.000,CR,252.245,52.774,45713.169,6229.743,140.331,16004.652,2245.942
2940.000,CR,252.245,52.774,45713.169,6229.743,140.331,16004.652,2245.942
2941.000,CR,252.245,52.774,45713.169,6229.743,140.331,16004.652,2245.942
2942.000,CR,252.245,52.774,45713.169,6229.743,140.331,16004.652,2245.942
2943.000,CR,252.245,52.774,45713.169,6229.743,140.331,16004.652,2245.942
2944.000,CR,252.245,52.774,45713.169,6229.743,140.331,16004.652,2245.942
2945.000,CR,252.245,52.774,45713.169,6229.743,140.331,16004.652,2245.942
2946.000,CR,252.245,52.774,45713.169,6229.743,140.331,16004.652,2245.942
2947.000,CR,252.245,52.774,45713.169,6229.743,140.331,16004.652,2245.942
2948.000,CR,252.245,52.774,45713.169,6229.743,140.331,16004.652,2245.942
2949.000,CR,252.245,52.774,45713.169,6229.743,140.331,16004.652,2245.942
2950.000,CR,252.245,52.774,45713.169,6229.743,140.331,16004.652,2245.942
2951.000,CR,252.245,52.774,45713.169,6229.743,140.331,16004.652,2245.942
2952.000,CR,252.245,52.774,45713.169,6229.743,140.331,16004.652,2245.942
2953.000,CR,252.245,52.774,45713.169,6229.743,140.331,16004.652,2245.942
2954.000,CR,252.245,52.774,45713.169,6229.743,140.331,16004.652,2245.942
2955.000,CR,252.245,52.774,45713.169,6229.743,140.331,16004.652,2245.942
2956.000,CR,252.245,52.774,45713.169,6229.743,140.331,16004.652,2245.942
2957.000,CR,252.245,52.774,45713.169,6229.743,140.331,16004.652,2245.942
2958.000,CR,252.245,52.774,45713.169,6229.743,140.331,16004.652,2245.942
2959.000,CR,252.245,52.774,45713.169,6229.743,140.331,16004.652,2245.942
2960.000,CR,252.245,52.774,45713.169,6229.743,140.331,16004.652,2245.942
2961.000,CR,252.245,52.774,45713.169,6229.743,140.331,16004.652,2245.942
2962.000,CR,252.245,52.774,45713.169,6229.743,140.331,16004.652,2245.942
2963.000,CR,252.245,52.774,45713.169,6229.743,140.331,16004.652,2245.942
2964.000,CR,252.245,52.774,45713.169,6229.743,140.331,16004.652,2245.942
2965.000,CR,252.245,52.774,45713.169,6229.743,140.331,16004.652,2245.942
2966.000,CR,252.245,52.774,45713.169,6229.743,140.331,16004.652,2245.942
2967.000,CR,252.245,52.774,45713.169,6229.743,140.331,16004.652,2245.942
2968.000,CR,252.245,52.774,45713.169,6229.743,140.331,16004.652,2245.942
2969.000,CR,252.245,52.774,45713.169,6229.743,140.331,16004.652,2245.942
2970.000,CR,252.245,52.774,45713.169,6229.743,140.331,16004.652,2245.942
2971.000,CR,252.245,52.774,45713.169,6229.743,140.331,16004.652,2245.942
2972.000,CR,252.245,52.774,45713.169,6229.743,140.331,16004.652,2245.942
2973.000,CR,252.245,52.774,45713.169,6229.743,140.331,16004.652,2245.942
2974.000,CR,252.245,52.774,45713.169,6229.743,140.331,16004.652,2245.942
2975.000,CR,252.245,52.774,45713.169,6229.743,140.331,16004.652,2245.942
2976.000,CR,252.245,52.774,45713.169,6229.743,140.331,16004.652,2245.942
2977.000,CR,252.245,52.774,45713.169,6229.743,140.331,16004.652,2245.942
2978.000,CR,252.245,52.774,45713.169,6229.743,140.331,16004.652,2245.942
2979.000,CR,252.245,52.774,45713.169,6229.743,140.331,16004.652,2245.942
2980.000,CR,252.245,52.774,45713.169,6229.743,140.331,16004.652,2245.942
2981.000,CR,252.245,52.774,45713.169,6229.743,140.331,16004.652,2245.942
2982.000,CR,252.245,52.774,45713.169,6229.743,140.331,16004.652,2245.942
2983.000,CR,252.245,52.774,45713.169,6229.743,140.331,16004.652,2245.942
2984.000,CR,252.245,52.774,45713.169,6229.743,140.331,16004.652,2245.942
2985.000,CR,252.245,52.774,45713.169,6229.743,140.331,16004.652,2245.942
2986.000,CR,252.245,52.774,45713.169,6229.743,140.331,16004.652,2245.942
2987.000,CR,252.245,52.774,45713.169,6229.743,140.331,16004.652,2245.942
2988.000,CR,252.245,52.774,45713.169,6229.743,140.331,16004.652,2245.942
2989.000,CR,252.245,52.774,45713.169,6229.743,140.331,16004.652,2245.942
2990.000,CR,252.245,52.774,45713.169,6229.743,140.331,16004.652,2245.942
2991.000,CR,252.245,52.774,45713.169,6229.743,140.331,16004.652,2245.942
2992.000,CR,252.245,52.774,45713.169,6229.743,140.331,16004.652,2245.942
2993.000,CR,252.245,52.774,45713.169,6229.743,140.331,16004.652,2245.942
2994.000,CR,252.245,52.774,45713.169,6229.743,140.331,16004.652,2245.942
2995.000,CR,252.245,52.774,45713.169,6229.743,140.331,16004.652,2245.942
2996.000,CR,252.245,52.774,45713.169,6229.743,140.331,16004.652,2245.942
2997.000,CR,252.245,52.774,45713.169,6229.743,140.331,16004.652,2245.942
2998.000,CR,252.245,52.774,45713.169,6229.743,140.331,16004.652,2245.942
2999.000,CR,252.245,52.774,45713.169,6229.743,140.331,16004.652,2245.942
3000.000,CR,252.245,52.774,45713.169,6229.743,140.331,16004.652,2245.942
3001.000,CR,252.245,52.774,45713.169,6229.743,140.331,16004.652,2245.942
3002.000,CR,252.245,52.774,45713.169,6229.743,140.331,16004.652,2245.942
3003.000,CR,252.245,52.774,45713.169,6229.743,140.331,16004.652,2245.942
3004.000,CR,252.245,52.774,45713.169,6229.743,140.331,16004.652,2245.942
3005.000,CR,252.245,52.774,45713.169,6229.743,140.331,16004.652,2245.942
3006.000,CR,252.245,52.774,45713.169,6229.743,140.331,16004.652,2245.942
3007.000,CR,252.245,52.774,45713.169,6229.743,140.331,16004.652,2245.942
3008.000,CR,252.245,52.774,45713.169,6229.743,140.331,16004.652,2245.942
3009.000,CR,252.245,52.774,45713.169,6229.743,140.331,16004.652,2245.942
3010.000,CR,252.245,52.774,45713.169,6229.743,140.331,16004.652,2245.942
3011.000,CR,252.245,52.774,45713.169,6229.743,140.331,16004.652,2245.942
3012.000,CR,252.245,52.774,45713.169,6229.743,140.331,16004.652,2245.942
3013.000,CR,252.245,52.774,45713.169,6229.743,140.331,16004.652,2245.942
3014.000,CR,252.245,52.774,45713.169,6229.743,140.331,16004.652,2245.942
3015.000,CR,252.245,52.774,45713.169,6229.743,140.331,16004.652,2245.942
3016.000,CR,252.245,52.774,45713.169,6229.743,140.331,16004.652,2245.942
3017.000,CR,252.245,52.774,45713.169,6229.743,140.331,16004.652,2245.942
3018.000,CR,252.245,52.774,45713.169,6229.743,140.331,16004.652,2245.942
3019.000,CR,252.245,52.774,45713.169,6229.743,140.331,16004.652,2245.942
3020.000,CR,252.245,52.774,45713.169,6229.743,140.331,16004.652,2245.942
3021.000,CR,252.245,52.774,45713.169,6229.743,140.331,16004.652,2245.942
3022.000,CR,252.245,52.774,45713.169,6229.743,140.331,16004.652,2245.942
3023.000,CR,252.245,52.774,45713.169,6229.743,140.331,16004.652,2245.942
3024.000,CR,252.245,52.774,45713.169,6229.743,140.331,16004.652,2245.942
3025.000,CR,252.245,52.774,45713.169,6229.743,140.331,16004.652,2245.942
3026.000,CR,252.245,52.774,45713.169,6229.743,140.331,16004.652,2245.942
3027.000,CR,252.245,52.774,45713.169,6229.743,140.331,16004.652,2245.942
3028.000,CR,252.245,52.774,45713.169,6229.743,140.331,16004.652,2245.942
3029.000,CR,252.245,52.774,45713.169,6229.743,140.331,16004.652,2245.942
3030.000,CR,252.245,52.774,45713.169,6229.743,140.331,16004.652,2245.942
3031.000,CR,252.245,52.774,45713.169,6229.743,140.331,16004.652,2245.942
3032.000,CR,252.245,52.774,45713.169,6229.743,140.331,16004.652,2245.942
3033.000,CR,252.245,52.774,45713.169,6229.743,140.331,16004.652,2245.942
3034.000,CR,252.245,52.774,45713.169,6229.743,140.331,16004.652,2245.942
3035.000,CR,252.245,52.774,45713.169,6229.743,140.331,16004.652,2245.942
3036.000,CR,252.245,52.774,45713.169,6229.743,140.331,16004.652,2245.942
3037.000,CR,252.245,52.774,45713.169,6229.743,140.331,16004.652,2245.942
3038.000,CR,252.245,52.774,45713.169,6229.743,140.331,16004.652,2245.942
3039.000,CR,252.245,52.774,45713.169,6229.743,140.331,16004.652,2245.942
3040.000,CR,252.245,52.774,45713.169,6229.743,140.331,16004.652,2245.942
3041.000,CR,252.245,52.774,45713.169,6229.743,140.331,16004.652,2245.942
3042.000,CR,252.245,52.774,45713.169,6229.743,140.331,16004.652,2245.942
3043.000,CR,252.245,52.774,45713.169,6229.743,140.331,16004.652,2245.942
3044.000,CR,252.245,52.774,45713.169,6229.743,140.331,16004.652,2245.942
3045.000,CR,252.245,52.774,45713.169,6229.743,140.331,16004.652,2245.942
3046.000,CR,252.245,52.774,45713.169,6229.743,140.331,16004.652,2245.942
3047.000,CR,252.245,52.774,45713.169,6229.743,140.331,16004.652,2245.942
3048.000,CR,252.245,52.774,45713.169,6229.743,140.331,16004.652,2245.942
3049.000,CR,252.245,52.774,45713.169,6229.743,140.331,16004.652,2245.942
3050.000,CR,252.245,52.774,45713.169,6229.743,140.331,16004.652,2245.942
3051.000,CR,252.245,52.774,45713.169,6229.743,140.331,16004.652,2245.942
3052.000,CR,252.245,52.774,45713.169,6229.743,140.331,16004.652,2245.942
3053.000,CR,252.245,52.774,45713.169,6229.743,140.331,16004.652,2245.942
3054.000,CR,252.245,52.774,45713.169,6229.743,140.331,16004.652,2245.942
3055.000,CR,252.245,52.774,45713.169,6229.743,140.331,16004.652,2245.942
3056.000,CR,252.245,52.774,45713.169,6229.743,140.331,16004.652,2245.942
3057.000,CR,252.245,52.774,45713.169,6229.743,140.331,16004.652,2245.942
3058.000,CR,252.245,52.774,45713.169,6229.743,140.331,16004.652,2245.942
3059.000,CR,252.245,52.774,45713.169,6229.743,140.331,16004.652,2245.942
3060.000,CR,252.245,52.774,45713.169,6229.743,140.331,16004.652,2245.942
3061.000,CR,252.245,52.774,45713.169,6229.743,140.331,16004.652,2245.942
3062.000,CR,252.245,52.774,45713.169,6229.743,140.331,16004.652,2245.942
3063.000,CR,252.245,52.774,45713.169,6229.743,140.331,16004.652,2245.942
3064.000,CR,252.245,52.774,45713.169,6229.743,140.331,16004.652,2245.942
3065.000,CR,252.245,52.774,45713.169,6229.743,140.331,16004.652,2245.942
3066.000,CR,252.245,52.774,45713.169,6229.743,140.331,16004.652,2245.942
3067.000,CR,252.245,52.774,45713.169,6229.743,140.331,16004.652,2245.942
3068.000,CR,252.245,52.774,45713.169,6229.743,140.331,16004.652,2245.942
3069.000,CR,252.245,52.774,45713.169,6229.743,140.331,16004.652,2245.942
3070.000,CR,252.245,52.774,45713.169,6229.743,140.331,16004.652,2245.942
3071.000,CR,252.245,52.774,45713.169,6229.743,140.331,16004.652,2245.942
3072.000,CR,252.245,52.774,45713.169,6229.743,140.331,16004.652,2245.942
3073.000,CR,252.245,52.774,45713.169,6229.743,140.331,16004.652,2245.942
3074.000,CR,252.245,52.774,45713.169,6229.743,140.331,16004.652,2245.942
3075.000,CR,252.245,52.774,45713.169,6229.743,140.331,16004.652,2245.942
3076.000,CR,252.245,52.774,45713.169,6229.743,140.331,16004.652,2245.942
3077.000,CR,252.245,52.774,45713.169,6229.743,140.331,16004.652,2245.942
3078.000,CR,252.245,52.774,45713.169,6229.743,140.331,16004.652,2245.942
3079.000,CR,252.245,52.774,45713.169,6229.743,140.331,16004.652,2245.942
3080.000,CR,252.245,52.774,45713.169,6229.743,140.331,16004.652,2245.942
3081.000,CR,252.245,52.774,45713.169,6229.743,140.331,16004.652,2245.942
3082.000,CR,252.245,52.774,45713.169,6229.743,140.331,16004.652,2245.942
3083.000,CR,252.245,52.774,45713.169,6229.743,140.331,16004.652,2245.942
3084.000,CR,252.245,52.774,45713.169,6229.743,140.331,16004.652,2245.942
3085.000,CR,252.245,52.774,45713.169,6229.743,140.331,16004.652,2245.942
3086.000,CR,252.245,52.774,45713.169,6229.743,140.331,16004.652,2245.942
3087.000,CR,252.245,52.774,45713.169,6229.743,140.331,16004.652,2245.942
3088.000,CR,252.245,52.774,45713.169,6229.743,140.331,16004.652,2245.942
3089.000,CR,252.245,52.774,45713.169,6229.743,140.331,16004.652,2245.942
3090.000,CR,252.245,52.774,45713.169,6229.743,140.331,16004.652,2245.942
3091.000,CR,252.245,52.774,45713.169,6229.743,140.331,16004.652,2245.942
3092.000,CR,252.245,52.774,45713.169,6229.743,140.331,16004.652,2245.942
3093.000,CR,252.245,52.774,45713.169,6229.743,140.331,16004.652,2245.942
3094.000,CR,252.245,52.774,45713.169,6229.743,140.331,16004.652,2245.942
3095.000,CR,252.245,52.774,45713.169,6229.743,140.331,16004.652,2245.942
3096.000,CR,252.245,52.774,45713.169,6229.743,140.331,16004.652,2245.942
3097.000,CR,252.245,52.774,45713.169,6229.743,140.331,16004.652,2245.942
3098.000,CR,252.245,52.774,45713.169,6229.743,140.331,16004.652,2245.942
3099.000,CR,252.245,52.774,45713.169,6229.743,140.331,16004.652,2245.942
3100.000,CR,252.245,52.774,45713.169,6229.743,140.331,16004.652,2245.942
3101.000,CR,252.245,52.774,45713.169,6229.743,140.331,16004.652,2245.942
3102.000,CR,252.245,52.774,45713.169,6229.743,140.331,16004.652,2245.942
3103.000,CR,252.245,52.774,45713.169,6229.743,140.331,16004.652,2245.942
3104.000,CR,252.245,52.774,45713.169,6229.743,140.331,16004.652,2245.942
3105.000,CR,252.245,52.774,45713.169,6229.743,140.331,16004.652,2245.942
3106.000,CR,252.245,52.774,45713.169,6229.743,140.331,16004.652,2245.942
3107.000,CR,252.245,52.774,45713.169,6229.743,140.331,16004.652,2245.942
3108.000,CR,252.245,52.774,45713.169,6229.743,140.331,16004.652,2245.942
3109.000,CR,252.245,52.774,45713.169,6229.743,140.331,16004.652,2245.942
3110.000,CR,252.245,52.774,45713.169,6229.743,140.331,16004.652,2245.942
3111.000,CR,252.245,52.774,45713.169,6229.743,140.331,16004.652,2245.942
3112.000,CR,252.245,52.774,45713.169,6229.743,140.331,16004.652,2245.942
3113.000,CR,252.245,52.774,45713.169,6229.743,140.331,16004.652,2245.942
3114.000,CR,252.245,52.774,45713.169,6229.743,140.331,16004.652,2245.942
3115.000,CR,252.245,52.774,45713.169,6229.743,140.331,16004.652,2245.942
3116.000,CR,252.245,52.774,45713.169,6229.743,140.331,16004.652,2245.942
3117.000,CR,252.245,52.774,45713.169,6229.743,140.331,16004.652,2245.942
3118.000,CR,252.245,52.774,45713.169,6229.743,140.331,16004.652,2245.942
3119.000,CR,252.245,52.774,45713.169,6229.743,140.331,16004.652,2245.942
3120.000,CR,252.245,52.774,45713.169,6229.743,140.331,16004.652,2245.942
3121.000,CR,252.245,52.774,45713.169,6229.743,140.331,16004.652,2245.942
3122.000,CR,252.245,52.774,45713.169,6229.743,140.331,16004.652,2245.942
3123.000,CR,252.245,52.774,45713.169,6229.743,140.331,16004.652,2245.942
3124.000,CR,252.245,52.774,45713.169,6229.743,140.331,16004.652,2245.942
3125.000,CR,252.245,52.774,45713.169,6229.743,140.331,16004.652,2245.942
3126.000,CR,252.245,52.774,45713.169,6229.743,140.331,16004.652,2245.942
3127.000,CR,252.245,52.774,45713.169,6229.743,140.331,16004.652,2245.942
3128.000,CR,252.245,52.774,45713.169,6229.743,140.331,16004.652,2245.942
3129.000,CR,252.245,52.774,45713.169,6229.743,140.331,16004.652,2245.942
3130.000,CR,252.245,52.774,45713.169,6229.743,140.331,16004.652,2245.942
3131.000,CR,252.245,52.774,45713.169,6229.743,140.331,16004.652,2245.942
3132.000,CR,252.245,52.774,45713.169,6229.743,140.331,16004.652,2245.942
3133.000,CR,252.245,52.774,45713.169,6229.743,140.331,16004.652,2245.942
3134.000,CR,252.245,52.774,45713.169,6229.743,140.331,16004.652,2245.942
3135.000,CR,252.245,52.774,45713.169,6229.743,140.331,16004.652,2245.942
3136.000,CR,252.245,52.774,45713.169,6229.743,140.331,16004.652,2245.942
3137.000,CR,252.245,52.774,45713.169,6229.743,140.331,16004.652,2245.942
3138.000,CR,252.245,52.774,45713.169,6229.743,140.331,16004.652,2245.942
3139.000,CR,252.245,52.774,45713.169,6229.743,140.331,16004.652,2245.942
3140.000,CR,252.245,52.774,45713.169,6229.743,140.331,16004.652,2245.942
3141.000,CR,252.245,52.774,45713.169,6229.743,140.331,16004.652,2245.942
3142.000,CR,252.245,52.774,45713.169,6229.743,140.331,16004.652,2245.942
3143.000,CR,252.245,52.774,45713.169,6229.743,140.331,16004.652,2245.942
3144.000,CR,252.245,52.774,45713.169,6229.743,140.331,16004.652,2245.942
3145.000,CR,252.245,52.774,45713.169,6229.743,140.331,16004.652,2245.942
3146.000,CR,252.245,52.774,45713.169,6229.743,140.331,16004.652,2245.942
3147.000,CR,252.245,52.774,45713.169,6229.743,140.331,16004.652,2245.942
3148.000,CR,252.245,52.774,45713.169,6229.743,140.331,16004.652,2245.942
3149.000,CR,252.245,52.774,45713.169,6229.743,140.331,16004.652,2245.942
3150.000,CR,252.245,52.774,45713.169,6229.743,140.331,16004.652,2245.942
3151.000,CR,252.245,52.774,45713.169,6229.743,140.331,16004.652,2245.942
3152.000,CR,252.245,52.774,45713.169,6229.743,140.331,16004.652,2245.942
3153.000,CR,252.245,52.774,45713.169,6229.743,140.331,16004.652,2245.942
3154.000,CR,252.245,52.774,45713.169,6229.743,140.331,16004.652,2245.942
3155.000,CR,252.245,52.774,45713.169,6229.743,140.331,16004.652,2245.942
3156.000,CR,252.245,52.774,45714.525,6229.528,140.314,16006.505,2245.942
3157.000,CR,252.245,52.774,45718.534,6228.892,140.266,16011.986,2245.942
3158.000,CR,252.245,52.774,45725.105,6227.850,140.188,16020.975,2245.942
3159.000,CR,252.245,52.774,45734.146,6226.417,140.079,16033.359,2245.942
3160.000,CR,252.245,52.774,45745.568,6224.607,139.943,16049.029,2245.942
3161.000,CR,252.245,52.774,45759.280,6222.434,139.778,16067.878,2245.942
3162.000,CR,252.245,52.774,45775.193,6219.913,139.588,16089.801,2245.942
3163.000,CR,252.245,52.774,45793.217,6217.058,139.372,16114.697,2245.942
3164.000,CR,252.245,52.774,45813.262,6213.884,139.133,16142.467,2245.942
3165.000,CR,252.245,52.774,45835.239,6210.406,138.870,16173.011,2245.942
3166.000,CR,252.245,52.774,45859.058,6206.638,138.585,16206.233,2245.942
3167.000,CR,252.245,52.774,45884.630,6202.594,138.280,16242.037,2245.942
3168.000,CR,252.245,52.774,45911.866,6198.289,137.954,16280.327,2245.942
3169.000,CR,252.245,52.774,45940.675,6193.738,137.611,16321.006,2245.942
3170.000,CR,252.245,52.774,45970.970,6188.954,137.249,16363.978,2245.942
3171.000,CR,252.245,52.774,46002.659,6183.953,136.871,16409.148,2245.942
3172.000,CR,252.245,52.774,46035.653,6178.749,136.478,16456.417,2245.942
3173.000,CR,252.245,52.774,46069.863,6173.357,136.071,16505.686,2245.942
3174.000,CR,252.245,52.774,46105.199,6167.790,135.650,16556.857,2245.942
3175.000,CR,252.245,52.774,46141.570,6162.064,135.218,16609.825,2245.942
3176.000,CR,252.245,52.774,46178.887,6156.193,134.774,16664.488,2245.942
3177.000,CR,252.245,52.774,46217.058,6150.191,134.321,16720.740,2245.942
3178.000,CR,252.245,52.774,46255.994,6144.073,133.859,16778.471,2245.942
3179.000,CR,252.245,52.774,46295.603,6137.854,133.389,16837.570,2245.942
3180.000,CR,252.245,52.774,46335.794,6131.548,132.912,16897.923,2245.942
3181.000,CR,252.245,52.774,46376.476,6125.169,132.430,16959.412,2245.942
3182.000,CR,252.245,52.774,46417.557,6118.732,131.944,17021.915,2245.942
3183.000,CR,252.245,52.774,46458.946,6112.252,131.455,17085.307,2245.942
3184.000,CR,252.245,52.774,46500.550,6105.743,130.963,17149.461,2245.942
3185.000,DE,270.994,62.038,46542.277,6099.219,130.470,9103.721,1187.762
3186.000,DE,270.994,62.038,46584.034,6092.695,129.977,9138.241,1187.762
3187.000,DE,270.994,62.038,46625.729,6086.186,129.485,9172.945,1187.762
3188.000,DE,270.994,62.038,46667.268,6079.706,128.996,9207.758,1187.762
3189.000,DE,270.994,62.038,46708.558,6073.269,128.510,9242.600,1187.762
3190.000,DE,270.994,62.038,46749.504,6066.890,128.028,9277.388,1187.762
3191.000,DE,270.994,62.038,46790.014,6060.584,127.551,9312.040,1187.762
3192.000,DE,270.994,62.038,46829.993,6054.365,127.081,9346.468,1187.762
3193.000,DE,270.994,62.038,46869.346,6048.247,126.619,9380.583,1187.762
3194.000,DE,270.994,62.038,46907.979,6042.245,126.166,9414.295,1187.762
3195.000,DE,270.994,62.038,46945.797,6036.374,125.722,9447.508,1187.762
3196.000,DE,270.994,62.038,46982.704,6030.648,125.290,9480.127,1187.762
3197.000,DE,270.994,62.038,47018.605,6025.081,124.869,9512.055,1187.762
3198.000,DE,270.994,62.038,47053.406,6019.689,124.462,9543.189,1187.762
3199.000,DE,270.994,62.038,47087.009,6014.485,124.069,9573.430,1187.762
3200.000,DE,270.994,62.038,47119.320,6009.484,123.691,9602.671,1187.762
3201.000,DE,270.994,62.038,47150.242,6004.700,123.329,9630.808,1187.762
3202.000,DE,270.994,62.038,47179.679,6000.149,122.986,9657.734,1187.762
3203.000,DE,270.994,62.038,47207.535,5995.844,122.660,9683.340,1187.762
3204.000,DE,270.994,62.038,47233.714,5991.800,122.355,9707.518,1187.762
3205.000,DE,270.994,62.038,47258.120,5988.032,122.070,9730.156,1187.762
3206.000,DE,270.994,62.038,47280.657,5984.554,121.807,9751.147,1187.762
3207.000,DE,270.994,62.038,47301.227,5981.380,121.568,9770.378,1187.762
3208.000,DE,270.994,62.038,47319.736,5978.525,121.352,9787.741,1187.762
3209.000,DE,270.994,62.038,47336.087,5976.004,121.162,9803.126,1187.762
3210.000,DE,270.994,62.038,47350.184,5973.831,120.997,9816.427,1187.762
3211.000,DE,270.994,62.038,47361.932,5972.021,120.861,9827.535,1187.762
3212.000,DE,270.994,62.038,47371.234,5970.588,120.752,9836.348,1187.762
3213.000,DE,270.994,62.038,47377.997,5969.546,120.674,9842.763,1187.762
3214.000,DE,270.994,62.038,47382.123,5968.910,120.626,9846.682,1187.762
3215.000,DE,270.994,62.038,47383.520,5968.695,120.609,9848.009,1187.762
3216.000,DE,270.994,62.038,47440.037,5959.993,120.609,9848.009,1187.762
3217.000,DE,270.994,62.038,47496.610,5951.292,120.609,9848.009,1187.762
3218.000,DE,270.994,62.038,47553.236,5942.590,120.609,9848.009,1187.762
3219.000,DE,270.994,62.038,47609.918,5933.889,120.609,9848.009,1187.762
3220.000,DE,270.994,62.038,47666.654,5925.187,120.609,9848.009,1187.762
3221.000,DE,270.994,62.038,47723.445,5916.485,120.609,9848.009,1187.762
3222.000,DE,270.994,62.038,47780.291,5907.784,120.609,9848.009,1187.762
3223.000,DE,270.994,62.038,47837.191,5899.082,120.609,9848.009,1187.762
3224.000,DE,270.994,62.038,47894.147,5890.380,120.609,9848.009,1187.762
3225.000,DE,270.994,62.038,47951.157,5881.679,120.609,9848.009,1187.762
3226.000,DE,270.994,62.038,48008.222,5872.977,120.609,9848.009,1187.762
3227.000,DE,270.994,62.038,48065.342,5864.276,120.609,9848.009,1187.762
3228.000,DE,270.994,62.038,48122.517,5855.574,120.609,9848.009,1187.762
3229.000,DE,270.994,62.038,48179.748,5846.872,120.609,9848.009,1187.762
3230.000,DE,270.994,62.038,48237.033,5838.171,120.609,9848.009,1187.762
3231.000,DE,270.994,62.038,48294.374,5829.469,120.609,9848.009,1187.762
3232.000,DE,270.994,62.038,48351.769,5820.768,120.609,9848.009,1187.762
3233.000,DE,270.994,62.038,48409.220,5812.066,120.609,9848.009,1187.762
3234.000,DE,270.994,62.038,48466.726,5803.364,120.609,9848.009,1187.762
3235.000,DE,270.994,62.038,48524.288,5794.663,120.609,9848.009,1187.762
3236.000,DE,270.994,62.038,48581.904,5785.961,120.609,9848.009,1187.762
3237.000,DE,270.994,62.038,48639.577,5777.260,120.609,9848.009,1187.762
3238.000,DE,270.994,62.038,48697.304,5768.558,120.609,9848.009,1187.762
3239.000,DE,270.994,62.038,48755.087,5759.856,120.609,9848.009,1187.762
3240.000,DE,270.994,62.038,48812.926,5751.155,120.609,9848.009,1187.762
3241.000,DE,270.994,62.038,48870.820,5742.453,120.609,9848.009,1187.762
3242.000,DE,270.994,62.038,48928.770,5733.752,120.609,9848.009,1187.762
3243.000,DE,270.994,62.038,48986.775,5725.050,120.609,9848.009,1187.762
3244.000,DE,270.994,62.038,49044.836,5716.348,120.609,9848.009,1187.762
3245.000,DE,270.994,62.038,49102.953,5707.647,120.609,9848.009,1187.762
3246.000,DE,270.994,62.038,49161.125,5698.945,120.609,9848.009,1187.762
3247.000,DE,270.994,62.038,49219.354,5690.244,120.609,9848.009,1187.762
3248.000,DE,270.994,62.038,49277.638,5681.542,120.609,9848.009,1187.762
3249.000,DE,270.994,62.038,49335.978,5672.840,120.609,9848.009,1187.762
3250.000,DE,270.994,62.038,49394.374,5664.139,120.609,9848.009,1187.762
3251.000,DE,270.994,62.038,49452.825,5655.437,120.609,9848.009,1187.762
3252.000,DE,270.994,62.038,49511.333,5646.736,120.609,9848.009,1187.762
3253.000,DE,270.994,62.038,49569.897,5638.034,120.609,9848.009,1187.762
3254.000,DE,270.994,62.038,49628.517,5629.332,120.609,9848.009,1187.762
3255.000,DE,270.994,62.038,49687.193,5620.631,120.609,9848.009,1187.762
3256.000,DE,270.994,62.038,49745.925,5611.929,120.609,9848.009,1187.762
3257.000,DE,270.994,62.038,49804.714,5603.228,120.609,9848.009,1187.762
3258.000,DE,270.994,62.038,49863.559,5594.526,120.609,9848.009,1187.762
3259.000,DE,270.994,62.038,49922.460,5585.824,120.609,9848.009,1187.762
3260.000,DE,270.994,62.038,49981.417,5577.123,120.609,9848.009,1187.762
3261.000,DE,270.994,62.038,50040.431,5568.421,120.609,9848.009,1187.762
3262.000,DE,270.994,62.038,50099.501,5559.720,120.609,9848.009,1187.762
3263.000,DE,270.994,62.038,50158.627,5551.018,120.609,9848.009,1187.762
3264.000,DE,270.994,62.038,50217.810,5542.316,120.609,9848.009,1187.762
3265.000,DE,270.994,62.038,50277.050,5533.615,120.609,9848.009,1187.762
3266.000,DE,270.994,62.038,50336.346,5524.913,120.609,9848.009,1187.762
3267.000,DE,270.994,62.038,50395.699,5516.211,120.609,9848.009,1187.762
3268.000,DE,270.994,62.038,50455.108,5507.510,120.609,9848.009,1187.762
3269.000,DE,270.994,62.038,50514.574,5498.808,120.609,9848.009,1187.762
3270.000,DE,270.994,62.038,50574.097,5490.107,120.609,9848.009,1187.762
3271.000,DE,270.994,62.038,50633.677,5481.405,120.609,9848.009,1187.762
3272.000,DE,270.994,62.038,50693.313,5472.703,120.609,9848.009,1187.762
3273.000,DE,270.994,62.038,50753.006,5464.002,120.609,9848.009,1187.762
3274.000,DE,270.994,62.038,50812.756,5455.300,120.609,9848.009,1187.762
3275.000,DE,270.994,62.038,50872.564,5446.599,120.609,9848.009,1187.762
3276.000,DE,270.994,62.038,50932.428,5437.897,120.609,9848.009,1187.762
3277.000,DE,270.994,62.038,50992.349,5429.195,120.609,9848.009,1187.762
3278.000,DE,270.994,62.038,51052.327,5420.494,120.609,9848.009,1187.762
3279.000,DE,270.994,62.038,51112.363,5411.792,120.609,9848.009,1187.762
3280.000,DE,270.994,62.038,51172.455,5403.091,120.609,9848.009,1187.762
3281.000,DE,270.994,62.038,51232.605,5394.389,120.609,9848.009,1187.762
3282.000,DE,270.994,62.038,51292.812,5385.687,120.609,9848.009,1187.762
3283.000,DE,270.994,62.038,51353.076,5376.986,120.609,9848.009,1187.762
3284.000,DE,270.994,62.038,51413.397,5368.284,120.609,9848.009,1187.762
3285.000,DE,270.994,62.038,51473.776,5359.583,120.609,9848.009,1187.762
3286.000,DE,270.994,62.038,51534.213,5350.881,120.609,9848.009,1187.762
3287.000,DE,270.994,62.038,51594.706,5342.179,120.609,9848.009,1187.762
3288.000,DE,270.994,62.038,51655.258,5333.478,120.609,9848.009,1187.762
3289.000,DE,270.994,62.038,51715.866,5324.776,120.609,9848.009,1187.762
3290.000,DE,270.994,62.038,51776.533,5316.075,120.609,9848.009,1187.762
3291.000,DE,270.994,62.038,51837.257,5307.373,120.609,9848.009,1187.762
3292.000,DE,270.994,62.038,51898.038,5298.671,120.609,9848.009,1187.762
3293.000,DE,270.994,62.038,51958.878,5289.970,120.609,9848.009,1187.762
3294.000,DE,270.994,62.038,52019.775,5281.268,120.609,9848.009,1187.762
3295.000,DE,270.994,62.038,52080.729,5272.567,120.609,9848.009,1187.762
3296.000,DE,270.994,62.038,52141.742,5263.865,120.609,9848.009,1187.762
3297.000,DE,270.994,62.038,52202.813,5255.163,120.609,9848.009,1187.762
3298.000,DE,270.994,62.038,52263.941,5246.462,120.609,9848.009,1187.762
3299.000,DE,270.994,62.038,52325.127,5237.760,120.609,9848.009,1187.762
3300.000,DE,270.994,62.038,52386.372,5229.059,120.609,9848.009,1187.762
3301.000,DE,270.994,62.038,52447.674,5220.357,120.609,9848.009,1187.762
3302.000,DE,270.994,62.038,52509.034,5211.655,120.609,9848.009,1187.762
3303.000,DE,270.994,62.038,52570.453,5202.954,120.609,9848.009,1187.762
3304.000,DE,270.994,62.038,52631.930,5194.252,120.609,9848.009,1187.762
3305.000,DE,270.994,62.038,52693.465,5185.551,120.609,9848.009,1187.762
3306.000,DE,270.994,62.038,52755.058,5176.849,120.609,9848.009,1187.762
3307.000,DE,270.994,62.038,52816.709,5168.147,120.609,9848.009,1187.762
3308.000,DE,270.994,62.038,52878.419,5159.446,120.609,9848.009,1187.762
3309.000,DE,270.994,62.038,52940.187,5150.744,120.609,9848.009,1187.762
3310.000,DE,270.994,62.038,53002.014,5142.042,120.609,9848.009,1187.762
3311.000,DE,270.994,62.038,53063.899,5133.341,120.609,9848.009,1187.762
3312.000,DE,270.994,62.038,53125.842,5124.639,120.609,9848.009,1187.762
3313.000,DE,270.994,62.038,53187.844,5115.938,120.609,9848.009,1187.762
3314.000,DE,270.994,62.038,53249.905,5107.236,120.609,9848.009,1187.762
3315.000,DE,270.994,62.038,53312.024,5098.534,120.609,9848.009,1187.762
3316.000,DE,270.994,62.038,53374.202,5089.833,120.609,9848.009,1187.762
3317.000,DE,270.994,62.038,53436.439,5081.131,120.609,9848.009,1187.762
3318.000,DE,270.994,62.038,53498.734,5072.430,120.609,9848.009,1187.762
3319.000,DE,270.994,62.038,53561.088,5063.728,120.609,9848.009,1187.762
3320.000,DE,270.994,62.038,53623.501,5055.026,120.609,9848.009,1187.762
3321.000,DE,270.994,62.038,53685.973,5046.325,120.609,9848.009,1187.762
3322.000,DE,270.994,62.038,53748.504,5037.623,120.609,9848.009,1187.762
3323.000,DE,270.994,62.038,53811.094,5028.922,120.609,9848.009,1187.762
3324.000,DE,270.994,62.038,53873.743,5020.220,120.609,9848.009,1187.762
3325.000,DE,270.994,62.038,53936.451,5011.518,120.609,9848.009,1187.762
3326.000,DE,270.994,62.038,53999.217,5002.817,120.609,9848.009,1187.762
3327.000,DE,270.994,62.038,54062.044,4994.115,120.609,9848.009,1187.762
3328.000,DE,270.994,62.038,54124.929,4985.414,120.609,9848.009,1187.762
3329.000,DE,270.994,62.038,54187.873,4976.712,120.609,9848.009,1187.762
3330.000,DE,270.994,62.038,54250.877,4968.010,120.609,9848.009,1187.762
3331.000,DE,270.994,62.038,54313.940,4959.309,120.609,9848.009,1187.762
3332.000,DE,270.994,62.038,54377.062,4950.607,120.609,9848.009,1187.762
3333.000,DE,270.994,62.038,54440.244,4941.906,120.609,9848.009,1187.762
3334.000,DE,270.994,62.038,54503.485,4933.204,120.609,9848.009,1187.762
3335.000,DE,270.994,62.038,54566.786,4924.502,120.609,9848.009,1187.762
3336.000,DE,270.994,62.038,54630.146,4915.801,120.609,9848.009,1187.762
3337.000,DE,270.994,62.038,54693.566,4907.099,120.609,9848.009,1187.762
3338.000,DE,270.994,62.038,54757.045,4898.398,120.609,9848.009,1187.762
3339.000,DE,270.994,62.038,54820.584,4889.696,120.609,9848.009,1187.762
3340.000,DE,270.994,62.038,54884.183,4880.994,120.609,9848.009,1187.762
3341.000,DE,270.994,62.038,54947.841,4872.293,120.609,9848.009,1187.762
3342.000,DE,270.994,62.038,55011.559,4863.591,120.609,9848.009,1187.762
3343.000,DE,270.994,62.038,55075.337,4854.890,120.609,9848.009,1187.762
3344.000,DE,270.994,62.038,55139.175,4846.188,120.609,9848.009,1187.762
3345.000,DE,270.994,62.038,55203.073,4837.486,120.609,9848.009,1187.762
3346.000,DE,270.994,62.038,55267.030,4828.785,120.609,9848.009,1187.762
3347.000,DE,270.994,62.038,55331.048,4820.083,120.609,9848.009,1187.762
3348.000,DE,270.994,62.038,55395.126,4811.381,120.609,9848.009,1187.762
3349.000,DE,270.994,62.038,55459.264,4802.680,120.609,9848.009,1187.762
3350.000,DE,270.994,62.038,55523.462,4793.978,120.609,9848.009,1187.762
3351.000,DE,270.994,62.038,55587.720,4785.277,120.609,9848.009,1187.762
3352.000,DE,270.994,62.038,55652.038,4776.575,120.609,9848.009,1187.762
3353.000,DE,270.994,62.038,55716.416,4767.873,120.609,9848.009,1187.762
3354.000,DE,270.994,62.038,55780.855,4759.172,120.609,9848.009,1187.762
3355.000,DE,270.994,62.038,55845.354,4750.470,120.609,9848.009,1187.762
3356.000,DE,270.994,62.038,55909.914,4741.769,120.609,9848.009,1187.762
3357.000,DE,270.994,62.038,55974.534,4733.067,120.609,9848.009,1187.762
3358.000,DE,270.994,62.038,56039.214,4724.365,120.609,9848.009,1187.762
3359.000,DE,270.994,62.038,56103.955,4715.664,120.609,9848.009,1187.762
3360.000,DE,270.994,62.038,56168.757,4706.962,120.609,9848.009,1187.762
3361.000,DE,270.994,62.038,56233.619,4698.261,120.609,9848.009,1187.762
3362.000,DE,270.994,62.038,56298.541,4689.559,120.609,9848.009,1187.762
3363.000,DE,270.994,62.038,56363.525,4680.857,120.609,9848.009,1187.762
3364.000,DE,270.994,62.038,56428.569,4672.156,120.609,9848.009,1187.762
3365.000,DE,270.994,62.038,56493.674,4663.454,120.609,9848.009,1187.762
3366.000,DE,270.994,62.038,56558.839,4654.753,120.609,9848.009,1187.762
3367.000,DE,270.994,62.038,56624.066,4646.051,120.609,9848.009,1187.762
3368.000,DE,270.994,62.038,56689.353,4637.349,120.609,9848.009,1187.762
3369.000,DE,270.994,62.038,56754.702,4628.648,120.609,9848.009,1187.762
3370.000,DE,270.994,62.038,56820.111,4619.946,120.609,9848.009,1187.762
3371.000,DE,270.994,62.038,56885.581,4611.245,120.609,9848.009,1187.762
3372.000,DE,270.994,62.038,56951.113,4602.543,120.609,9848.009,1187.762
3373.000,DE,270.994,62.038,57016.705,4593.841,120.609,9848.009,1187.762
3374.000,DE,270.994,62.038,57082.359,4585.140,120.609,9848.009,1187.762
3375.000,DE,270.994,62.038,57148.074,4576.438,120.609,9848.009,1187.762
3376.000,DE,270.994,62.038,57213.850,4567.737,120.609,9848.009,1187.762
3377.000,DE,270.994,62.038,57279.688,4559.035,120.609,9848.009,1187.762
3378.000,DE,270.994,62.038,57345.586,4550.333,120.609,9848.009,1187.762
3379.000,DE,270.994,62.038,57411.547,4541.632,120.609,9848.009,1187.762
3380.000,DE,270.994,62.038,57477.568,4532.930,120.609,9848.009,1187.762
3381.000,DE,270.994,62.038,57543.651,4524.229,120.609,9848.009,1187.762
3382.000,DE,270.994,62.038,57609.796,4515.527,120.609,9848.009,1187.762
3383.000,DE,270.994,62.038,57676.002,4506.825,120.609,9848.009,1187.762
3384.000,DE,270.994,62.038,57742.270,4498.124,120.609,9848.009,1187.762
3385.000,DE,270.994,62.038,57808.599,4489.422,120.609,9848.009,1187.762
3386.000,DE,270.994,62.038,57874.990,4480.721,120.609,9848.009,1187.762
3387.000,DE,270.994,62.038,57941.443,4472.019,120.609,9848.009,1187.762
3388.000,DE,270.994,62.038,58007.957,4463.317,120.609,9848.009,1187.762
3389.000,DE,270.994,62.038,58074.534,4454.616,120.609,9848.009,1187.762
3390.000,DE,270.994,62.038,58141.172,4445.914,120.609,9848.009,1187.762
3391.000,DE,270.994,62.038,58207.872,4437.212,120.609,9848.009,1187.762
3392.000,DE,270.994,62.038,58274.634,4428.511,120.609,9848.009,1187.762
3393.000,DE,270.994,62.038,58341.458,4419.809,120.609,9848.009,1187.762
3394.000,DE,270.994,62.038,58408.344,4411.108,120.609,9848.009,1187.762
3395.000,DE,270.994,62.038,58475.292,4402.406,120.609,9848.009,1187.762
3396.000,DE,270.994,62.038,58542.302,4393.704,120.609,9848.009,1187.762
3397.000,DE,270.994,62.038,58609.375,4385.003,120.609,9848.009,1187.762
3398.000,DE,270.994,62.038,58676.510,4376.301,120.609,9848.009,1187.762
3399.000,DE,270.994,62.038,58743.706,4367.600,120.609,9848.009,1187.762
3400.000,DE,270.994,62.038,58810.966,4358.898,120.609,9848.009,1187.762
3401.000,DE,270.994,62.038,58878.287,4350.196,120.609,9848.009,1187.762
3402.000,DE,270.994,62.038,58945.671,4341.495,120.609,9848.009,1187.762
3403.000,DE,270.994,62.038,59013.118,4332.793,120.609,9848.009,1187.762
3404.000,DE,270.994,62.038,59080.626,4324.092,120.609,9848.009,1187.762
3405.000,DE,270.994,62.038,59148.198,4315.390,120.609,9848.009,1187.762
3406.000,DE,270.994,62.038,59215.832,4306.688,120.609,9848.009,1187.762
3407.000,DE,270.994,62.038,59283.528,4297.987,120.609,9848.009,1187.762
3408.000,DE,270.994,62.038,59351.287,4289.285,120.609,9848.009,1187.762
3409.000,DE,270.994,62.038,59419.109,4280.584,120.609,9848.009,1187.762
3410.000,DE,270.994,62.038,59486.994,4271.882,120.609,9848.009,1187.762
3411.000,DE,270.994,62.038,59554.941,4263.180,120.609,9848.009,1187.762
3412.000,DE,270.994,62.038,59622.952,4254.479,120.609,9848.009,1187.762
3413.000,DE,270.994,62.038,59691.025,4245.777,120.609,9848.009,1187.762
3414.000,DE,270.994,62.038,59759.161,4237.076,120.609,9848.009,1187.762
3415.000,DE,270.994,62.038,59827.360,4228.374,120.609,9848.009,1187.762
3416.000,DE,270.994,62.038,59895.622,4219.672,120.609,9848.009,1187.762
3417.000,DE,270.994,62.038,59963.947,4210.971,120.609,9848.009,1187.762
3418.000,DE,270.994,62.038,60032.335,4202.269,120.609,9848.009,1187.762
3419.000,DE,270.994,62.038,60100.786,4193.568,120.609,9848.009,1187.762
3420.000,DE,270.994,62.038,60169.301,4184.866,120.609,9848.009,1187.762
3421.000,DE,270.994,62.038,60237.879,4176.164,120.609,9848.009,1187.762
3422.000,DE,270.994,62.038,60306.520,4167.463,120.609,9848.009,1187.762
3423.000,DE,270.994,62.038,60375.224,4158.761,120.609,9848.009,1187.762
3424.000,DE,270.994,62.038,60443.992,4150.060,120.609,9848.009,1187.762
3425.000,DE,270.994,62.038,60512.823,4141.358,120.609,9848.009,1187.762
3426.000,DE,270.994,62.038,60581.717,4132.656,120.609,9848.009,1187.762
3427.000,DE,270.994,62.038,60650.676,4123.955,120.609,9848.009,1187.762
3428.000,DE,270.994,62.038,60719.697,4115.253,120.609,9848.009,1187.762
3429.000,DE,270.994,62.038,60788.782,4106.552,120.609,9848.009,1187.762
3430.000,DE,270.994,62.038,60857.931,4097.850,120.609,9848.009,1187.762
3431.000,DE,270.994,62.038,60927.144,4089.148,120.609,9848.009,1187.762
3432.000,DE,270.994,62.038,60996.420,4080.447,120.609,9848.009,1187.762
3433.000,DE,270.994,62.038,61065.760,4071.745,120.609,9848.009,1187.762
3434.000,DE,270.994,62.038,61135.164,4063.043,120.609,9848.009,1187.762
3435.000,DE,270.994,62.038,61204.631,4054.342,120.609,9848.009,1187.762
3436.000,DE,270.994,62.038,61274.163,4045.640,120.609,9848.009,1187.762
3437.000,DE,270.994,62.038,61343.759,4036.939,120.609,9848.009,1187.762
3438.000,DE,270.994,62.038,61413.418,4028.237,120.609,9848.009,1187.762
3439.000,DE,270.994,62.038,61483.142,4019.535,120.609,9848.009,1187.762
3440.000,DE,270.994,62.038,61552.929,4010.834,120.609,9848.009,1187.762
3441.000,DE,270.994,62.038,61622.781,4002.132,120.609,9848.009,1187.762
3442.000,DE,270.994,62.038,61692.697,3993.431,120.609,9848.009,1187.762
3443.000,DE,270.994,62.038,61762.677,3984.729,120.609,9848.009,1187.762
3444.000,DE,270.994,62.038,61832.722,3976.027,120.609,9848.009,1187.762
3445.000,DE,270.994,62.038,61902.830,3967.326,120.609,9848.009,1187.762
3446.000,DE,270.994,62.038,61973.004,3958.624,120.609,9848.009,1187.762
3447.000,DE,270.994,62.038,62043.241,3949.923,120.609,9848.009,1187.762
3448.000,DE,270.994,62.038,62113.543,3941.221,120.609,9848.009,1187.762
3449.000,DE,270.994,62.038,62183.909,3932.519,120.609,9848.009,1187.762
3450.000,DE,270.994,62.038,62254.340,3923.818,120.609,9848.009,1187.762
3451.000,DE,270.994,62.038,62324.836,3915.116,120.609,9848.009,1187.762
3452.000,DE,270.994,62.038,62395.396,3906.415,120.609,9848.009,1187.762
3453.000,DE,270.994,62.038,62466.021,3897.713,120.609,9848.009,1187.762
3454.000,DE,270.994,62.038,62536.711,3889.011,120.609,9848.009,1187.762
3455.000,DE,270.994,62.038,62607.465,3880.310,120.609,9848.009,1187.762
3456.000,DE,270.994,62.038,62678.284,3871.608,120.609,9848.009,1187.762
3457.000,DE,270.994,62.038,62749.168,3862.907,120.609,9848.009,1187.762
3458.000,DE,270.994,62.038,62820.117,3854.205,120.609,9848.009,1187.762
3459.000,DE,270.994,62.038,62891.131,3845.503,120.609,9848.009,1187.762
3460.000,DE,270.994,62.038,62962.209,3836.802,120.609,9848.009,1187.762
3461.000,DE,270.994,62.038,63033.353,3828.100,120.609,9848.009,1187.762
3462.000,DE,270.994,62.038,63104.562,3819.399,120.609,9848.009,1187.762
3463.000,DE,270.994,62.038,63175.836,3810.697,120.609,9848.009,1187.762
3464.000,DE,270.994,62.038,63247.176,3801.995,120.609,9848.009,1187.762
3465.000,DE,270.994,62.038,63318.580,3793.294,120.609,9848.009,1187.762
3466.000,DE,270.994,62.038,63390.050,3784.592,120.609,9848.009,1187.762
3467.000,DE,270.994,62.038,63461.585,3775.891,120.609,9848.009,1187.762
3468.000,DE,270.994,62.038,63533.185,3767.189,120.609,9848.009,1187.762
3469.000,DE,270.994,62.038,63604.851,3758.487,120.609,9848.009,1187.762
3470.000,DE,270.994,62.038,63676.582,3749.786,120.609,9848.009,1187.762
3471.000,DE,270.994,62.038,63748.379,3741.084,120.609,9848.009,1187.762
3472.000,DE,270.994,62.038,63820.241,3732.382,120.609,9848.009,1187.762
3473.000,DE,270.994,62.038,63892.169,3723.681,120.609,9848.009,1187.762
3474.000,DE,270.994,62.038,63964.162,3714.979,120.609,9848.009,1187.762
3475.000,DE,270.994,62.038,64036.221,3706.278,120.609,9848.009,1187.762
3476.000,DE,270.994,62.038,64108.346,3697.576,120.609,9848.009,1187.762
3477.000,DE,270.994,62.038,64180.537,3688.874,120.609,9848.009,1187.762
3478.000,DE,270.994,62.038,64252.793,3680.173,120.609,9848.009,1187.762
3479.000,DE,270.994,62.038,64325.115,3671.471,120.609,9848.009,1187.762
3480.000,DE,270.994,62.038,64397.504,3662.770,120.609,9848.009,1187.762
3481.000,DE,270.994,62.038,64469.958,3654.068,120.609,9848.009,1187.762
3482.000,DE,270.994,62.038,64542.478,3645.366,120.609,9848.009,1187.762
3483.000,DE,270.994,62.038,64615.064,3636.665,120.609,9848.009,1187.762
3484.000,DE,270.994,62.038,64687.716,3627.963,120.609,9848.009,1187.762
3485.000,DE,270.994,62.038,64760.435,3619.262,120.609,9848.009,1187.762
3486.000,DE,270.994,62.038,64833.219,3610.560,120.609,9848.009,1187.762
3487.000,DE,270.994,62.038,64906.070,3601.858,120.609,9848.009,1187.762
3488.000,DE,270.994,62.038,64978.987,3593.157,120.609,9848.009,1187.762
3489.000,DE,270.994,62.038,65051.970,3584.455,120.609,9848.009,1187.762
3490.000,DE,270.994,62.038,65125.020,3575.754,120.609,9848.009,1187.762
3491.000,DE,270.994,62.038,65198.136,3567.052,120.609,9848.009,1187.762
3492.000,DE,270.994,62.038,65271.319,3558.350,120.609,9848.009,1187.762
3493.000,DE,270.994,62.038,65344.568,3549.649,120.609,9848.009,1187.762
3494.000,DE,270.994,62.038,65417.884,3540.947,120.609,9848.009,1187.762
3495.000,DE,270.994,62.038,65491.266,3532.246,120.609,9848.009,1187.762
3496.000,DE,270.994,62.038,65564.715,3523.544,120.609,9848.009,1187.762
3497.000,DE,270.994,62.038,65638.230,3514.842,120.609,9848.009,1187.762
3498.000,DE,270.994,62.038,65711.813,3506.141,120.609,9848.009,1187.762
3499.000,DE,270.994,62.038,65785.462,3497.439,120.609,9848.009,1187.762
3500.000,DE,270.994,62.038,65859.178,3488.738,120.609,9848.009,1187.762
3501.000,DE,270.994,62.038,65932.960,3480.036,120.609,9848.009,1187.762
3502.000,DE,270.994,62.038,66006.810,3471.334,120.609,9848.009,1187.762
3503.000,DE,270.994,62.038,66080.727,3462.633,120.609,9848.009,1187.762
3504.000,DE,270.994,62.038,66154.710,3453.931,120.609,9848.009,1187.762
3505.000,DE,270.994,62.038,66228.761,3445.230,120.609,9848.009,1187.762
3506.000,DE,270.994,62.038,66302.879,3436.528,120.609,9848.009,1187.762
3507.000,DE,270.994,62.038,66377.064,3427.826,120.609,9848.009,1187.762
3508.000,DE,270.994,62.038,66451.316,3419.125,120.609,9848.009,1187.762
3509.000,DE,270.994,62.038,66525.635,3410.423,120.609,9848.009,1187.762
3510.000,DE,270.994,62.038,66600.022,3401.722,120.609,9848.009,1187.762
3511.000,DE,270.994,62.038,66674.476,3393.020,120.609,9848.009,1187.762
3512.000,DE,270.994,62.038,66748.998,3384.318,120.609,9848.009,1187.762
3513.000,DE,270.994,62.038,66823.587,3375.617,120.609,9848.009,1187.762
3514.000,DE,270.994,62.038,66898.243,3366.915,120.609,9848.009,1187.762
3515.000,DE,270.994,62.038,66972.967,3358.213,120.609,9848.009,1187.762
3516.000,DE,270.994,62.038,67047.758,3349.512,120.609,9848.009,1187.762
3517.000,DE,270.994,62.038,67122.617,3340.810,120.609,9848.009,1187.762
3518.000,DE,270.994,62.038,67197.544,3332.109,120.609,9848.009,1187.762
3519.000,DE,270.994,62.038,67272.538,3323.407,120.609,9848.009,1187.762
3520.000,DE,270.994,62.038,67347.601,3314.705,120.609,9848.009,1187.762
3521.000,DE,270.994,62.038,67422.731,3306.004,120.609,9848.009,1187.762
3522.000,DE,270.994,62.038,67497.928,3297.302,120.609,9848.009,1187.762
3523.000,DE,270.994,62.038,67573.194,3288.601,120.609,9848.009,1187.762
3524.000,DE,270.994,62.038,67648.528,3279.899,120.609,9848.009,1187.762
3525.000,DE,270.994,62.038,67723.929,3271.197,120.609,9848.009,1187.762
3526.000,DE,270.994,62.038,67799.399,3262.496,120.609,9848.009,1187.762
3527.000,DE,270.994,62.038,67874.937,3253.794,120.609,9848.009,1187.762
3528.000,DE,270.994,62.038,67950.543,3245.093,120.609,9848.009,1187.762
3529.000,DE,270.994,62.038,68026.217,3236.391,120.609,9848.009,1187.762
3530.000,DE,270.994,62.038,68101.959,3227.689,120.609,9848.009,1187.762
3531.000,DE,270.994,62.038,68177.770,3218.988,120.609,9848.009,1187.762
3532.000,DE,270.994,62.038,68253.649,3210.286,120.609,9848.009,1187.762
3533.000,DE,270.994,62.038,68329.596,3201.585,120.609,9848.009,1187.762
3534.000,DE,270.994,62.038,68405.612,3192.883,120.609,9848.009,1187.762
3535.000,DE,270.994,62.038,68481.696,3184.181,120.609,9848.009,1187.762
3536.000,DE,270.994,62.038,68557.849,3175.480,120.609,9848.009,1187.762
3537.000,DE,270.994,62.038,68634.070,3166.778,120.609,9848.009,1187.762
3538.000,DE,270.994,62.038,68710.360,3158.077,120.609,9848.009,1187.762
3539.000,DE,270.994,62.038,68786.718,3149.375,120.609,9848.009,1187.762
3540.000,DE,270.994,62.038,68863.146,3140.673,120.609,9848.009,1187.762
3541.000,DE,270.994,62.038,68939.642,3131.972,120.609,9848.009,1187.762
3542.000,DE,270.994,62.038,69016.206,3123.270,120.609,9848.009,1187.762
3543.000,DE,270.994,62.038,69092.840,3114.569,120.609,9848.009,1187.762
3544.000,DE,270.994,62.038,69169.542,3105.867,120.609,9848.009,1187.762
3545.000,DE,270.994,62.038,69246.314,3097.165,120.609,9848.009,1187.762
3546.000,DE,270.994,62.038,69323.154,3088.464,120.609,9848.009,1187.762
3547.000,DE,270.994,62.038,69400.064,3079.762,120.609,9848.009,1187.762
3548.000,DE,270.994,62.038,69477.042,3071.061,120.609,9848.009,1187.762
3549.000,DE,270.994,62.038,69554.090,3062.359,120.609,9848.009,1187.762
3550.000,DE,270.994,62.038,69631.206,3053.657,120.609,9848.009,1187.762
3551.000,DE,270.994,62.038,69708.392,3044.956,120.609,9848.009,1187.762
3552.000,DE,270.994,62.038,69785.648,3036.254,120.609,9848.009,1187.762
3553.000,DE,270.994,62.038,69862.972,3027.553,120.609,9848.009,1187.762
3554.000,DE,270.994,62.038,69940.366,3018.851,120.609,9848.009,1187.762
3555.000,DE,270.994,62.038,70017.830,3010.149,120.609,9848.009,1187.762
3556.000,DE,270.994,62.038,70095.362,3001.448,120.609,9848.009,1187.762
3557.000,DE,270.994,62.038,70172.965,2992.746,120.609,9848.009,1187.762
3558.000,DE,270.994,62.038,70250.637,2984.044,120.609,9848.009,1187.762
3559.000,DE,270.994,62.038,70328.378,2975.343,120.609,9848.009,1187.762
3560.000,DE,270.994,62.038,70406.189,2966.641,120.609,9848.009,1187.762
3561.000,DE,270.994,62.038,70484.070,2957.940,120.609,9848.009,1187.762
3562.000,DE,270.994,62.038,70562.021,2949.238,120.609,9848.009,1187.762
3563.000,DE,270.994,62.038,70640.041,2940.536,120.609,9848.009,1187.762
3564.000,DE,270.994,62.038,70718.131,2931.835,120.609,9848.009,1187.762
3565.000,DE,270.994,62.038,70796.291,2923.133,120.609,9848.009,1187.762
3566.000,DE,270.994,62.038,70874.521,2914.432,120.609,9848.009,1187.762
3567.000,DE,270.994,62.038,70952.821,2905.730,120.609,9848.009,1187.762
3568.000,DE,270.994,62.038,71031.191,2897.028,120.609,9848.009,1187.762
3569.000,DE,270.994,62.038,71109.631,2888.327,120.609,9848.009,1187.762
3570.000,DE,270.994,62.038,71188.142,2879.625,120.609,9848.009,1187.762
3571.000,DE,270.994,62.038,71266.722,2870.924,120.609,9848.009,1187.762
3572.000,DE,270.994,62.038,71345.373,2862.222,120.609,9848.009,1187.762
3573.000,DE,270.994,62.038,71424.094,2853.520,120.609,9848.009,1187.762
3574.000,DE,270.994,62.038,71502.885,2844.819,120.609,9848.009,1187.762
3575.000,DE,270.994,62.038,71581.746,2836.117,120.609,9848.009,1187.762
3576.000,DE,270.994,62.038,71660.678,2827.416,120.609,9848.009,1187.762
3577.000,DE,270.994,62.038,71739.681,2818.714,120.609,9848.009,1187.762
3578.000,DE,270.994,62.038,71818.754,2810.012,120.609,9848.009,1187.762
3579.000,DE,270.994,62.038,71897.897,2801.311,120.609,9848.009,1187.762
3580.000,DE,270.994,62.038,71977.111,2792.609,120.609,9848.009,1187.762
3581.000,DE,270.994,62.038,72056.396,2783.908,120.609,9848.009,1187.762
3582.000,DE,270.994,62.038,72135.752,2775.206,120.609,9848.009,1187.762
3583.000,DE,270.994,62.038,72215.178,2766.504,120.609,9848.009,1187.762
3584.000,DE,270.994,62.038,72294.675,2757.803,120.609,9848.009,1187.762
3585.000,DE,270.994,62.038,72374.243,2749.101,120.609,9848.009,1187.762
3586.000,DE,270.994,62.038,72453.882,2740.400,120.609,9848.009,1187.762
3587.000,DE,270.994,62.038,72533.591,2731.698,120.609,9848.009,1187.762
3588.000,DE,270.994,62.038,72613.372,2722.996,120.609,9848.009,1187.762
3589.000,DE,270.994,62.038,72693.224,2714.295,120.609,9848.009,1187.762
3590.000,DE,270.994,62.038,72773.147,2705.593,120.609,9848.009,1187.762
3591.000,DE,270.994,62.038,72853.141,2696.892,120.609,9848.009,1187.762
3592.000,DE,270.994,62.038,72933.206,2688.190,120.609,9848.009,1187.762
3593.000,DE,270.994,62.038,73013.342,2679.488,120.609,9848.009,1187.762
3594.000,DE,270.994,62.038,73093.550,2670.787,120.609,9848.009,1187.762
3595.000,DE,270.994,62.038,73173.829,2662.085,120.609,9848.009,1187.762
3596.000,DE,270.994,62.038,73254.180,2653.383,120.609,9848.009,1187.762
3597.000,DE,270.994,62.038,73334.601,2644.682,120.609,9848.009,1187.762
3598.000,DE,270.994,62.038,73415.095,2635.980,120.609,9848.009,1187.762
3599.000,DE,270.994,62.038,73495.660,2627.279,120.609,9848.009,1187.762
3600.000,DE,270.994,62.038,73576.296,2618.577,120.609,9848.009,1187.762
3601.000,DE,270.994,62.038,73657.004,2609.875,120.609,9848.009,1187.762
3602.000,DE,270.994,62.038,73737.784,2601.174,120.609,9848.009,1187.762
3603.000,DE,270.994,62.038,73818.635,2592.472,120.609,9848.009,1187.762
3604.000,DE,270.994,62.038,73899.558,2583.771,120.609,9848.009,1187.762
3605.000,DE,270.994,62.038,73980.553,2575.069,120.609,9848.009,1187.762
3606.000,DE,270.994,62.038,74061.620,2566.367,120.609,9848.009,1187.762
3607.000,DE,270.994,62.038,74142.759,2557.666,120.609,9848.009,1187.762
3608.000,DE,270.994,62.038,74223.970,2548.964,120.609,9848.009,1187.762
3609.000,DE,270.994,62.038,74225.912,2548.756,120.605,9848.407,1187.762
3610.000,DE,270.994,62.038,74231.649,2548.142,120.590,9849.583,1187.762
3611.000,DE,270.994,62.038,74241.054,2547.135,120.567,9851.511,1187.762
3612.000,DE,270.994,62.038,74253.994,2545.749,120.534,9854.165,1187.762
3613.000,DE,270.994,62.038,74270.341,2543.999,120.493,9857.520,1187.762
3614.000,DE,270.994,62.038,74289.966,2541.899,120.444,9861.549,1187.762
3615.000,DE,270.994,62.038,74312.740,2539.462,120.387,9866.228,1187.762
3616.000,DE,270.994,62.038,74338.533,2536.702,120.322,9871.531,1187.762
3617.000,DE,270.994,62.038,74367.218,2533.634,120.250,9877.433,1187.762
3618.000,DE,270.994,62.038,74398.666,2530.272,120.171,9883.910,1187.762
3619.000,DE,270.994,62.038,74432.749,2526.629,120.086,9890.937,1187.762
3620.000,DE,270.994,62.038,74469.338,2522.720,119.994,9898.489,1187.762
3621.000,DE,270.994,62.038,74508.305,2518.559,119.897,9906.541,1187.762
3622.000,DE,270.994,62.038,74549.521,2514.159,119.794,9915.069,1187.762
3623.000,DE,270.994,62.038,74592.859,2509.535,119.685,9924.047,1187.762
3624.000,DE,270.994,62.038,74638.190,2504.701,119.572,9933.450,1187.762
3625.000,DE,270.994,62.038,74685.385,2499.670,119.454,9943.255,1187.762
3626.000,DE,270.994,62.038,74734.314,2494.457,119.332,9953.435,1187.762
3627.000,DE,270.994,62.038,74784.851,2489.076,119.206,9963.965,1187.762
3628.000,DE,270.994,62.038,74836.864,2483.541,119.076,9974.821,1187.762
3629.000,DE,270.994,62.038,74890.225,2477.866,118.943,9985.976,1187.762
3630.000,DE,270.994,62.038,74944.804,2472.064,118.807,9997.405,1187.762
3631.000,DE,270.994,62.038,75000.472,2466.150,118.668,10009.081,1187.762
3632.000,DE,270.994,62.038,75057.098,2460.138,118.528,10020.980,1187.762
3633.000,DE,270.994,62.038,75114.551,2454.042,118.385,10033.074,1187.762
3634.000,DE,270.994,62.038,75172.701,2447.876,118.240,10045.337,1187.762
3635.000,DE,270.994,62.038,75231.417,2441.654,118.094,10057.741,1187.762
3636.000,DE,270.994,62.038,75290.567,2435.390,117.948,10070.261,1187.762
3637.000,DE,270.994,62.038,75350.020,2429.097,117.800,10082.868,1187.762
3638.000,LVL,277.568,63.797,75409.643,2422.791,117.652,16572.235,1949.761
3639.000,LVL,277.568,63.797,75469.305,2416.485,117.504,16593.081,1949.761
3640.000,LVL,277.568,63.797,75528.872,2410.192,117.357,16613.932,1949.761
3641.000,LVL,277.568,63.797,75588.212,2403.928,117.210,16634.742,1949.761
3642.000,LVL,277.568,63.797,75647.190,2397.706,117.064,16655.465,1949.761
3643.000,LVL,277.568,63.797,75705.674,2391.540,116.920,16676.052,1949.761
3644.000,LVL,277.568,63.797,75763.529,2385.444,116.777,16696.454,1949.761
3645.000,LVL,277.568,63.797,75820.620,2379.432,116.636,16716.624,1949.761
3646.000,LVL,277.568,63.797,75876.814,2373.518,116.497,16736.513,1949.761
3647.000,LVL,277.568,63.797,75931.975,2367.716,116.361,16756.070,1949.761
3648.000,LVL,277.568,63.797,75985.967,2362.041,116.228,16775.247,1949.761
3649.000,LVL,277.568,63.797,76038.656,2356.506,116.099,16793.992,1949.761
3650.000,LVL,277.568,63.797,76089.905,2351.125,115.973,16812.255,1949.761
3651.000,LVL,277.568,63.797,76139.579,2345.912,115.850,16829.985,1949.761
3652.000,LVL,277.568,63.797,76187.541,2340.881,115.733,16847.130,1949.761
3653.000,LVL,277.568,63.797,76233.654,2336.047,115.619,16863.640,1949.761
3654.000,LVL,277.568,63.797,76277.783,2331.423,115.511,16879.461,1949.761
3655.000,LVL,277.568,63.797,76319.791,2327.023,115.408,16894.543,1949.761
3656.000,LVL,277.568,63.797,76359.540,2322.862,115.310,16908.833,1949.761
3657.000,LVL,277.568,63.797,76396.894,2318.953,115.219,16922.278,1949.761
3658.000,LVL,277.568,63.797,76431.716,2315.310,115.133,16934.826,1949.761
3659.000,LVL,277.568,63.797,76463.869,2311.948,115.054,16946.425,1949.761
3660.000,LVL,277.568,63.797,76493.216,2308.880,114.982,16957.022,1949.761
3661.000,LVL,277.568,63.797,76519.621,2306.120,114.918,16966.565,1949.761
3662.000,LVL,277.568,63.797,76542.946,2303.683,114.861,16975.002,1949.761
3663.000,LVL,277.568,63.797,76563.056,2301.583,114.811,16982.281,1949.761
3664.000,LVL,277.568,63.797,76579.814,2299.833,114.770,16988.350,1949.761
3665.000,LVL,277.568,63.797,76593.083,2298.447,114.738,16993.158,1949.761
3666.000,LVL,277.568,63.797,76602.729,2297.440,114.714,16996.655,1949.761
3667.000,LVL,277.568,63.797,76608.615,2296.826,114.700,16998.789,1949.761
3668.000,LVL,277.568,63.797,76610.607,2296.618,114.695,16999.511,1949.761
3669.000,LVL,277.568,63.797,76610.607,2296.618,114.695,16999.511,1949.761
3670.000,LVL,277.568,63.797,76610.607,2296.618,114.695,16999.511,1949.761
3671.000,LVL,277.568,63.797,76610.607,2296.618,114.695,16999.511,1949.761
3672.000,LVL,277.568,63.797,76610.607,2296.618,114.695,16999.511,1949.761
3673.000,LVL,277.568,63.797,76610.607,2296.618,114.695,16999.511,1949.761
3674.000,LVL,277.568,63.797,76610.607,2296.618,114.695,16999.511,1949.761
3675.000,LVL,277.568,63.797,76610.607,2296.618,114.695,16999.511,1949.761
3676.000,LVL,277.568,63.797,76610.607,2296.618,114.695,16999.511,1949.761
3677.000,LVL,277.568,63.797,76610.607,2296.618,114.695,16999.511,1949.761
3678.000,LVL,277.568,63.797,76610.607,2296.618,114.695,16999.511,1949.761
3679.000,LVL,277.568,63.797,76610.607,2296.618,114.695,16999.511,1949.761
3680.000,LVL,277.568,63.797,76610.607,2296.618,114.695,16999.511,1949.761
3681.000,LVL,277.568,63.797,76610.607,2296.618,114.695,16999.511,1949.761
3682.000,LVL,277.568,63.797,76610.607,2296.618,114.695,16999.511,1949.761
3683.000,LVL,277.568,63.797,76610.607,2296.618,114.695,16999.511,1949.761
3684.000,LVL,277.568,63.797,76610.607,2296.618,114.695,16999.511,1949.761
3685.000,LVL,277.568,63.797,76610.607,2296.618,114.695,16999.511,1949.761
3686.000,LVL,277.568,63.797,76610.607,2296.618,114.695,16999.511,1949.761
3687.000,LVL,277.568,63.797,76610.607,2296.618,114.695,16999.511,1949.761
3688.000,LVL,277.568,63.797,76610.607,2296.618,114.695,16999.511,1949.761
3689.000,LVL,277.568,63.797,76610.607,2296.618,114.695,16999.511,1949.761
3690.000,LVL,277.568,63.797,76610.607,2296.618,114.695,16999.511,1949.761
3691.000,LVL,277.568,63.797,76610.607,2296.618,114.695,16999.511,1949.761
3692.000,LVL,277.568,63.797,76610.607,2296.618,114.695,16999.511,1949.761
3693.000,LVL,277.568,63.797,76610.607,2296.618,114.695,16999.511,1949.761
3694.000,LVL,277.568,63.797,76610.607,2296.618,114.695,16999.511,1949.761
3695.000,LVL,277.568,63.797,76610.607,2296.618,114.695,16999.511,1949.761
3696.000,LVL,277.568,63.797,76610.607,2296.618,114.695,16999.511,1949.761
3697.000,LVL,277.568,63.797,76610.607,2296.618,114.695,16999.511,1949.761
3698.000,LVL,277.568,63.797,76610.607,2296.618,114.695,16999.511,1949.761
3699.000,LVL,277.568,63.797,76610.607,2296.618,114.695,16999.511,1949.761
3700.000,LVL,277.568,63.797,76610.607,2296.618,114.695,16999.511,1949.761
3701.000,LVL,277.568,63.797,76610.607,2296.618,114.695,16999.511,1949.761
3702.000,LVL,277.568,63.797,76610.607,2296.618,114.695,16999.511,1949.761
3703.000,LVL,277.568,63.797,76610.607,2296.618,114.695,16999.511,1949.761
3704.000,LVL,277.568,63.797,76610.607,2296.618,114.695,16999.511,1949.761
3705.000,LVL,277.568,63.797,76610.607,2296.618,114.695,16999.511,1949.761
3706.000,LVL,277.568,63.797,76610.607,2296.618,114.695,16999.511,1949.761
3707.000,LVL,277.568,63.797,76610.607,2296.618,114.695,16999.511,1949.761
3708.000,LVL,277.568,63.797,76610.607,2296.618,114.695,16999.511,1949.761
3709.000,LVL,277.568,63.797,76610.607,2296.618,114.695,16999.511,1949.761
3710.000,LVL,277.568,63.797,76610.607,2296.618,114.695,16999.511,1949.761
3711.000,LVL,277.568,63.797,76610.607,2296.618,114.695,16999.511,1949.761
3712.000,LVL,277.568,63.797,76610.607,2296.618,114.695,16999.511,1949.761
3713.000,LVL,277.568,63.797,76610.607,2296.618,114.695,16999.511,1949.761
3714.000,LVL,277.568,63.797,76610.607,2296.618,114.695,16999.511,1949.761
3715.000,LVL,277.568,63.797,76610.607,2296.618,114.695,16999.511,1949.761
3716.000,LVL,277.568,63.797,76610.607,2296.618,114.695,16999.511,1949.761
3717.000,LVL,277.568,63.797,76610.607,2296.618,114.695,16999.511,1949.761
3718.000,LVL,277.568,63.797,76610.607,2296.618,114.695,16999.511,1949.761
3719.000,LVL,277.568,63.797,76610.607,2296.618,114.695,16999.511,1949.761
3720.000,LVL,277.568,63.797,76610.607,2296.618,114.695,16999.511,1949.761
3721.000,LVL,277.568,63.797,76610.607,2296.618,114.695,16999.511,1949.761
3722.000,LVL,277.568,63.797,76610.607,2296.618,114.695,16999.511,1949.761
3723.000,LVL,277.568,63.797,76610.607,2296.618,114.695,16999.511,1949.761
3724.000,LVL,277.568,63.797,76610.607,2296.618,114.695,16999.511,1949.761
3725.000,LVL,277.568,63.797,76610.607,2296.618,114.695,16999.511,1949.761
3726.000,LVL,277.568,63.797,76610.607,2296.618,114.695,16999.511,1949.761
3727.000,LVL,277.568,63.797,76610.607,2296.618,114.695,16999.511,1949.761
3728.000,LVL,277.568,63.797,76610.607,2296.618,114.695,16999.511,1949.761
3729.000,LVL,277.568,63.797,76610.607,2296.618,114.695,16999.511,1949.761
3730.000,LVL,277.568,63.797,76610.607,2296.618,114.695,16999.511,1949.761
3731.000,LVL,277.568,63.797,76610.607,2296.618,114.695,16999.511,1949.761
3732.000,LVL,277.568,63.797,76610.607,2296.618,114.695,16999.511,1949.761
3733.000,LVL,277.568,63.797,76610.607,2296.618,114.695,16999.511,1949.761
3734.000,LVL,277.568,63.797,76610.607,2296.618,114.695,16999.511,1949.761
3735.000,LVL,277.568,63.797,76610.607,2296.618,114.695,16999.511,1949.761
3736.000,LVL,277.568,63.797,76610.607,2296.618,114.695,16999.511,1949.761
3737.000,LVL,277.568,63.797,76610.607,2296.618,114.695,16999.511,1949.761
3738.000,LVL,277.568,63.797,76610.607,2296.618,114.695,16999.511,1949.761
3739.000,LVL,277.568,63.797,76610.607,2296.618,114.695,16999.511,1949.761
3740.000,LVL,277.568,63.797,76610.607,2296.618,114.695,16999.511,1949.761
3741.000,LVL,277.568,63.797,76610.607,2296.618,114.695,16999.511,1949.761
3742.000,LVL,277.568,63.797,76610.607,2296.618,114.695,16999.511,1949.761
3743.000,LVL,277.568,63.797,76610.607,2296.618,114.695,16999.511,1949.761
3744.000,LVL,277.568,63.797,76610.607,2296.618,114.695,16999.511,1949.761
3745.000,LVL,277.568,63.797,76610.607,2296.618,114.695,16999.511,1949.761
3746.000,LVL,277.568,63.797,76610.607,2296.618,114.695,16999.511,1949.761
3747.000,LVL,277.568,63.797,76610.607,2296.618,114.695,16999.511,1949.761
3748.000,LVL,277.568,63.797,76610.607,2296.618,114.695,16999.511,1949.761
3749.000,LVL,277.568,63.797,76610.607,2296.618,114.695,16999.511,1949.761
3750.000,LVL,277.568,63.797,76610.607,2296.618,114.695,16999.511,1949.761
3751.000,LVL,277.568,63.797,76610.607,2296.618,114.695,16999.511,1949.761
3752.000,LVL,277.568,63.797,76610.607,2296.618,114.695,16999.511,1949.761
3753.000,LVL,277.568,63.797,76610.607,2296.618,114.695,16999.511,1949.761
3754.000,LVL,277.568,63.797,76610.607,2296.618,114.695,16999.511,1949.761
3755.000,LVL,277.568,63.797,76610.607,2296.618,114.695,16999.511,1949.761
3756.000,LVL,277.568,63.797,76610.607,2296.618,114.695,16999.511,1949.761
3757.000,LVL,277.568,63.797,76610.607,2296.618,114.695,16999.511,1949.761
3758.000,LVL,277.568,63.797,76610.607,2296.618,114.695,16999.511,1949.761
3759.000,LVL,277.568,63.797,76610.607,2296.618,114.695,16999.511,1949.761
3760.000,LVL,277.568,63.797,76610.607,2296.618,114.695,16999.511,1949.761
3761.000,LVL,277.568,63.797,76610.607,2296.618,114.695,16999.511,1949.761
3762.000,LVL,277.568,63.797,76610.607,2296.618,114.695,16999.511,1949.761
3763.000,LVL,277.568,63.797,76610.607,2296.618,114.695,16999.511,1949.761
3764.000,LVL,277.568,63.797,76610.607,2296.618,114.695,16999.511,1949.761
3765.000,LVL,277.568,63.797,76610.607,2296.618,114.695,16999.511,1949.761
3766.000,LVL,277.568,63.797,76610.607,2296.618,114.695,16999.511,1949.761
3767.000,LVL,277.568,63.797,76610.607,2296.618,114.695,16999.511,1949.761
3768.000,LVL,277.568,63.797,76610.607,2296.618,114.695,16999.511,1949.761
3769.000,LVL,277.568,63.797,76610.607,2296.618,114.695,16999.511,1949.761
3770.000,LVL,277.568,63.797,76610.607,2296.618,114.695,16999.511,1949.761
3771.000,LVL,277.568,63.797,76610.607,2296.618,114.695,16999.511,1949.761
3772.000,LVL,277.568,63.797,76610.607,2296.618,114.695,16999.511,1949.761
3773.000,LVL,277.568,63.797,76610.607,2296.618,114.695,16999.511,1949.761
3774.000,LVL,277.568,63.797,76610.607,2296.618,114.695,16999.511,1949.761
3775.000,LVL,277.568,63.797,76610.607,2296.618,114.695,16999.511,1949.761
3776.000,LVL,277.568,63.797,76610.607,2296.618,114.695,16999.511,1949.761
3777.000,LVL,277.568,63.797,76610.607,2296.618,114.695,16999.511,1949.761
3778.000,LVL,277.568,63.797,76610.607,2296.618,114.695,16999.511,1949.761
3779.000,LVL,277.568,63.797,76610.607,2296.618,114.695,16999.511,1949.761
3780.000,LVL,277.568,63.797,76610.607,2296.618,114.695,16999.511,1949.761
3781.000,LVL,277.568,63.797,76610.607,2296.618,114.695,16999.511,1949.761
3782.000,LVL,277.568,63.797,76610.607,2296.618,114.695,16999.511,1949.761
3783.000,LVL,277.568,63.797,76610.607,2296.618,114.695,16999.511,1949.761
3784.000,LVL,277.568,63.797,76610.607,2296.618,114.695,16999.511,1949.761
3785.000,LVL,277.568,63.797,76610.607,2296.618,114.695,16999.511,1949.761
3786.000,LVL,277.568,63.797,76610.607,2296.618,114.695,16999.511,1949.761
3787.000,LVL,277.568,63.797,76610.607,2296.618,114.695,16999.511,1949.761
3788.000,LVL,277.568,63.797,76610.607,2296.618,114.695,16999.511,1949.761
3789.000,LVL,277.568,63.797,76610.607,2296.618,114.695,16999.511,1949.761
3790.000,LVL,277.568,63.797,76610.607,2296.618,114.695,16999.511,1949.761
3791.000,LVL,277.568,63.797,76610.607,2296.618,114.695,16999.511,1949.761
3792.000,LVL,277.568,63.797,76610.607,2296.618,114.695,16999.511,1949.761
3793.000,LVL,277.568,63.797,76610.607,2296.618,114.695,16999.511,1949.761
3794.000,LVL,277.568,63.797,76610.607,2296.618,114.695,16999.511,1949.761
3795.000,LVL,277.568,63.797,76610.607,2296.618,114.695,16999.511,1949.761
3796.000,LVL,277.568,63.797,76610.607,2296.618,114.695,16999.511,1949.761
3797.000,LVL,277.568,63.797,76610.607,2296.618,114.695,16999.511,1949.761
3798.000,LVL,277.568,63.797,76610.607,2296.618,114.695,16999.511,1949.761
3799.000,LVL,277.568,63.797,76610.607,2296.618,114.695,16999.511,1949.761
3800.000,LVL,277.568,63.797,76610.607,2296.618,114.695,16999.511,1949.761
3801.000,LVL,277.568,63.797,76610.607,2296.618,114.695,16999.511,1949.761
3802.000,LVL,277.568,63.797,76610.607,2296.618,114.695,16999.511,1949.761
3803.000,LVL,277.568,63.797,76610.607,2296.618,114.695,16999.511,1949.761
3804.000,LVL,277.568,63.797,76610.607,2296.618,114.695,16999.511,1949.761
3805.000,LVL,277.568,63.797,76610.607,2296.618,114.695,16999.511,1949.761
3806.000,LVL,277.568,63.797,76610.607,2296.618,114.695,16999.511,1949.761
3807.000,LVL,277.568,63.797,76610.607,2296.618,114.695,16999.511,1949.761
3808.000,LVL,277.568,63.797,76610.607,2296.618,114.695,16999.511,1949.761
3809.000,LVL,277.568,63.797,76610.607,2296.618,114.695,16999.511,1949.761
3810.000,LVL,277.568,63.797,76610.607,2296.618,114.695,16999.511,1949.761
3811.000,LVL,277.568,63.797,76610.607,2296.618,114.695,16999.511,1949.761
3812.000,LVL,277.568,63.797,76610.607,2296.618,114.695,16999.511,1949.761
3813.000,LVL,277.568,63.797,76610.607,2296.618,114.695,16999.511,1949.761
3814.000,LVL,277.568,63.797,76610.607,2296.618,114.695,16999.511,1949.761
3815.000,LVL,277.568,63.797,76610.607,2296.618,114.695,16999.511,1949.761
3816.000,LVL,277.568,63.797,76610.607,2296.618,114.695,16999.511,1949.761
3817.000,LVL,277.568,63.797,76610.607,2296.618,114.695,16999.511,1949.761
3818.000,LVL,277.568,63.797,76610.607,2296.618,114.695,16999.511,1949.761
3819.000,LVL,277.568,63.797,76610.607,2296.618,114.695,16999.511,1949.761
3820.000,LVL,277.568,63.797,76610.607,2296.618,114.695,16999.511,1949.761
3821.000,LVL,277.568,63.797,76610.607,2296.618,114.695,16999.511,1949.761
3822.000,LVL,277.568,63.797,76610.607,2296.618,114.695,16999.511,1949.761
3823.000,LVL,277.568,63.797,76610.607,2296.618,114.695,16999.511,1949.761
3824.000,LVL,277.568,63.797,76610.607,2296.618,114.695,16999.511,1949.761
3825.000,LVL,277.568,63.797,76610.607,2296.618,114.695,16999.511,1949.761
3826.000,LVL,277.568,63.797,76610.607,2296.618,114.695,16999.511,1949.761
3827.000,LVL,277.568,63.797,76610.607,2296.618,114.695,16999.511,1949.761
3828.000,LVL,277.568,63.797,76610.607,2296.618,114.695,16999.511,1949.761
3829.000,LVL,277.568,63.797,76610.607,2296.618,114.695,16999.511,1949.761
3830.000,LVL,277.568,63.797,76610.607,2296.618,114.695,16999.511,1949.761
3831.000,LVL,277.568,63.797,76610.607,2296.618,114.695,16999.511,1949.761
3832.000,LVL,277.568,63.797,76610.607,2296.618,114.695,16999.511,1949.761
3833.000,LVL,277.568,63.797,76610.607,2296.618,114.695,16999.511,1949.761
3834.000,LVL,277.568,63.797,76610.607,2296.618,114.695,16999.511,1949.761
3835.000,LVL,277.568,63.797,76610.607,2296.618,114.695,16999.511,1949.761
3836.000,LVL,277.568,63.797,76610.607,2296.618,114.695,16999.511,1949.761
3837.000,LVL,277.568,63.797,76610.607,2296.618,114.695,16999.511,1949.761
3838.000,LVL,277.568,63.797,76610.607,2296.618,114.695,16999.511,1949.761
3839.000,LVL,277.568,63.797,76610.607,2296.618,114.695,16999.511,1949.761
3840.000,LVL,277.568,63.797,76610.607,2296.618,114.695,16999.511,1949.761
3841.000,LVL,277.568,63.797,76610.607,2296.618,114.695,16999.511,1949.761
3842.000,LVL,277.568,63.797,76612.675,2296.402,114.700,16998.789,1949.761
3843.000,LVL,277.568,63.797,76618.786,2295.764,114.714,16996.655,1949.761
3844.000,LVL,277.568,63.797,76628.803,2294.718,114.738,16993.158,1949.761
3845.000,LVL,277.568,63.797,76642.586,2293.280,114.770,16988.350,1949.761
3846.000,LVL,277.568,63.797,76659.997,2291.463,114.811,16982.281,1949.761
3847.000,LVL,277.568,63.797,76680.900,2289.282,114.861,16975.002,1949.761
3848.000,LVL,277.568,63.797,76705.156,2286.753,114.918,16966.565,1949.761
3849.000,LVL,277.568,63.797,76732.630,2283.888,114.982,16957.022,1949.761
3850.000,LVL,277.568,63.797,76763.183,2280.703,115.054,16946.425,1949.761
3851.000,LVL,277.568,63.797,76796.680,2277.212,115.133,16934.826,1949.761
3852.000,LVL,277.568,63.797,76832.984,2273.431,115.219,16922.278,1949.761
3853.000,LVL,277.568,63.797,76871.957,2269.373,115.310,16908.833,1949.761
3854.000,LVL,277.568,63.797,76913.464,2265.053,115.408,16894.543,1949.761
3855.000,LVL,277.568,63.797,76957.369,2260.485,115.511,16879.461,1949.761
3856.000,LVL,277.568,63.797,77003.533,2255.685,115.619,16863.640,1949.761
3857.000,LVL,277.568,63.797,77051.821,2250.666,115.733,16847.130,1949.761
3858.000,LVL,277.568,63.797,77102.095,2245.443,115.850,16829.985,1949.761
3859.000,LVL,277.568,63.797,77154.218,2240.032,115.973,16812.255,1949.761
3860.000,LVL,277.568,63.797,77208.054,2234.446,116.099,16793.992,1949.761
3861.000,LVL,277.568,63.797,77263.464,2228.699,116.228,16775.247,1949.761
3862.000,LVL,277.568,63.797,77320.311,2222.807,116.361,16756.070,1949.761
3863.000,LVL,277.568,63.797,77378.457,2216.784,116.497,16736.513,1949.761
3864.000,LVL,277.568,63.797,77437.763,2210.645,116.636,16716.624,1949.761
3865.000,LVL,277.568,63.797,77498.091,2204.404,116.777,16696.454,1949.761
3866.000,LVL,277.568,63.797,77559.303,2198.075,116.920,16676.052,1949.761
3867.000,LVL,277.568,63.797,77621.257,2191.674,117.064,16655.465,1949.761
3868.000,LVL,277.568,63.797,77683.816,2185.214,117.210,16634.742,1949.761
3869.000,LVL,277.568,63.797,77746.839,2178.711,117.357,16613.932,1949.761
3870.000,LVL,277.568,63.797,77810.186,2172.179,117.504,16593.081,1949.761
3871.000,DE,270.994,62.038,77873.715,2165.632,117.652,10095.534,1187.762
3872.000,DE,270.994,62.038,77937.287,2159.085,117.800,10082.868,1187.762
3873.000,DE,270.994,62.038,78000.759,2152.553,117.948,10070.261,1187.762
3874.000,DE,270.994,62.038,78063.990,2146.050,118.094,10057.741,1187.762
3875.000,DE,270.994,62.038,78126.838,2139.590,118.240,10045.337,1187.762
3876.000,DE,270.994,62.038,78189.160,2133.189,118.385,10033.074,1187.762
3877.000,DE,270.994,62.038,78250.812,2126.860,118.528,10020.980,1187.762
3878.000,DE,270.994,62.038,78311.653,2120.619,118.668,10009.081,1187.762
3879.000,DE,270.994,62.038,78371.538,2114.480,118.807,9997.405,1187.762
3880.000,DE,270.994,62.038,78430.323,2108.457,118.943,9985.976,1187.762
3881.000,DE,270.994,62.038,78487.864,2102.565,119.076,9974.821,1187.762
3882.000,DE,270.994,62.038,78544.017,2096.818,119.206,9963.965,1187.762
3883.000,DE,270.994,62.038,78598.636,2091.232,119.332,9953.435,1187.762
3884.000,DE,270.994,62.038,78651.577,2085.820,119.454,9943.255,1187.762
3885.000,DE,270.994,62.038,78702.695,2080.598,119.572,9933.450,1187.762
3886.000,DE,270.994,62.038,78751.844,2075.579,119.685,9924.047,1187.762
3887.000,DE,270.994,62.038,78798.878,2070.779,119.794,9915.069,1187.762
3888.000,DE,270.994,62.038,78843.651,2066.211,119.897,9906.541,1187.762
3889.000,DE,270.994,62.038,78886.018,2061.891,119.994,9898.489,1187.762
3890.000,DE,270.994,62.038,78925.833,2057.833,120.086,9890.937,1187.762
3891.000,DE,270.994,62.038,78962.949,2054.051,120.171,9883.910,1187.762
3892.000,DE,270.994,62.038,78997.221,2050.561,120.250,9877.433,1187.762
3893.000,DE,270.994,62.038,79028.503,2047.376,120.322,9871.531,1187.762
3894.000,DE,270.994,62.038,79056.648,2044.511,120.387,9866.228,1187.762
3895.000,DE,270.994,62.038,79081.512,2041.981,120.444,9861.549,1187.762
3896.000,DE,270.994,62.038,79102.947,2039.801,120.493,9857.520,1187.762
3897.000,DE,270.994,62.038,79120.810,2037.984,120.534,9854.165,1187.762
3898.000,DE,270.994,62.038,79134.955,2036.545,120.567,9851.511,1187.762
3899.000,DE,270.994,62.038,79145.236,2035.500,120.590,9849.583,1187.762
3900.000,DE,270.994,62.038,79151.511,2034.862,120.605,9848.407,1187.762
3901.000,DE,270.994,62.038,79153.634,2034.646,120.609,9848.009,1187.762
3902.000,DE,270.994,62.038,79239.564,2025.914,120.609,9848.009,1187.762
3903.000,DE,270.994,62.038,79325.569,2017.181,120.609,9848.009,1187.762
3904.000,DE,270.994,62.038,79411.650,2008.449,120.609,9848.009,1187.762
3905.000,DE,270.994,62.038,79497.807,1999.717,120.609,9848.009,1187.762
3906.000,DE,270.994,62.038,79584.039,1990.984,120.609,9848.009,1187.762
3907.000,DE,270.994,62.038,79670.347,1982.252,120.609,9848.009,1187.762
3908.000,DE,270.994,62.038,79756.731,1973.519,120.609,9848.009,1187.762
3909.000,DE,270.994,62.038,79843.190,1964.787,120.609,9848.009,1187.762
3910.000,DE,270.994,62.038,79929.726,1956.055,120.609,9848.009,1187.762
3911.000,DE,270.994,62.038,80016.337,1947.322,120.609,9848.009,1187.762
3912.000,DE,270.994,62.038,80103.024,1938.590,120.609,9848.009,1187.762
3913.000,DE,270.994,62.038,80189.788,1929.857,120.609,9848.009,1187.762
3914.000,DE,270.994,62.038,80276.627,1921.125,120.609,9848.009,1187.762
3915.000,DE,270.994,62.038,80363.543,1912.393,120.609,9848.009,1187.762
3916.000,DE,270.994,62.038,80450.534,1903.660,120.609,9848.009,1187.762
3917.000,DE,270.994,62.038,80537.602,1894.928,120.609,9848.009,1187.762
3918.000,DE,270.994,62.038,80624.747,1886.196,120.609,9848.009,1187.762
3919.000,DE,270.994,62.038,80711.967,1877.463,120.609,9848.009,1187.762
3920.000,DE,270.994,62.038,80799.264,1868.731,120.609,9848.009,1187.762
3921.000,DE,270.994,62.038,80886.638,1859.998,120.609,9848.009,1187.762
3922.000,DE,270.994,62.038,80974.087,1851.266,120.609,9848.009,1187.762
3923.000,DE,270.994,62.038,81061.614,1842.534,120.609,9848.009,1187.762
3924.000,DE,270.994,62.038,81149.217,1833.801,120.609,9848.009,1187.762
3925.000,DE,270.994,62.038,81236.897,1825.069,120.609,9848.009,1187.762
3926.000,DE,270.994,62.038,81324.653,1816.336,120.609,9848.009,1187.762
3927.000,DE,270.994,62.038,81412.486,1807.604,120.609,9848.009,1187.762
3928.000,DE,270.994,62.038,81500.396,1798.872,120.609,9848.009,1187.762
3929.000,DE,270.994,62.038,81588.383,1790.139,120.609,9848.009,1187.762
3930.000,DE,270.994,62.038,81676.447,1781.407,120.609,9848.009,1187.762
3931.000,DE,270.994,62.038,81764.587,1772.674,120.609,9848.009,1187.762
3932.000,DE,270.994,62.038,81852.805,1763.942,120.609,9848.009,1187.762
3933.000,DE,270.994,62.038,81941.100,1755.210,120.609,9848.009,1187.762
3934.000,DE,270.994,62.038,82029.471,1746.477,120.609,9848.009,1187.762
3935.000,DE,270.994,62.038,82117.920,1737.745,120.609,9848.009,1187.762
3936.000,DE,270.994,62.038,82206.446,1729.013,120.609,9848.009,1187.762
3937.000,DE,270.994,62.038,82295.050,1720.280,120.609,9848.009,1187.762
3938.000,DE,270.994,62.038,82383.731,1711.548,120.609,9848.009,1187.762
3939.000,DE,270.994,62.038,82472.489,1702.815,120.609,9848.009,1187.762
3940.000,DE,270.994,62.038,82561.324,1694.083,120.609,9848.009,1187.762
3941.000,DE,270.994,62.038,82650.237,1685.351,120.609,9848.009,1187.762
3942.000,DE,270.994,62.038,82739.228,1676.618,120.609,9848.009,1187.762
3943.000,DE,270.994,62.038,82828.296,1667.886,120.609,9848.009,1187.762
3944.000,DE,270.994,62.038,82917.442,1659.153,120.609,9848.009,1187.762
3945.000,DE,270.994,62.038,83006.665,1650.421,120.609,9848.009,1187.762
3946.000,DE,270.994,62.038,83095.966,1641.689,120.609,9848.009,1187.762
3947.000,DE,270.994,62.038,83185.345,1632.956,120.609,9848.009,1187.762
3948.000,DE,270.994,62.038,83274.802,1624.224,120.609,9848.009,1187.762
3949.000,DE,270.994,62.038,83364.336,1615.492,120.609,9848.009,1187.762
3950.000,DE,270.994,62.038,83453.949,1606.759,120.609,9848.009,1187.762
3951.000,DE,270.994,62.038,83543.639,1598.027,120.609,9848.009,1187.762
3952.000,DE,270.994,62.038,83633.408,1589.294,120.609,9848.009,1187.762
3953.000,DE,270.994,62.038,83723.254,1580.562,120.609,9848.009,1187.762
3954.000,DE,270.994,62.038,83813.179,1571.830,120.609,9848.009,1187.762
3955.000,DE,270.994,62.038,83903.182,1563.097,120.609,9848.009,1187.762
3956.000,DE,270.994,62.038,83993.263,1554.365,120.609,9848.009,1187.762
3957.000,DE,270.994,62.038,84083.423,1545.632,120.609,9848.009,1187.762
3958.000,DE,270.994,62.038,84173.661,1536.900,120.609,9848.009,1187.762
3959.000,DE,270.994,62.038,84263.977,1528.168,120.609,9848.009,1187.762
3960.000,DE,270.994,62.038,84354.372,1519.435,120.609,9848.009,1187.762
3961.000,DE,270.994,62.038,84444.845,1510.703,120.609,9848.009,1187.762
3962.000,DE,270.994,62.038,84535.397,1501.971,120.609,9848.009,1187.762
3963.000,DE,270.994,62.038,84626.027,1493.238,120.609,9848.009,1187.762
3964.000,DE,270.994,62.038,84716.736,1484.506,120.609,9848.009,1187.762
3965.000,DE,270.994,62.038,84807.524,1475.773,120.609,9848.009,1187.762
3966.000,DE,270.994,62.038,84898.391,1467.041,120.609,9848.009,1187.762
3967.000,DE,270.994,62.038,84989.336,1458.309,120.609,9848.009,1187.762
3968.000,DE,270.994,62.038,85080.360,1449.576,120.609,9848.009,1187.762
3969.000,DE,270.994,62.038,85171.463,1440.844,120.609,9848.009,1187.762
3970.000,DE,270.994,62.038,85262.645,1432.111,120.609,9848.009,1187.762
3971.000,DE,270.994,62.038,85353.907,1423.379,120.609,9848.009,1187.762
3972.000,DE,270.994,62.038,85445.247,1414.647,120.609,9848.009,1187.762
3973.000,DE,270.994,62.038,85536.666,1405.914,120.609,9848.009,1187.762
3974.000,DE,270.994,62.038,85628.165,1397.182,120.609,9848.009,1187.762
3975.000,DE,270.994,62.038,85719.742,1388.449,120.609,9848.009,1187.762
3976.000,DE,270.994,62.038,85811.400,1379.717,120.609,9848.009,1187.762
3977.000,DE,270.994,62.038,85903.136,1370.985,120.609,9848.009,1187.762
3978.000,DE,270.994,62.038,85994.952,1362.252,120.609,9848.009,1187.762
3979.000,DE,270.994,62.038,86086.847,1353.520,120.609,9848.009,1187.762
3980.000,DE,270.994,62.038,86178.822,1344.788,120.609,9848.009,1187.762
3981.000,DE,270.994,62.038,86270.876,1336.055,120.609,9848.009,1187.762
3982.000,DE,270.994,62.038,86363.010,1327.323,120.609,9848.009,1187.762
3983.000,DE,270.994,62.038,86455.224,1318.590,120.609,9848.009,1187.762
3984.000,DE,270.994,62.038,86547.517,1309.858,120.609,9848.009,1187.762
3985.000,DE,270.994,62.038,86639.890,1301.126,120.609,9848.009,1187.762
3986.000,DE,270.994,62.038,86732.343,1292.393,120.609,9848.009,1187.762
3987.000,DE,270.994,62.038,86824.876,1283.661,120.609,9848.009,1187.762
3988.000,DE,270.994,62.038,86917.488,1274.928,120.609,9848.009,1187.762
3989.000,DE,270.994,62.038,87010.181,1266.196,120.609,9848.009,1187.762
3990.000,DE,270.994,62.038,87102.954,1257.464,120.609,9848.009,1187.762
3991.000,DE,270.994,62.038,87195.806,1248.731,120.609,9848.009,1187.762
3992.000,DE,270.994,62.038,87288.739,1239.999,120.609,9848.009,1187.762
3993.000,DE,270.994,62.038,87381.752,1231.267,120.609,9848.009,1187.762
3994.000,DE,270.994,62.038,87474.846,1222.534,120.609,9848.009,1187.762
3995.000,DE,270.994,62.038,87568.019,1213.802,120.609,9848.009,1187.762
3996.000,DE,270.994,62.038,87661.273,1205.069,120.609,9848.009,1187.762
3997.000,DE,270.994,62.038,87754.607,1196.337,120.609,9848.009,1187.762
3998.000,DE,270.994,62.038,87848.022,1187.605,120.609,9848.009,1187.762
3999.000,DE,270.994,62.038,87941.518,1178.872,120.609,9848.009,1187.762
4000.000,DE,270.994,62.038,88035.093,1170.140,120.609,9848.009,1187.762
4001.000,DE,270.994,62.038,88128.750,1161.407,120.609,9848.009,1187.762
4002.000,DE,270.994,62.038,88222.487,1152.675,120.609,9848.009,1187.762
4003.000,DE,270.994,62.038,88316.305,1143.943,120.609,9848.009,1187.762
4004.000,DE,270.994,62.038,88410.203,1135.210,120.609,9848.009,1187.762
4005.000,DE,270.994,62.038,88504.183,1126.478,120.609,9848.009,1187.762
4006.000,DE,270.994,62.038,88598.243,1117.745,120.609,9848.009,1187.762
4007.000,DE,270.994,62.038,88692.384,1109.013,120.609,9848.009,1187.762
4008.000,DE,270.994,62.038,88786.607,1100.281,120.609,9848.009,1187.762
4009.000,DE,270.994,62.038,88880.910,1091.548,120.609,9848.009,1187.762
4010.000,DE,270.994,62.038,88975.294,1082.816,120.609,9848.009,1187.762
4011.000,DE,270.994,62.038,89069.760,1074.084,120.609,9848.009,1187.762
4012.000,DE,270.994,62.038,89164.307,1065.351,120.609,9848.009,1187.762
4013.000,DE,270.994,62.038,89258.934,1056.619,120.609,9848.009,1187.762
4014.000,DE,270.994,62.038,89353.644,1047.886,120.609,9848.009,1187.762
4015.000,DE,270.994,62.038,89448.434,1039.154,120.609,9848.009,1187.762
4016.000,DE,270.994,62.038,89543.306,1030.422,120.609,9848.009,1187.762
4017.000,DE,270.994,62.038,89638.260,1021.689,120.609,9848.009,1187.762
4018.000,DE,270.994,62.038,89733.295,1012.957,120.609,9848.009,1187.762
4019.000,DE,270.994,62.038,89828.411,1004.224,120.609,9848.009,1187.762
4020.000,DE,270.994,62.038,89923.610,995.492,120.609,9848.009,1187.762
4021.000,DE,270.994,62.038,90018.889,986.760,120.609,9848.009,1187.762
4022.000,DE,270.994,62.038,90114.251,978.027,120.609,9848.009,1187.762
4023.000,DE,270.994,62.038,90209.694,969.295,120.609,9848.009,1187.762
4024.000,DE,270.994,62.038,90305.220,960.563,120.609,9848.009,1187.762
4025.000,DE,270.994,62.038,90400.827,951.830,120.609,9848.009,1187.762
4026.000,DE,270.994,62.038,90496.516,943.098,120.609,9848.009,1187.762
4027.000,DE,270.994,62.038,90592.287,934.365,120.609,9848.009,1187.762
4028.000,DE,270.994,62.038,90688.140,925.633,120.609,9848.009,1187.762
4029.000,DE,270.994,62.038,90784.075,916.901,120.609,9848.009,1187.762
4030.000,DE,270.994,62.038,90880.092,908.168,120.609,9848.009,1187.762
4031.000,DE,270.994,62.038,90976.192,899.436,120.609,9848.009,1187.762
4032.000,DE,270.994,62.038,91072.374,890.703,120.609,9848.009,1187.762
4033.000,DE,270.994,62.038,91168.638,881.971,120.609,9848.009,1187.762
4034.000,DE,270.994,62.038,91264.985,873.239,120.609,9848.009,1187.762
4035.000,DE,270.994,62.038,91361.414,864.506,120.609,9848.009,1187.762
4036.000,DE,270.994,62.038,91457.925,855.774,120.609,9848.009,1187.762
4037.000,DE,270.994,62.038,91554.519,847.042,120.609,9848.009,1187.762
4038.000,DE,270.994,62.038,91651.196,838.309,120.609,9848.009,1187.762
4039.000,DE,270.994,62.038,91747.955,829.577,120.609,9848.009,1187.762
4040.000,DE,270.994,62.038,91844.797,820.844,120.609,9848.009,1187.762
4041.000,DE,270.994,62.038,91941.721,812.112,120.609,9848.009,1187.762
4042.000,DE,270.994,62.038,92038.729,803.380,120.609,9848.009,1187.762
4043.000,DE,270.994,62.038,92135.819,794.647,120.609,9848.009,1187.762
4044.000,DE,270.994,62.038,92232.993,785.915,120.609,9848.009,1187.762
4045.000,DE,270.994,62.038,92330.249,777.182,120.609,9848.009,1187.762
4046.000,DE,270.994,62.038,92427.588,768.450,120.609,9848.009,1187.762
4047.000,DE,270.994,62.038,92525.010,759.718,120.609,9848.009,1187.762
4048.000,DE,270.994,62.038,92622.516,750.985,120.609,9848.009,1187.762
4049.000,DE,270.994,62.038,92720.105,742.253,120.609,9848.009,1187.762
4050.000,DE,270.994,62.038,92817.777,733.520,120.609,9848.009,1187.762
4051.000,DE,270.994,62.038,92915.532,724.788,120.609,9848.009,1187.762
4052.000,DE,270.994,62.038,93013.370,716.056,120.609,9848.009,1187.762
4053.000,DE,270.994,62.038,93111.292,707.323,120.609,9848.009,1187.762
4054.000,DE,270.994,62.038,93209.298,698.591,120.609,9848.009,1187.762
4055.000,DE,270.994,62.038,93307.387,689.859,120.609,9848.009,1187.762
4056.000,DE,270.994,62.038,93405.559,681.126,120.609,9848.009,1187.762
4057.000,DE,270.994,62.038,93503.815,672.394,120.609,9848.009,1187.762
4058.000,DE,270.994,62.038,93602.155,663.661,120.609,9848.009,1187.762
4059.000,DE,270.994,62.038,93700.579,654.929,120.609,9848.009,1187.762
4060.000,DE,270.994,62.038,93799.086,646.197,120.609,9848.009,1187.762
4061.000,DE,270.994,62.038,93897.677,637.464,120.609,9848.009,1187.762
4062.000,DE,270.994,62.038,93996.352,628.732,120.609,9848.009,1187.762
4063.000,DE,270.994,62.038,94095.111,619.999,120.609,9848.009,1187.762
4064.000,DE,270.994,62.038,94193.954,611.267,120.609,9848.009,1187.762
4065.000,DE,270.994,62.038,94292.881,602.535,120.609,9848.009,1187.762
4066.000,DE,270.994,62.038,94391.892,593.802,120.609,9848.009,1187.762
4067.000,DE,270.994,62.038,94490.988,585.070,120.609,9848.009,1187.762
4068.000,DE,270.994,62.038,94590.167,576.338,120.609,9848.009,1187.762
4069.000,DE,270.994,62.038,94689.431,567.605,120.609,9848.009,1187.762
4070.000,DE,270.994,62.038,94788.779,558.873,120.609,9848.009,1187.762
4071.000,DE,270.994,62.038,94888.212,550.140,120.609,9848.009,1187.762
4072.000,DE,270.994,62.038,94987.729,541.408,120.609,9848.009,1187.762
4073.000,DE,270.994,62.038,95087.330,532.676,120.609,9848.009,1187.762
4074.000,DE,270.994,62.038,95187.017,523.943,120.609,9848.009,1187.762
4075.000,DE,270.994,62.038,95286.787,515.211,120.609,9848.009,1187.762
4076.000,DE,270.994,62.038,95386.643,506.478,120.609,9848.009,1187.762
4077.000,DE,270.994,62.038,95486.583,497.746,120.609,9848.009,1187.762
4078.000,DE,270.994,62.038,95586.607,489.014,120.609,9848.009,1187.762
4079.000,DE,270.994,62.038,95686.717,480.281,120.609,9848.009,1187.762
4080.000,DE,270.994,62.038,95786.912,471.549,120.609,9848.009,1187.762
4081.000,DE,270.994,62.038,95887.191,462.816,120.609,9848.009,1187.762
4082.000,DE,270.994,62.038,95987.555,454.084,120.609,9848.009,1187.762
4083.000,DE,270.994,62.038,96088.005,445.352,120.609,9848.009,1187.762
4084.000,DE,270.994,62.038,96188.540,436.619,120.609,9848.009,1187.762
4085.000,DE,270.994,62.038,96289.159,427.887,120.609,9848.009,1187.762
4086.000,DE,270.994,62.038,96389.864,419.155,120.609,9848.009,1187.762
4087.000,DE,270.994,62.038,96490.655,410.422,120.609,9848.009,1187.762
4088.000,DE,270.994,62.038,96591.530,401.690,120.609,9848.009,1187.762
4089.000,DE,270.994,62.038,96692.491,392.957,120.609,9848.009,1187.762
4090.000,DE,270.994,62.038,96793.537,384.225,120.609,9848.009,1187.762
4091.000,DE,270.994,62.038,96894.669,375.493,120.609,9848.009,1187.762
4092.000,DE,270.994,62.038,96995.887,366.760,120.609,9848.009,1187.762
4093.000,DE,270.994,62.038,97097.190,358.028,120.609,9848.009,1187.762
4094.000,DE,270.994,62.038,97198.578,349.295,120.609,9848.009,1187.762
4095.000,DE,270.994,62.038,97300.053,340.563,120.609,9848.009,1187.762
4096.000,DE,270.994,62.038,97401.613,331.831,120.609,9848.009,1187.762
4097.000,DE,270.994,62.038,97503.259,323.098,120.609,9848.009,1187.762
4098.000,DE,270.994,62.038,97604.991,314.366,120.609,9848.009,1187.762
4099.000,DE,270.994,62.038,97706.808,305.634,120.609,9848.009,1187.762
4100.000,DE,270.994,62.038,97808.712,296.901,120.609,9848.009,1187.762
4101.000,DE,270.994,62.038,97910.702,288.169,120.609,9848.009,1187.762
4102.000,DE,270.994,62.038,98012.778,279.436,120.609,9848.009,1187.762
4103.000,DE,270.994,62.038,98114.940,270.704,120.609,9848.009,1187.762
4104.000,DE,270.994,62.038,98217.188,261.972,120.609,9848.009,1187.762
4105.000,DE,270.994,62.038,98319.523,253.239,120.609,9848.009,1187.762
4106.000,DE,270.994,62.038,98421.943,244.507,120.609,9848.009,1187.762
4107.000,DE,270.994,62.038,98524.451,235.774,120.609,9848.009,1187.762
4108.000,DE,270.994,62.038,98627.044,227.042,120.609,9848.009,1187.762
4109.000,DE,270.994,62.038,98729.724,218.310,120.609,9848.009,1187.762
4110.000,DE,270.994,62.038,98832.491,209.577,120.609,9848.009,1187.762
4111.000,DE,270.994,62.038,98935.344,200.845,120.609,9848.009,1187.762
4112.000,DE,270.994,62.038,99038.284,192.113,120.609,9848.009,1187.762
4113.000,DE,270.994,62.038,99141.311,183.380,120.609,9848.009,1187.762
4114.000,DE,270.994,62.038,99244.424,174.648,120.609,9848.009,1187.762
4115.000,DE,270.994,62.038,99347.625,165.915,120.609,9848.009,1187.762
4116.000,DE,270.994,62.038,99450.912,157.183,120.609,9848.009,1187.762
4117.000,DE,270.994,62.038,99554.286,148.451,120.609,9848.009,1187.762
4118.000,DE,270.994,62.038,99657.747,139.718,120.609,9848.009,1187.762
4119.000,DE,270.994,62.038,99761.295,130.986,120.609,9848.009,1187.762
4120.000,DE,270.994,62.038,99864.930,122.253,120.609,9848.009,1187.762
4121.000,DE,270.994,62.038,99968.652,113.521,120.609,9848.009,1187.762
4122.000,DE,270.994,62.038,100072.462,104.789,120.609,9848.009,1187.762
4123.000,DE,270.994,62.038,100176.359,96.056,120.609,9848.009,1187.762
4124.000,DE,270.994,62.038,100280.343,87.324,120.609,9848.009,1187.762
4125.000,DE,270.994,62.038,100384.415,78.591,120.609,9848.009,1187.762
4126.000,DE,270.994,62.038,100488.574,69.859,120.609,9848.009,1187.762
4127.000,DE,270.994,62.038,100592.820,61.127,120.609,9848.009,1187.762
4128.000,DE,270.994,62.038,100697.154,52.394,120.609,9848.009,1187.762
4129.000,DE,270.994,62.038,100801.576,43.662,120.609,9848.009,1187.762
4130.000,DE,270.994,62.038,100906.085,34.930,120.609,9848.009,1187.762
4131.000,DE,270.994,62.038,101010.682,26.197,120.609,9848.009,1187.762
4132.000,DE,270.994,62.038,101115.367,17.465,120.609,9848.009,1187.762
4133.000,DE,270.994,62.038,101220.139,8.732,120.609,9848.009,1187.762
4134.000,DE,270.994,62.038,101325.000,0.000,120.609,9848.009,1187.762
