time_s,phase,ambient_temperature_K,relative_humidity_pct,pressure_Pa,altitude_m,tas_ms,thrust_N,propulsive_power_kW
0.000,TO,282.859,51.016,101325.000,0.000,92.141,29872.717,2752.507
1.000,TO,282.859,51.016,100947.123,31.503,92.141,29809.903,2746.720
2.000,TO,282.859,51.016,100570.388,63.005,92.141,29890.280,2754.126
3.000,TO,282.859,51.016,100194.792,94.508,92.141,30169.135,2779.820
4.000,TO,282.859,51.016,99820.332,126.010,92.141,30576.236,2817.330
5.000,TO,282.859,51.016,99447.007,157.513,92.141,31165.400,2871.617
6.000,TO,282.859,51.016,99074.813,189.016,92.141,31736.800,2924.266
7.000,TO,282.859,51.016,98703.748,220.518,92.141,32155.544,2962.850
8.000,TO,282.859,51.016,98333.809,252.021,92.141,32501.383,2994.716
9.000,TO,282.859,51.016,97964.993,283.523,92.141,32607.076,3004.454
10.000,TO,282.859,51.016,97597.299,315.026,92.141,32537.683,2998.060
11.000,TO,282.859,51.016,97230.722,346.529,92.141,32357.059,2981.417
12.000,TO,282.859,51.016,96865.262,378.031,92.141,32074.720,2955.402
13.000,TO,282.859,51.016,96500.914,409.534,92.141,31805.235,2930.572
14.000,TO,282.859,51.016,96137.677,441.036,92.141,31560.972,2908.065
15.000,TO,282.859,51.016,95775.548,472.539,92.141,31411.349,2894.279
16.000,TO,282.859,51.016,95414.524,504.041,92.141,31359.585,2889.509
17.000,TO,282.859,51.016,95054.603,535.544,92.141,31277.276,2881.925
18.000,TO,282.859,51.016,94695.782,567.047,92.141,31154.547,2870.617
19.000,TO,282.859,51.016,94338.059,598.549,92.141,31114.000,2866.881
20.000,TO,282.859,51.016,93981.431,630.052,92.141,31002.208,2856.580
21.000,TO,282.859,51.016,93625.895,661.554,92.141,30748.294,2833.184
22.000,TO,282.859,51.016,93271.449,693.057,92.141,30509.539,2811.185
23.000,TO,282.859,51.016,92918.090,724.560,92.141,30493.193,2809.679
24.000,TO,282.859,51.016,92565.817,756.062,92.141,30702.666,2828.980
25.000,TO,282.859,51.016,92214.625,787.565,92.141,30992.037,2855.643
26.000,TO,282.859,51.016,91864.513,819.067,92.141,31253.164,2879.703
27.000,TO,282.859,51.016,91515.478,850.570,92.141,31375.092,2890.938
28.000,TO,282.859,51.016,91167.518,882.073,92.141,31363.701,2889.888
29.000,TO,282.859,51.016,90820.630,913.575,92.141,31344.046,2888.077
30.000,TO,282.859,51.016,90474.812,945.078,92.141,31306.587,2884.626
31.000,TO,282.859,51.016,90130.060,976.580,92.141,31149.686,2870.169
32.000,TO,282.859,51.016,89786.373,1008.083,92.141,30892.841,2846.503
33.000,TO,282.859,51.016,89443.748,1039.586,92.141,30557.529,2815.607
34.000,TO,282.859,51.016,89102.182,1071.088,92.141,30059.925,2769.757
35.000,TO,282.859,51.016,88761.674,1102.591,92.141,29489.885,2717.233
36.000,TO,282.859,51.016,88422.220,1134.093,92.141,28902.198,2663.082
37.000,TO,282.859,51.016,88083.817,1165.596,92.141,28335.049,2610.825
38.000,TO,282.859,51.016,87746.465,1197.099,92.141,27743.400,2556.309
39.000,TO,282.859,51.016,87410.159,1228.601,92.141,27131.042,2499.886
40.000,TO,282.859,51.016,87074.898,1260.104,92.141,26465.320,2438.546
41.000,TO,282.859,51.016,86740.678,1291.606,92.141,25753.981,2373.002
42.000,TO,282.859,51.016,86726.912,1292.906,92.168,25037.431,2307.648
43.000,TO,282.859,51.016,86686.556,1296.717,92.246,24243.072,2236.333
44.000,TO,282.859,51.016,86621.040,1302.907,92.374,23494.871,2170.306
45.000,TO,282.859,51.016,86531.807,1311.344,92.547,22968.154,2125.636
46.000,TO,282.859,51.016,86420.311,1321.896,92.764,22694.573,2105.242
47.000,TO,282.859,51.016,86288.018,1334.430,93.022,22628.216,2104.920
48.000,TO,282.859,51.016,86136.397,1348.815,93.318,22829.185,2130.369
49.000,TO,282.859,51.016,85966.921,1364.917,93.649,23323.456,2184.218
50.000,TO,282.859,51.016,85781.064,1382.606,94.013,23968.029,2253.301
51.000,TO,282.859,51.016,85580.298,1401.749,94.406,24715.073,2333.263
52.000,TO,282.859,51.016,85366.090,1422.214,94.827,25486.151,2416.785
53.000,TO,282.859,51.016,85139.905,1443.868,95.273,26136.876,2490.132
54.000,TO,282.859,51.016,84903.196,1466.579,95.740,26690.630,2555.357
55.000,TO,282.859,51.016,84657.411,1490.216,96.226,27149.319,2612.470
56.000,TO,282.859,51.016,84403.985,1514.646,96.728,27542.998,2664.191
57.000,TO,282.859,51.016,84144.343,1539.736,97.244,27798.832,2703.283
58.000,TO,282.859,51.016,83879.899,1565.356,97.771,27808.131,2718.840
59.000,TO,282.859,51.016,83612.050,1591.371,98.306,27591.218,2712.395
60.000,TO,282.859,51.016,83342.184,1617.651,98.847,27209.583,2689.585
61.000,CL,273.461,41.388,83071.671,1644.064,99.390,24900.312,2474.847
62.000,CL,273.461,41.388,82801.870,1670.476,99.933,24791.083,2477.458
63.000,CL,273.461,41.388,82534.123,1696.756,100.474,24698.859,2481.591
64.000,CL,273.461,41.388,82269.761,1722.772,101.009,24658.793,2490.760
65.000,CL,273.461,41.388,82010.098,1748.391,101.536,24619.588,2499.772
66.000,CL,273.461,41.388,81756.437,1773.482,102.052,24615.884,2512.099
67.000,CL,273.461,41.388,81510.069,1797.911,102.554,24510.446,2513.654
68.000,CL,273.461,41.388,81272.270,1821.548,103.041,24489.351,2523.396
69.000,CL,273.461,41.388,81044.309,1844.259,103.508,24380.822,2523.601
70.000,CL,273.461,41.388,80827.444,1865.914,103.953,24278.532,2523.826
71.000,CL,273.461,41.388,80622.924,1886.378,104.374,24224.620,2528.418
72.000,CL,273.461,41.388,80431.992,1905.521,104.768,24039.394,2518.550
73.000,CL,273.461,41.388,80255.887,1923.210,105.131,23924.345,2515.201
74.000,CL,273.461,41.388,80095.845,1939.313,105.463,23716.665,2501.222
75.000,CL,273.461,41.388,79953.097,1953.697,105.758,23522.692,2487.724
76.000,CL,273.461,41.388,79828.881,1966.232,106.016,23292.937,2469.430
77.000,CL,273.461,41.388,79724.433,1976.783,106.233,23113.696,2455.444
78.000,CL,273.461,41.388,79640.998,1985.220,106.407,22895.702,2436.258
79.000,CL,273.461,41.388,79579.828,1991.410,106.534,22795.426,2428.491
80.000,CL,273.461,41.388,79542.188,1995.221,106.612,22769.210,2427.482
81.000,CL,273.461,41.388,79529.354,1996.521,106.639,22643.797,2414.717
82.000,CL,273.461,41.388,79476.856,2001.839,106.639,22765.589,2427.705
83.000,CL,273.461,41.388,79424.387,2007.158,106.639,22774.536,2428.659
84.000,CL,273.461,41.388,79371.945,2012.476,106.639,22912.391,2443.360
85.000,CL,273.461,41.388,79319.532,2017.794,106.639,22907.495,2442.837
86.000,CL,273.461,41.388,79267.146,2023.112,106.639,22980.943,2450.670
87.000,CL,273.461,41.388,79214.789,2028.431,106.639,23070.361,2460.205
88.000,CL,273.461,41.388,79162.459,2033.749,106.639,23267.699,2481.249
89.000,CL,273.461,41.388,79110.158,2039.067,106.639,23521.163,2508.279
90.000,CL,273.461,41.388,79057.884,2044.385,106.639,23687.037,2525.967
91.000,CL,273.461,41.388,79005.639,2049.704,106.639,23862.959,2544.727
92.000,CL,273.461,41.388,78953.421,2055.022,106.639,24023.082,2561.803
93.000,CL,273.461,41.388,78901.232,2060.340,106.639,24179.091,2578.439
94.000,CL,273.461,41.388,78849.070,2065.659,106.639,24369.629,2598.758
95.000,CL,273.461,41.388,78796.936,2070.977,106.639,24522.506,2615.061
96.000,CL,273.461,41.388,78744.831,2076.295,106.639,24725.067,2636.662
97.000,CL,273.461,41.388,78692.753,2081.613,106.639,25007.791,2666.811
98.000,CL,273.461,41.388,78640.703,2086.932,106.639,25223.316,2689.795
99.000,CL,273.461,41.388,78588.680,2092.250,106.639,25336.911,2701.909
100.000,CL,273.461,41.388,78536.686,2097.568,106.639,25469.611,2716.060
101.000,CL,273.461,41.388,78484.720,2102.886,106.639,25536.355,2723.177
102.000,CL,273.461,41.388,78432.781,2108.205,106.639,25629.398,2733.099
103.000,CL,273.461,41.388,78380.871,2113.523,106.639,25660.162,2736.380
104.000,CL,273.461,41.388,78328.988,2118.841,106.639,25576.252,2727.432
105.000,CL,273.461,41.388,78277.133,2124.160,106.639,25629.158,2733.074
106.000,CL,273.461,41.388,78225.305,2129.478,106.639,25657.049,2736.048
107.000,CL,273.461,41.388,78173.506,2134.796,106.639,25741.449,2745.048
108.000,CL,273.461,41.388,78121.734,2140.114,106.639,25831.529,2754.654
109.000,CL,273.461,41.388,78069.990,2145.433,106.639,25883.207,2760.165
110.000,CL,273.461,41.388,78018.274,2150.751,106.639,25956.415,2767.972
111.000,CL,273.461,41.388,77966.586,2156.069,106.639,25980.190,2770.507
112.000,CL,273.461,41.388,77914.925,2161.387,106.639,26014.256,2774.140
113.000,CL,273.461,41.388,77863.292,2166.706,106.639,26061.772,2779.207
114.000,CL,273.461,41.388,77811.687,2172.024,106.639,26081.255,2781.285
115.000,CL,273.461,41.388,77760.109,2177.342,106.639,26126.223,2786.080
116.000,CL,273.461,41.388,77708.559,2182.661,106.639,26143.104,2787.880
117.000,CL,273.461,41.388,77657.037,2187.979,106.639,26164.224,2790.133
118.000,CL,273.461,41.388,77605.542,2193.297,106.639,26140.201,2787.571
119.000,CL,273.461,41.388,77554.075,2198.615,106.639,26082.159,2781.381
120.000,CL,273.461,41.388,77502.636,2203.934,106.639,26069.251,2780.005
121.000,CL,273.461,41.388,77451.225,2209.252,106.639,26016.794,2774.411
122.000,CL,273.461,41.388,77399.841,2214.570,106.639,25931.880,2765.356
123.000,CL,273.461,41.388,77348.484,2219.889,106.639,25831.292,2754.629
124.000,CL,273.461,41.388,77297.155,2225.207,106.639,25691.844,2739.758
125.000,CL,273.461,41.388,77245.854,2230.525,106.639,25537.693,2723.320
126.000,CL,273.461,41.388,77194.580,2235.843,106.639,25371.744,2705.623
127.000,CL,273.461,41.388,77143.334,2241.162,106.639,25211.355,2688.519
128.000,CL,273.461,41.388,77092.116,2246.480,106.639,24982.947,2664.162
129.000,CL,273.461,41.388,77040.925,2251.798,106.639,24699.422,2633.927
130.000,CL,273.461,41.388,76989.761,2257.116,106.639,24438.590,2606.112
131.000,CL,273.461,41.388,76938.625,2262.435,106.639,24096.069,2569.586
132.000,CL,273.461,41.388,76887.517,2267.753,106.639,23724.469,2529.959
133.000,CL,273.461,41.388,76836.436,2273.071,106.639,23409.825,2496.406
134.000,CL,273.461,41.388,76785.383,2278.390,106.639,23042.294,2457.212
135.000,CL,273.461,41.388,76734.357,2283.708,106.639,22742.329,2425.224
136.000,CL,273.461,41.388,76683.358,2289.026,106.639,22484.112,2397.688
137.000,CL,273.461,41.388,76632.387,2294.344,106.639,22304.928,2378.580
138.000,CL,273.461,41.388,76581.443,2299.663,106.639,22167.755,2363.952
139.000,CL,273.461,41.388,76530.527,2304.981,106.639,22109.598,2357.750
140.000,CL,273.461,41.388,76479.638,2310.299,106.639,21998.163,2345.867
141.000,CL,273.461,41.388,76428.777,2315.617,106.639,21965.971,2342.434
142.000,CL,273.461,41.388,76377.943,2320.936,106.639,21982.781,2344.227
143.000,CL,273.461,41.388,76327.136,2326.254,106.639,22138.667,2360.850
144.000,CL,273.461,41.388,76276.357,2331.572,106.639,22263.827,2374.197
145.000,CL,273.461,41.388,76225.605,2336.891,106.639,22461.972,2395.327
146.000,CL,273.461,41.388,76174.880,2342.209,106.639,22667.125,2417.205
147.000,CL,273.461,41.388,76124.183,2347.527,106.639,22759.900,2427.098
148.000,CL,273.461,41.388,76073.513,2352.845,106.639,22799.112,2431.280
149.000,CL,273.461,41.388,76022.871,2358.164,106.639,22829.421,2434.512
150.000,CL,273.461,41.388,75972.255,2363.482,106.639,22793.023,2430.630
151.000,CL,273.461,41.388,75921.667,2368.800,106.639,22740.967,2425.079
152.000,CL,273.461,41.388,75871.107,2374.118,106.639,22680.173,2418.596
153.000,CL,273.461,41.388,75820.573,2379.437,106.639,22655.463,2415.961
154.000,CL,273.461,41.388,75770.067,2384.755,106.639,22590.858,2409.072
155.000,CL,273.461,41.388,75719.588,2390.073,106.639,22654.043,2415.810
156.000,CL,273.461,41.388,75669.137,2395.392,106.639,22717.760,2422.604
157.000,CL,273.461,41.388,75618.712,2400.710,106.639,22864.759,2438.280
158.000,CL,273.461,41.388,75568.315,2406.028,106.639,23022.197,2455.069
159.000,CL,273.461,41.388,75517.945,2411.346,106.639,23185.259,2472.458
160.000,CL,273.461,41.388,75467.602,2416.665,106.639,23421.010,2497.598
161.000,CL,273.461,41.388,75417.286,2421.983,106.639,23678.832,2525.092
162.000,CL,273.461,41.388,75366.998,2427.301,106.639,23839.952,2542.274
163.000,CL,273.461,41.388,75316.736,2432.619,106.639,24045.174,2564.159
164.000,CL,273.461,41.388,75266.502,2437.938,106.639,24280.102,2589.211
165.000,CL,273.461,41.388,75216.295,2443.256,106.639,24531.802,2616.052
166.000,CL,273.461,41.388,75166.115,2448.574,106.639,24847.321,2649.699
167.000,CL,273.461,41.388,75115.962,2453.893,106.639,25137.764,2680.672
168.000,CL,273.461,41.388,75065.836,2459.211,106.639,25396.097,2708.220
169.000,CL,273.461,41.388,75015.738,2464.529,106.639,25640.756,2734.310
170.000,CL,273.461,41.388,74965.666,2469.847,106.639,25870.080,2758.765
171.000,CL,273.461,41.388,74915.621,2475.166,106.639,25968.412,2769.251
172.000,CL,273.461,41.388,74865.604,2480.484,106.639,26064.760,2779.526
173.000,CL,273.461,41.388,74815.614,2485.802,106.639,26098.101,2783.081
174.000,CL,273.461,41.388,74765.650,2491.120,106.639,26070.758,2780.165
175.000,CL,273.461,41.388,74715.714,2496.439,106.639,26042.665,2777.170
176.000,CL,273.461,41.388,74665.804,2501.757,106.639,25984.674,2770.986
177.000,CL,273.461,41.388,74615.922,2507.075,106.639,25908.387,2762.850
178.000,CL,273.461,41.388,74566.067,2512.394,106.639,26002.841,2772.923
179.000,CL,273.461,41.388,74516.238,2517.712,106.639,26041.791,2777.076
180.000,CL,273.461,41.388,74466.437,2523.030,106.639,26136.988,2787.228
181.000,CL,273.461,41.388,74416.662,2528.348,106.639,26260.900,2800.442
182.000,CL,273.461,41.388,74366.915,2533.667,106.639,26286.694,2803.193
183.000,CL,273.461,41.388,74317.194,2538.985,106.639,26334.841,2808.327
184.000,CL,273.461,41.388,74267.501,2544.303,106.639,26423.186,2817.748
185.000,CL,273.461,41.388,74217.834,2549.621,106.639,26433.790,2818.879
186.000,CL,273.461,41.388,74168.194,2554.940,106.639,26392.487,2814.474
187.000,CL,273.461,41.388,74118.581,2560.258,106.639,26327.809,2807.577
188.000,CL,273.461,41.388,74068.995,2565.576,106.639,26306.266,2805.280
189.000,CL,273.461,41.388,74019.436,2570.895,106.639,26168.304,2790.568
190.000,CL,273.461,41.388,73969.903,2576.213,106.639,25965.398,2768.930
191.000,CL,273.461,41.388,73920.398,2581.531,106.639,25891.734,2761.074
192.000,CL,273.461,41.388,73870.919,2586.849,106.639,25836.403,2755.174
193.000,CL,273.461,41.388,73821.467,2592.168,106.639,25701.670,2740.806
194.000,CL,273.461,41.388,73772.042,2597.486,106.639,25599.059,2729.864
195.000,CL,273.461,41.388,73722.644,2602.804,106.639,25514.495,2720.846
196.000,CL,273.461,41.388,73673.272,2608.122,106.639,25377.338,2706.220
197.000,CL,273.461,41.388,73623.927,2613.441,106.639,25222.349,2689.692
198.000,CL,273.461,41.388,73574.609,2618.759,106.639,25095.184,2676.131
199.000,CL,273.461,41.388,73525.318,2624.077,106.639,24945.780,2660.199
200.000,CL,273.461,41.388,73476.054,2629.396,106.639,24778.855,2642.398
201.000,CL,273.461,41.388,73426.816,2634.714,106.639,24648.333,2628.479
202.000,CL,273.461,41.388,73377.605,2640.032,106.639,24557.620,2618.806
203.000,CL,273.461,41.388,73328.421,2645.350,106.639,24541.978,2617.138
204.000,CL,273.461,41.388,73279.263,2650.669,106.639,24515.922,2614.359
205.000,CL,273.461,41.388,73230.132,2655.987,106.639,24486.946,2611.269
206.000,CL,273.461,41.388,73181.028,2661.305,106.639,24359.329,2597.660
207.000,CL,273.461,41.388,73131.950,2666.623,106.639,24294.107,2590.705
208.000,CL,273.461,41.388,73082.900,2671.942,106.639,24244.732,2585.439
209.000,CL,273.461,41.388,73033.875,2677.260,106.639,24309.362,2592.332
210.000,CL,273.461,41.388,72984.878,2682.578,106.639,24308.343,2592.223
211.000,CL,273.461,41.388,72935.907,2687.897,106.639,24355.510,2597.253
212.000,CL,273.461,41.388,72886.962,2693.215,106.639,24463.711,2608.791
213.000,CL,273.461,41.388,72838.044,2698.533,106.639,24493.015,2611.916
214.000,CL,273.461,41.388,72789.153,2703.851,106.639,24549.540,2617.944
215.000,CL,273.461,41.388,72740.289,2709.170,106.639,24552.776,2618.289
216.000,CL,273.461,41.388,72691.450,2714.488,106.639,24587.247,2621.965
217.000,CL,273.461,41.388,72642.639,2719.806,106.639,24640.158,2627.607
218.000,CL,273.461,41.388,72593.854,2725.124,106.639,24648.580,2628.505
219.000,CL,273.461,41.388,72545.096,2730.443,106.639,24609.958,2624.387
220.000,CL,273.461,41.388,72496.364,2735.761,106.639,24548.995,2617.886
221.000,CL,273.461,41.388,72447.658,2741.079,106.639,24440.815,2606.350
222.000,CL,273.461,41.388,72398.979,2746.398,106.639,24431.385,2605.344
223.000,CL,273.461,41.388,72350.327,2751.716,106.639,24400.336,2602.033
224.000,CL,273.461,41.388,72301.701,2757.034,106.639,24388.238,2600.743
225.000,CL,273.461,41.388,72253.101,2762.352,106.639,24336.214,2595.195
226.000,CL,273.461,41.388,72204.528,2767.671,106.639,24412.146,2603.292
227.000,CL,273.461,41.388,72155.982,2772.989,106.639,24455.367,2607.901
228.000,CL,273.461,41.388,72107.462,2778.307,106.639,24570.107,2620.137
229.000,CL,273.461,41.388,72058.968,2783.625,106.639,24611.408,2624.542
230.000,CL,273.461,41.388,72010.501,2788.944,106.639,24720.344,2636.158
231.000,CL,273.461,41.388,71962.060,2794.262,106.639,24847.765,2649.746
232.000,CL,273.461,41.388,71913.645,2799.580,106.639,24889.700,2654.218
233.000,CL,273.461,41.388,71865.257,2804.899,106.639,24930.205,2658.538
234.000,CL,273.461,41.388,71816.895,2810.217,106.639,24989.157,2664.824
235.000,CL,273.461,41.388,71768.560,2815.535,106.639,24951.068,2660.763
236.000,CL,273.461,41.388,71720.251,2820.853,106.639,24903.500,2655.690
237.000,CL,273.461,41.388,71671.968,2826.172,106.639,24839.395,2648.854
238.000,CL,273.461,41.388,71623.712,2831.490,106.639,24812.870,2646.025
239.000,CL,273.461,41.388,71575.481,2836.808,106.639,24874.805,2652.630
240.000,CL,273.461,41.388,71527.278,2842.126,106.639,24899.382,2655.251
241.000,CL,273.461,41.388,71479.100,2847.445,106.639,24982.476,2664.112
242.000,CL,273.461,41.388,71430.949,2852.763,106.639,25162.042,2683.261
243.000,CL,273.461,41.388,71382.824,2858.081,106.639,25388.506,2707.411
244.000,CL,273.461,41.388,71334.725,2863.400,106.639,25602.989,2730.283
245.000,CL,273.461,41.388,71286.653,2868.718,106.639,25744.248,2745.347
246.000,CL,273.461,41.388,71238.607,2874.036,106.639,25761.360,2747.172
247.000,CL,273.461,41.388,71190.587,2879.354,106.639,25827.590,2754.234
248.000,CL,273.461,41.388,71142.593,2884.673,106.639,25904.701,2762.457
249.000,CL,273.461,41.388,71094.625,2889.991,106.639,25850.339,2756.660
250.000,CL,273.461,41.388,71046.684,2895.309,106.639,25735.464,2744.410
251.000,CL,273.461,41.388,70998.769,2900.627,106.639,25459.084,2714.937
252.000,CL,273.461,41.388,70950.879,2905.946,106.639,25327.900,2700.948
253.000,CL,273.461,41.388,70903.017,2911.264,106.639,25188.819,2686.116
254.000,CL,273.461,41.388,70855.180,2916.582,106.639,24932.019,2658.731
255.000,CL,273.461,41.388,70807.369,2921.901,106.639,24715.775,2635.671
256.000,CL,273.461,41.388,70759.585,2927.219,106.639,24584.902,2621.715
257.000,CL,273.461,41.388,70711.826,2932.537,106.639,24505.455,2613.243
258.000,CL,273.461,41.388,70664.094,2937.855,106.639,24410.007,2603.064
259.000,CL,273.461,41.388,70616.388,2943.174,106.639,24383.465,2600.234
260.000,CL,273.461,41.388,70568.708,2948.492,106.639,24403.326,2602.352
261.000,CL,273.461,41.388,70521.054,2953.810,106.639,24380.269,2599.893
262.000,CL,273.461,41.388,70473.426,2959.128,106.639,24361.049,2597.843
263.000,CL,273.461,41.388,70425.824,2964.447,106.639,24427.913,2604.974
264.000,CL,273.461,41.388,70378.248,2969.765,106.639,24518.179,2614.600
265.000,CL,273.461,41.388,70330.698,2975.083,106.639,24661.000,2629.830
266.000,CL,273.461,41.388,70283.175,2980.402,106.639,24767.111,2641.146
267.000,CL,273.461,41.388,70235.677,2985.720,106.639,24804.721,2645.156
268.000,CL,273.461,41.388,70188.205,2991.038,106.639,24921.749,2657.636
269.000,CL,273.461,41.388,70140.759,2996.356,106.639,25028.873,2669.060
270.000,CL,273.461,41.388,70093.339,3001.675,106.639,25100.194,2676.665
271.000,CL,273.461,41.388,70045.945,3006.993,106.639,25163.986,2683.468
272.000,CL,273.461,41.388,69998.577,3012.311,106.639,25275.696,2695.381
273.000,CL,273.461,41.388,69951.235,3017.629,106.639,25235.064,2691.048
274.000,CL,273.461,41.388,69903.919,3022.948,106.639,25331.334,2701.314
275.000,CL,273.461,41.388,69856.629,3028.266,106.639,25284.838,2696.356
276.000,CL,273.461,41.388,69809.365,3033.584,106.639,25257.396,2693.429
277.000,CL,273.461,41.388,69762.127,3038.903,106.639,25256.307,2693.313
278.000,CL,273.461,41.388,69714.914,3044.221,106.639,25141.485,2681.069
279.000,CL,273.461,41.388,69667.728,3049.539,106.639,24970.237,2662.807
280.000,CL,273.461,41.388,69620.567,3054.857,106.639,24760.191,2640.408
281.000,CL,273.461,41.388,69573.432,3060.176,106.639,24561.244,2619.192
282.000,CL,273.461,41.388,69526.323,3065.494,106.639,24287.773,2590.029
283.000,CL,273.461,41.388,69479.240,3070.812,106.639,24078.253,2567.686
284.000,CL,273.461,41.388,69432.183,3076.130,106.639,23863.417,2544.776
285.000,CL,273.461,41.388,69385.151,3081.449,106.639,23673.770,2524.552
286.000,CL,273.461,41.388,69338.145,3086.767,106.639,23459.180,2501.669
287.000,CL,273.461,41.388,69291.165,3092.085,106.639,23291.241,2483.760
288.000,CL,273.461,41.388,69244.211,3097.404,106.639,23118.633,2465.353
289.000,CL,273.461,41.388,69197.283,3102.722,106.639,22966.233,2449.101
290.000,CL,273.461,41.388,69150.380,3108.040,106.639,22906.127,2442.692
291.000,CL,273.461,41.388,69103.503,3113.358,106.639,22783.983,2429.666
292.000,CL,273.461,41.388,69056.652,3118.677,106.639,22640.454,2414.360
293.000,CL,273.461,41.388,69009.826,3123.995,106.639,22635.922,2413.877
294.000,CL,273.461,41.388,68963.027,3129.313,106.639,22742.238,2425.215
295.000,CL,273.461,41.388,68916.253,3134.631,106.639,22836.502,2435.267
296.000,CL,273.461,41.388,68869.504,3139.950,106.639,22957.070,2448.124
297.000,CL,273.461,41.388,68822.782,3145.268,106.639,23066.806,2459.826
298.000,CL,273.461,41.388,68776.085,3150.586,106.639,23165.417,2470.342
299.000,CL,273.461,41.388,68729.413,3155.905,106.639,23291.345,2483.771
300.000,CL,273.461,41.388,68682.768,3161.223,106.639,23447.548,2500.428
301.000,CL,273.461,41.388,68636.148,3166.541,106.639,23689.418,2526.221
302.000,CL,273.461,41.388,68589.553,3171.859,106.639,23859.832,2544.394
303.000,CL,273.461,41.388,68542.984,3177.178,106.639,23949.060,2553.909
304.000,CL,273.461,41.388,68496.441,3182.496,106.639,24013.823,2560.816
305.000,CL,273.461,41.388,68449.924,3187.814,106.639,24029.036,2562.438
306.000,CL,273.461,41.388,68403.432,3193.132,106.639,24036.164,2563.198
307.000,CL,273.461,41.388,68356.965,3198.451,106.639,23928.769,2551.745
308.000,CL,273.461,41.388,68310.524,3203.769,106.639,23787.106,2536.639
309.000,CL,273.461,41.388,68264.109,3209.087,106.639,23736.476,2531.239
310.000,CL,273.461,41.388,68217.719,3214.406,106.639,23645.172,2521.503
311.000,CL,273.461,41.388,68171.355,3219.724,106.639,23501.542,2506.186
312.000,CL,273.461,41.388,68125.016,3225.042,106.639,23398.107,2495.156
313.000,CL,273.461,41.388,68078.703,3230.360,106.639,23258.764,2480.297
314.000,CL,273.461,41.388,68032.415,3235.679,106.639,23156.757,2469.419
315.000,CL,273.461,41.388,67986.153,3240.997,106.639,23073.709,2460.562
316.000,CL,273.461,41.388,67939.916,3246.315,106.639,23054.620,2458.527
317.000,CL,273.461,41.388,67893.705,3251.633,106.639,23044.145,2457.410
318.000,CL,273.461,41.388,67847.519,3256.952,106.639,23089.767,2462.275
319.000,CL,273.461,41.388,67801.359,3262.270,106.639,23131.735,2466.750
320.000,CL,273.461,41.388,67755.224,3267.588,106.639,23140.171,2467.650
321.000,CL,273.461,41.388,67709.114,3272.907,106.639,23167.281,2470.541
322.000,CL,273.461,41.388,67663.030,3278.225,106.639,23180.751,2471.977
323.000,CL,273.461,41.388,67616.971,3283.543,106.639,23216.109,2475.748
324.000,CL,273.461,41.388,67570.938,3288.861,106.639,23185.795,2472.515
325.000,CL,273.461,41.388,67524.930,3294.180,106.639,23077.524,2460.969
326.000,CL,273.461,41.388,67478.947,3299.498,106.639,22897.558,2441.778
327.000,CL,273.461,41.388,67432.990,3304.816,106.639,22796.440,2430.995
328.000,CL,273.461,41.388,67387.058,3310.134,106.639,22696.246,2420.310
329.000,CL,273.461,41.388,67341.151,3315.453,106.639,22491.565,2398.483
330.000,CL,273.461,41.388,67295.270,3320.771,106.639,22317.086,2379.877
331.000,CL,273.461,41.388,67249.414,3326.089,106.639,22119.437,2358.800
332.000,CL,273.461,41.388,67203.584,3331.408,106.639,21998.839,2345.939
333.000,CL,273.461,41.388,67157.778,3336.726,106.639,21878.425,2333.098
334.000,CL,273.461,41.388,67111.998,3342.044,106.639,21850.846,2330.157
335.000,CL,273.461,41.388,67066.244,3347.362,106.639,21744.613,2318.829
336.000,CL,273.461,41.388,67020.514,3352.681,106.639,21656.382,2309.420
337.000,CL,273.461,41.388,66974.810,3357.999,106.639,21624.297,2305.998
338.000,CL,273.461,41.388,66929.131,3363.317,106.639,21622.718,2305.830
339.000,CL,273.461,41.388,66883.477,3368.635,106.639,21700.053,2314.077
340.000,CL,273.461,41.388,66837.849,3373.954,106.639,21834.065,2328.368
341.000,CL,273.461,41.388,66792.245,3379.272,106.639,21986.407,2344.613
342.000,CL,273.461,41.388,66746.667,3384.590,106.639,22255.901,2373.352
343.000,CL,273.461,41.388,66701.114,3389.909,106.639,22530.488,2402.634
344.000,CL,273.461,41.388,66655.586,3395.227,106.639,22965.545,2449.028
345.000,CL,273.461,41.388,66610.084,3400.545,106.639,23349.007,2489.920
346.000,CL,273.461,41.388,66564.606,3405.863,106.639,23736.361,2531.227
347.000,CL,273.461,41.388,66519.154,3411.182,106.639,24134.778,2573.714
348.000,CL,273.461,41.388,66473.727,3416.500,106.639,24543.594,2617.310
349.000,CL,273.461,41.388,66428.325,3421.818,106.639,24993.133,2665.248
350.000,CL,273.461,41.388,66382.948,3427.136,106.639,25422.024,2710.985
351.000,CL,273.461,41.388,66337.596,3432.455,106.639,25880.834,2759.912
352.000,CL,273.461,41.388,66292.269,3437.773,106.639,26349.539,2809.894
353.000,CL,273.461,41.388,66246.968,3443.091,106.639,26750.524,2852.655
354.000,CL,273.461,41.388,66201.691,3448.410,106.639,27041.164,2883.649
355.000,CL,273.461,41.388,66156.439,3453.728,106.639,27289.338,2910.114
356.000,CL,273.461,41.388,66111.213,3459.046,106.639,27521.689,2934.892
357.000,CL,273.461,41.388,66066.011,3464.364,106.639,27679.822,2951.755
358.000,CL,273.461,41.388,66020.835,3469.683,106.639,27732.646,2957.388
359.000,CL,273.461,41.388,65975.684,3475.001,106.639,27754.488,2959.717
360.000,CL,273.461,41.388,65930.557,3480.319,106.639,27678.011,2951.562
361.000,CL,273.461,41.388,65885.456,3485.638,106.639,27630.326,2946.477
362.000,CL,273.461,41.388,65840.379,3490.956,106.639,27487.206,2931.214
363.000,CL,273.461,41.388,65795.328,3496.274,106.639,27316.969,2913.060
364.000,CL,273.461,41.388,65750.302,3501.592,106.639,26983.206,2877.468
365.000,CL,273.461,41.388,65705.300,3506.911,106.639,26630.682,2839.875
366.000,CL,273.461,41.388,65660.323,3512.229,106.639,26249.713,2799.249
367.000,CL,273.461,41.388,65615.372,3517.547,106.639,25901.009,2762.064
368.000,CL,273.461,41.388,65570.445,3522.865,106.639,25497.534,2719.037
369.000,CL,273.461,41.388,65525.543,3528.184,106.639,25149.171,2681.888
370.000,CL,273.461,41.388,65480.666,3533.502,106.639,24782.381,2642.774
371.000,CL,273.461,41.388,65435.814,3538.820,106.639,24425.921,2604.761
372.000,CL,273.461,41.388,65390.987,3544.139,106.639,24107.421,2570.797
373.000,CL,273.461,41.388,65346.185,3549.457,106.639,23864.962,2544.941
374.000,CL,273.461,41.388,65301.408,3554.775,106.639,23584.697,2515.054
375.000,CL,273.461,41.388,65256.655,3560.093,106.639,23426.841,2498.220
376.000,CL,273.461,41.388,65211.927,3565.412,106.639,23223.410,2476.526
377.000,CL,273.461,41.388,65167.224,3570.730,106.639,23125.843,2466.122
378.000,CL,273.461,41.388,65122.546,3576.048,106.639,23033.161,2456.238
379.000,CL,273.461,41.388,65077.893,3581.366,106.639,23008.484,2453.607
380.000,CL,273.461,41.388,65033.265,3586.685,106.639,22986.287,2451.240
381.000,CL,273.461,41.388,64988.661,3592.003,106.639,23001.253,2452.836
382.000,CL,273.461,41.388,64944.082,3597.321,106.639,23068.610,2460.019
383.000,CL,273.461,41.388,64899.528,3602.640,106.639,23131.731,2466.750
384.000,CL,273.461,41.388,64854.998,3607.958,106.639,23206.096,2474.680
385.000,CL,273.461,41.388,64810.494,3613.276,106.639,23390.605,2494.356
386.000,CL,273.461,41.388,64766.014,3618.594,106.639,23612.496,2518.018
387.000,CL,273.461,41.388,64721.559,3623.913,106.639,23790.341,2536.984
388.000,CL,273.461,41.388,64677.128,3629.231,106.639,23965.835,2555.698
389.000,CL,273.461,41.388,64632.722,3634.549,106.639,24163.428,2576.769
390.000,CL,273.461,41.388,64588.341,3639.867,106.639,24309.292,2592.324
391.000,CL,273.461,41.388,64543.985,3645.186,106.639,24419.642,2604.092
392.000,CL,273.461,41.388,64499.653,3650.504,106.639,24531.433,2616.013
393.000,CL,273.461,41.388,64455.346,3655.822,106.639,24649.137,2628.565
394.000,CL,273.461,41.388,64411.064,3661.141,106.639,24659.576,2629.678
395.000,CL,273.461,41.388,64366.806,3666.459,106.639,24648.997,2628.550
396.000,CL,273.461,41.388,64322.573,3671.777,106.639,24651.840,2628.853
397.000,CL,273.461,41.388,64278.364,3677.095,106.639,24592.675,2622.544
398.000,CL,273.461,41.388,64234.180,3682.414,106.639,24482.618,2610.807
399.000,CL,273.461,41.388,64190.021,3687.732,106.639,24301.663,2591.510
400.000,CL,273.461,41.388,64145.886,3693.050,106.639,24085.949,2568.507
401.000,CL,273.461,41.388,64101.776,3698.368,106.639,23909.269,2549.666
402.000,CL,273.461,41.388,64057.690,3703.687,106.639,23710.841,2528.506
403.000,CL,273.461,41.388,64013.629,3709.005,106.639,23594.659,2516.116
404.000,CL,273.461,41.388,63969.593,3714.323,106.639,23458.427,2501.588
405.000,CL,273.461,41.388,63925.581,3719.642,106.639,23326.464,2487.516
406.000,CL,273.461,41.388,63881.593,3724.960,106.639,23232.102,2477.453
407.000,CL,273.461,41.388,63837.630,3730.278,106.639,23168.178,2470.637
408.000,CL,273.461,41.388,63793.692,3735.596,106.639,23048.983,2457.926
409.000,CL,273.461,41.388,63749.778,3740.915,106.639,23020.388,2454.876
410.000,CL,273.461,41.388,63705.888,3746.233,106.639,22933.077,2445.566
411.000,CL,273.461,41.388,63662.023,3751.551,106.639,22926.966,2444.914
412.000,CL,273.461,41.388,63618.183,3756.869,106.639,22977.626,2450.316
413.000,CL,273.461,41.388,63574.367,3762.188,106.639,23008.389,2453.597
414.000,CL,273.461,41.388,63530.575,3767.506,106.639,22973.250,2449.850
415.000,CL,273.461,41.388,63486.808,3772.824,106.639,22921.846,2444.368
416.000,CL,273.461,41.388,63443.065,3778.143,106.639,22846.141,2436.295
417.000,CL,273.461,41.388,63399.346,3783.461,106.639,22699.746,2420.683
418.000,CL,273.461,41.388,63355.652,3788.779,106.639,22587.863,2408.752
419.000,CL,273.461,41.388,63311.983,3794.097,106.639,22503.847,2399.793
420.000,CL,273.461,41.388,63268.338,3799.416,106.639,22455.172,2394.602
421.000,CL,273.461,41.388,63224.717,3804.734,106.639,22342.463,2382.583
422.000,CL,273.461,41.388,63181.120,3810.052,106.639,22232.732,2370.881
423.000,CL,273.461,41.388,63137.548,3815.370,106.639,22122.320,2359.107
424.000,CL,273.461,41.388,63094.000,3820.689,106.639,21923.027,2337.855
425.000,CL,273.461,41.388,63050.477,3826.007,106.639,21835.467,2328.517
426.000,CL,273.461,41.388,63006.977,3831.325,106.639,21762.203,2320.704
427.000,CL,273.461,41.388,62963.503,3836.644,106.639,21679.165,2311.849
428.000,CL,273.461,41.388,62920.052,3841.962,106.639,21670.955,2310.974
429.000,CL,273.461,41.388,62876.626,3847.280,106.639,21638.765,2307.541
430.000,CL,273.461,41.388,62833.224,3852.598,106.639,21547.973,2297.859
431.000,CL,273.461,41.388,62789.846,3857.917,106.639,21510.106,2293.821
432.000,CL,273.461,41.388,62746.492,3863.235,106.639,21590.238,2302.366
433.000,CL,273.461,41.388,62703.163,3868.553,106.639,21587.345,2302.058
434.000,CL,273.461,41.388,62659.858,3873.871,106.639,21642.053,2307.892
435.000,CL,273.461,41.388,62616.577,3879.190,106.639,21765.192,2321.023
436.000,CL,273.461,41.388,62573.320,3884.508,106.639,21809.749,2325.775
437.000,CL,273.461,41.388,62530.088,3889.826,106.639,21835.009,2328.468
438.000,CL,273.461,41.388,62486.880,3895.145,106.639,21893.045,2334.657
439.000,CL,273.461,41.388,62443.696,3900.463,106.639,22008.297,2346.948
440.000,CL,273.461,41.388,62400.536,3905.781,106.639,22061.017,2352.570
441.000,CL,273.461,41.388,62357.400,3911.099,106.639,22135.084,2360.468
442.000,CL,273.461,41.388,62314.288,3916.418,106.639,22097.711,2356.483
443.000,CL,273.461,41.388,62271.201,3921.736,106.639,22143.477,2361.363
444.000,CL,273.461,41.388,62228.138,3927.054,106.639,22225.035,2370.061
445.000,CL,273.461,41.388,62185.098,3932.372,106.639,22288.150,2376.791
446.000,CL,273.461,41.388,62142.083,3937.691,106.639,22397.433,2388.445
447.000,CL,273.461,41.388,62099.092,3943.009,106.639,22597.799,2409.812
448.000,CL,273.461,41.388,62056.125,3948.327,106.639,22786.372,2429.921
449.000,CL,273.461,41.388,62013.183,3953.646,106.639,22901.103,2442.156
450.000,CL,273.461,41.388,61970.264,3958.964,106.639,22977.398,2450.292
451.000,CL,273.461,41.388,61927.369,3964.282,106.639,23150.192,2468.718
452.000,CL,273.461,41.388,61884.498,3969.600,106.639,23342.434,2489.219
453.000,CL,273.461,41.388,61841.652,3974.919,106.639,23440.888,2499.718
454.000,CL,273.461,41.388,61798.829,3980.237,106.639,23591.556,2515.785
455.000,CL,273.461,41.388,61756.030,3985.555,106.639,23703.446,2527.717
456.000,CL,273.461,41.388,61713.256,3990.873,106.639,23781.910,2536.084
457.000,CL,273.461,41.388,61670.505,3996.192,106.639,23730.903,2530.645
458.000,CL,273.461,41.388,61627.779,4001.510,106.639,23740.378,2531.656
459.000,CL,273.461,41.388,61585.076,4006.828,106.639,23758.909,2533.632
460.000,CL,273.461,41.388,61542.397,4012.147,106.639,23605.151,2517.235
461.000,CL,273.461,41.388,61499.743,4017.465,106.639,23557.581,2512.162
462.000,CL,273.461,41.388,61457.112,4022.783,106.639,23507.564,2506.828
463.000,CL,273.461,41.388,61414.505,4028.101,106.639,23401.621,2495.531
464.000,CL,273.461,41.388,61371.922,4033.420,106.639,23253.922,2479.780
465.000,CL,273.461,41.388,61329.363,4038.738,106.639,23123.653,2465.888
466.000,CL,273.461,41.388,61286.828,4044.056,106.639,22993.115,2451.968
467.000,CL,273.461,41.388,61244.317,4049.374,106.639,22934.944,2445.765
468.000,CL,273.461,41.388,61201.829,4054.693,106.639,22861.597,2437.943
469.000,CL,273.461,41.388,61159.366,4060.011,106.639,22729.702,2423.878
470.000,CL,273.461,41.388,61116.926,4065.329,106.639,22634.964,2413.775
471.000,CL,273.461,41.388,61074.510,4070.648,106.639,22575.138,2407.395
472.000,CL,273.461,41.388,61032.118,4075.966,106.639,22549.290,2404.639
473.000,CL,273.461,41.388,60989.750,4081.284,106.639,22527.497,2402.315
474.000,CL,273.461,41.388,60947.406,4086.602,106.639,22594.682,2409.479
475.000,CL,273.461,41.388,60905.086,4091.921,106.639,22634.932,2413.772
476.000,CL,273.461,41.388,60862.789,4097.239,106.639,22729.635,2423.871
477.000,CL,273.461,41.388,60820.516,4102.557,106.639,22764.534,2427.592
478.000,CL,273.461,41.388,60778.267,4107.875,106.639,22824.194,2433.954
479.000,CL,273.461,41.388,60736.042,4113.194,106.639,22937.254,2446.011
480.000,CL,273.461,41.388,60693.840,4118.512,106.639,23083.334,2461.589
481.000,CL,273.461,41.388,60651.662,4123.830,106.639,23239.249,2478.216
482.000,CL,273.461,41.388,60609.508,4129.149,106.639,23354.541,2490.510
483.000,CL,273.461,41.388,60567.378,4134.467,106.639,23623.146,2519.154
484.000,CL,273.461,41.388,60525.271,4139.785,106.639,23837.233,2541.984
485.000,CL,273.461,41.388,60483.188,4145.103,106.639,24015.940,2561.041
486.000,CL,273.461,41.388,60441.129,4150.422,106.639,24230.831,2583.957
487.000,CL,273.461,41.388,60399.093,4155.740,106.639,24429.443,2605.137
488.000,CL,273.461,41.388,60357.081,4161.058,106.639,24575.386,2620.700
489.000,CL,273.461,41.388,60315.093,4166.376,106.639,24795.143,2644.135
490.000,CL,273.461,41.388,60273.129,4171.695,106.639,24959.817,2661.696
491.000,CL,273.461,41.388,60231.188,4177.013,106.639,25056.887,2672.047
492.000,CL,273.461,41.388,60189.270,4182.331,106.639,25156.831,2682.705
493.000,CL,273.461,41.388,60147.377,4187.650,106.639,25076.630,2674.152
494.000,CL,273.461,41.388,60105.507,4192.968,106.639,25015.720,2667.657
495.000,CL,273.461,41.388,60063.660,4198.286,106.639,24886.384,2653.865
496.000,CL,273.461,41.388,60021.837,4203.604,106.639,24690.017,2632.924
497.000,CL,273.461,41.388,59980.038,4208.923,106.639,24481.185,2610.655
498.000,CL,273.461,41.388,59938.262,4214.241,106.639,24126.634,2572.846
499.000,CL,273.461,41.388,59896.510,4219.559,106.639,23786.515,2536.576
500.000,CL,273.461,41.388,59854.782,4224.877,106.639,23367.305,2491.871
501.000,CL,273.461,41.388,59813.077,4230.196,106.639,22928.686,2445.097
502.000,CL,273.461,41.388,59771.395,4235.514,106.639,22492.997,2398.636
503.000,CL,273.461,41.388,59729.737,4240.832,106.639,22078.593,2354.444
504.000,CL,273.461,41.388,59688.103,4246.151,106.639,21673.926,2311.291
505.000,CL,273.461,41.388,59646.492,4251.469,106.639,21327.050,2274.300
506.000,CL,273.461,41.388,59604.904,4256.787,106.639,21066.653,2246.532
507.000,CL,273.461,41.388,59563.340,4262.105,106.639,20786.143,2216.618
508.000,CL,273.461,41.388,59521.800,4267.424,106.639,20585.407,2195.212
509.000,CL,273.461,41.388,59480.283,4272.742,106.639,20584.476,2195.113
510.000,CL,273.461,41.388,59438.789,4278.060,106.639,20457.317,2181.552
511.000,CL,273.461,41.388,59397.319,4283.378,106.639,20467.978,2182.689
512.000,CL,273.461,41.388,59355.872,4288.697,106.639,20543.728,2190.767
513.000,CL,273.461,41.388,59314.449,4294.015,106.639,20667.895,2204.008
514.000,CL,273.461,41.388,59273.049,4299.333,106.639,20933.349,2232.316
515.000,CL,273.461,41.388,59231.672,4304.652,106.639,21294.396,2270.818
516.000,CL,273.461,41.388,59190.319,4309.970,106.639,21592.804,2302.640
517.000,CL,273.461,41.388,59148.990,4315.288,106.639,21969.970,2342.861
518.000,CL,273.461,41.388,59107.683,4320.606,106.639,22372.027,2385.736
519.000,CL,273.461,41.388,59066.400,4325.925,106.639,22862.665,2438.057
520.000,CL,273.461,41.388,59025.141,4331.243,106.639,23279.968,2482.558
521.000,CL,273.461,41.388,58983.904,4336.561,106.639,23659.566,2523.038
522.000,CL,273.461,41.388,58942.691,4341.879,106.639,23989.308,2558.201
523.000,CL,273.461,41.388,58901.502,4347.198,106.639,24343.981,2596.023
524.000,CL,273.461,41.388,58860.335,4352.516,106.639,24720.131,2636.136
525.000,CL,273.461,41.388,58819.192,4357.834,106.639,25104.353,2677.109
526.000,CL,273.461,41.388,58778.072,4363.153,106.639,25483.345,2717.524
527.000,CL,273.461,41.388,58736.976,4368.471,106.639,25759.428,2746.965
528.000,CL,273.461,41.388,58695.903,4373.789,106.639,26100.131,2783.298
529.000,CL,273.461,41.388,58654.853,4379.107,106.639,26378.847,2813.020
530.000,CL,273.461,41.388,58613.826,4384.426,106.639,26514.066,2827.439
531.000,CL,273.461,41.388,58572.823,4389.744,106.639,26556.553,2831.970
532.000,CL,273.461,41.388,58531.842,4395.062,106.639,26581.898,2834.673
533.000,CL,273.461,41.388,58490.885,4400.380,106.639,26575.319,2833.971
534.000,CL,273.461,41.388,58449.952,4405.699,106.639,26512.169,2827.237
535.000,CL,273.461,41.388,58409.041,4411.017,106.639,26369.803,2812.055
536.000,CL,273.461,41.388,58368.154,4416.335,106.639,26169.935,2790.742
537.000,CL,273.461,41.388,58327.289,4421.654,106.639,25832.208,2754.727
538.000,CL,273.461,41.388,58286.448,4426.972,106.639,25544.393,2724.034
539.000,CL,273.461,41.388,58245.631,4432.290,106.639,25195.283,2686.805
540.000,CL,273.461,41.388,58204.836,4437.608,106.639,24824.172,2647.230
541.000,CL,273.461,41.388,58164.064,4442.927,106.639,24451.534,2607.493
542.000,CL,273.461,41.388,58123.316,4448.245,106.639,24041.984,2563.818
543.000,CL,273.461,41.388,58082.590,4453.563,106.639,23645.280,2521.514
544.000,CL,273.461,41.388,58041.888,4458.881,106.639,23343.793,2489.364
545.000,CL,273.461,41.388,58001.209,4464.200,106.639,23079.798,2461.212
546.000,CL,273.461,41.388,57960.553,4469.518,106.639,22889.307,2440.898
547.000,CL,273.461,41.388,57919.920,4474.836,106.639,22596.874,2409.713
548.000,CL,273.461,41.388,57879.310,4480.155,106.639,22325.189,2380.741
549.000,CL,273.461,41.388,57838.723,4485.473,106.639,22115.280,2358.356
550.000,CL,273.461,41.388,57798.159,4490.791,106.639,21967.295,2342.575
551.000,CL,273.461,41.388,57757.619,4496.109,106.639,21883.100,2333.597
552.000,CL,273.461,41.388,57717.101,4501.428,106.639,21711.567,2315.305
553.000,CL,273.461,41.388,57676.606,4506.746,106.639,21619.536,2305.491
554.000,CL,273.461,41.388,57636.134,4512.064,106.639,21464.167,2288.922
555.000,CL,273.461,41.388,57595.686,4517.382,106.639,21434.907,2285.802
556.000,CL,273.461,41.388,57555.260,4522.701,106.639,21507.439,2293.537
557.000,CL,273.461,41.388,57514.857,4528.019,106.639,21517.238,2294.582
558.000,CL,273.461,41.388,57474.477,4533.337,106.639,21562.681,2299.428
559.000,CL,273.461,41.388,57434.121,4538.656,106.639,21699.429,2314.010
560.000,CL,273.461,41.388,57393.787,4543.974,106.639,21825.500,2327.454
561.000,CL,273.461,41.388,57353.476,4549.292,106.639,21950.158,2340.748
562.000,CL,273.461,41.388,57313.188,4554.610,106.639,22034.206,2349.711
563.000,CL,273.461,41.388,57272.923,4559.929,106.639,22195.453,2366.906
564.000,CL,273.461,41.388,57232.681,4565.247,106.639,22153.710,2362.454
565.000,CL,273.461,41.388,57192.461,4570.565,106.639,22094.530,2356.144
566.000,CL,273.461,41.388,57152.265,4575.883,106.639,22025.752,2348.809
567.000,CL,273.461,41.388,57112.091,4581.202,106.639,21861.151,2331.256
568.000,CL,273.461,41.388,57071.941,4586.520,106.639,21708.789,2315.008
569.000,CL,273.461,41.388,57031.813,4591.838,106.639,21472.688,2289.831
570.000,CL,273.461,41.388,56991.708,4597.157,106.639,21248.275,2265.900
571.000,CL,273.461,41.388,56951.626,4602.475,106.639,20996.558,2239.057
572.000,CL,273.461,41.388,56911.567,4607.793,106.639,20712.648,2208.781
573.000,CL,273.461,41.388,56871.530,4613.111,106.639,20484.589,2184.461
574.000,CL,273.461,41.388,56831.517,4618.430,106.639,20255.403,2160.021
575.000,CL,273.461,41.388,56791.526,4623.748,106.639,20111.105,2144.633
576.000,CL,273.461,41.388,56751.558,4629.066,106.639,19975.523,2130.174
577.000,CL,273.461,41.388,56711.613,4634.384,106.639,19945.709,2126.995
578.000,CL,273.461,41.388,56671.690,4639.703,106.639,19957.533,2128.256
579.000,CL,273.461,41.388,56631.790,4645.021,106.639,19932.241,2125.559
580.000,CL,273.461,41.388,56591.913,4650.339,106.639,19976.859,2130.317
581.000,CL,273.461,41.388,56552.059,4655.658,106.639,20074.887,2140.770
582.000,CL,273.461,41.388,56512.228,4660.976,106.639,20135.871,2147.274
583.000,CL,273.461,41.388,56472.419,4666.294,106.639,20305.853,2165.400
584.000,CL,273.461,41.388,56432.633,4671.612,106.639,20465.742,2182.451
585.000,CL,273.461,41.388,56392.869,4676.931,106.639,20634.082,2200.403
586.000,CL,273.461,41.388,56391.477,4677.117,106.693,20778.427,2216.918
587.000,CL,273.461,41.388,56387.394,4677.663,106.852,20954.399,2239.012
588.000,CL,273.461,41.388,56380.762,4678.551,107.109,21056.571,2255.347
589.000,CL,273.461,41.388,56371.724,4679.760,107.460,21213.844,2279.632
590.000,CL,273.461,41.388,56360.423,4681.273,107.898,21176.413,2284.897
591.000,CL,273.461,41.388,56347.001,4683.069,108.419,21156.927,2293.817
592.000,CL,273.461,41.388,56331.600,4685.131,109.017,21107.247,2301.051
593.000,CL,273.461,41.388,56314.364,4687.440,109.686,20985.033,2301.774
594.000,CL,273.461,41.388,56295.435,4689.975,110.422,20869.641,2304.461
595.000,CL,273.461,41.388,56274.955,4692.719,111.217,20692.718,2301.390
596.000,CL,273.461,41.388,56253.069,4695.653,112.068,20546.715,2302.629
597.000,CL,273.461,41.388,56229.918,4698.757,112.968,20337.704,2297.511
598.000,CL,273.461,41.388,56205.645,4702.012,113.912,20095.501,2289.120
599.000,CL,273.461,41.388,56180.392,4705.401,114.895,19907.259,2287.236
600.000,CL,273.461,41.388,56154.301,4708.903,115.910,19749.893,2289.210
601.000,CL,273.461,41.388,56127.515,4712.499,116.953,19479.639,2278.200
602.000,CL,273.461,41.388,56100.175,4716.172,118.018,19284.529,2275.917
603.000,CL,273.461,41.388,56072.423,4719.901,119.099,19033.729,2266.900
604.000,CL,273.461,41.388,56044.400,4723.668,120.191,18896.715,2271.224
605.000,CR,265.972,35.926,56016.247,4727.454,121.289,20103.172,2438.300
606.000,CR,265.972,35.926,55988.107,4731.240,122.387,19890.426,2434.333
607.000,CR,265.972,35.926,55960.118,4735.008,123.479,19751.468,2438.901
608.000,CR,265.972,35.926,55932.422,4738.737,124.561,19601.578,2441.589
609.000,CR,265.972,35.926,55905.159,4742.409,125.626,19538.477,2454.536
610.000,CR,265.972,35.926,55878.469,4746.006,126.669,19363.518,2452.750
611.000,CR,265.972,35.926,55852.492,4749.508,127.684,19130.007,2442.597
612.000,CR,265.972,35.926,55827.367,4752.896,128.667,18931.682,2435.874
613.000,CR,265.972,35.926,55803.235,4756.152,129.611,18751.904,2430.445
614.000,CR,265.972,35.926,55780.234,4759.256,130.511,18533.967,2418.880
615.000,CR,265.972,35.926,55758.503,4762.189,131.361,18373.184,2413.524
616.000,CR,265.972,35.926,55738.183,4764.933,132.157,18123.756,2395.180
617.000,CR,265.972,35.926,55719.411,4767.469,132.892,17933.802,2383.262
618.000,CR,265.972,35.926,55702.326,4769.777,133.562,17782.903,2375.111
619.000,CR,265.972,35.926,55687.068,4771.839,134.159,17593.495,2360.333
620.000,CR,265.972,35.926,55673.776,4773.636,134.680,17524.137,2360.158
621.000,CR,265.972,35.926,55662.588,4775.149,135.119,17398.054,2350.808
622.000,CR,265.972,35.926,55653.643,4776.358,135.470,17219.969,2332.784
623.000,CR,265.972,35.926,55647.082,4777.245,135.727,17191.716,2333.380
624.000,CR,265.972,35.926,55643.042,4777.792,135.885,17229.182,2341.194
625.000,CR,265.972,35.926,55641.665,4777.978,135.939,17166.267,2333.572
626.000,CR,265.972,35.926,55641.665,4777.978,135.939,17191.343,2336.981
627.000,CR,265.972,35.926,55641.665,4777.978,135.939,17206.065,2338.982
628.000,CR,265.972,35.926,55641.665,4777.978,135.939,17265.858,2347.110
629.000,CR,265.972,35.926,55641.665,4777.978,135.939,17308.721,2352.937
630.000,CR,265.972,35.926,55641.665,4777.978,135.939,17325.186,2355.175
631.000,CR,265.972,35.926,55641.665,4777.978,135.939,17315.666,2353.881
632.000,CR,265.972,35.926,55641.665,4777.978,135.939,17320.093,2354.483
633.000,CR,265.972,35.926,55641.665,4777.978,135.939,17425.294,2368.784
634.000,CR,265.972,35.926,55641.665,4777.978,135.939,17480.695,2376.315
635.000,CR,265.972,35.926,55641.665,4777.978,135.939,17514.231,2380.874
636.000,CR,265.972,35.926,55641.665,4777.978,135.939,17504.741,2379.584
637.000,CR,265.972,35.926,55641.665,4777.978,135.939,17520.218,2381.688
638.000,CR,265.972,35.926,55641.665,4777.978,135.939,17589.613,2391.121
639.000,CR,265.972,35.926,55641.665,4777.978,135.939,17612.418,2394.221
640.000,CR,265.972,35.926,55641.665,4777.978,135.939,17690.186,2404.793
641.000,CR,265.972,35.926,55641.665,4777.978,135.939,17750.847,2413.039
642.000,CR,265.972,35.926,55641.665,4777.978,135.939,17756.254,2413.774
643.000,CR,265.972,35.926,55641.665,4777.978,135.939,17825.368,2423.170
644.000,CR,265.972,35.926,55641.665,4777.978,135.939,17863.937,2428.413
645.000,CR,265.972,35.926,55641.665,4777.978,135.939,17801.498,2419.925
646.000,CR,265.972,35.926,55641.665,4777.978,135.939,17839.360,2425.072
647.000,CR,265.972,35.926,55641.665,4777.978,135.939,17783.140,2417.429
648.000,CR,265.972,35.926,55641.665,4777.978,135.939,17727.584,2409.877
649.000,CR,265.972,35.926,55641.665,4777.978,135.939,17753.924,2413.458
650.000,CR,265.972,35.926,55641.665,4777.978,135.939,17792.692,2418.728
651.000,CR,265.972,35.926,55641.665,4777.978,135.939,17776.664,2416.549
652.000,CR,265.972,35.926,55641.665,4777.978,135.939,17724.821,2409.501
653.000,CR,265.972,35.926,55641.665,4777.978,135.939,17718.280,2408.612
654.000,CR,265.972,35.926,55641.665,4777.978,135.939,17660.108,2400.704
655.000,CR,265.972,35.926,55641.665,4777.978,135.939,17657.486,2400.348
656.000,CR,265.972,35.926,55641.665,4777.978,135.939,17538.496,2384.173
657.000,CR,265.972,35.926,55641.665,4777.978,135.939,17505.509,2379.688
658.000,CR,265.972,35.926,55641.665,4777.978,135.939,17449.647,2372.095
659.000,CR,265.972,35.926,55641.665,4777.978,135.939,17404.564,2365.966
660.000,CR,265.972,35.926,55641.665,4777.978,135.939,17296.554,2351.283
661.000,CR,265.972,35.926,55641.665,4777.978,135.939,17262.989,2346.720
662.000,CR,265.972,35.926,55641.665,4777.978,135.939,17291.256,2350.563
663.000,CR,265.972,35.926,55641.665,4777.978,135.939,17214.814,2340.171
664.000,CR,265.972,35.926,55641.665,4777.978,135.939,17134.081,2329.197
665.000,CR,265.972,35.926,55641.665,4777.978,135.939,17051.103,2317.917
666.000,CR,265.972,35.926,55641.665,4777.978,135.939,17040.416,2316.464
667.000,CR,265.972,35.926,55641.665,4777.978,135.939,16963.258,2305.975
668.000,CR,265.972,35.926,55641.665,4777.978,135.939,16856.665,2291.485
669.000,CR,265.972,35.926,55641.665,4777.978,135.939,16819.556,2286.440
670.000,CR,265.972,35.926,55641.665,4777.978,135.939,16723.749,2273.416
671.000,CR,265.972,35.926,55641.665,4777.978,135.939,16701.574,2270.402
672.000,CR,265.972,35.926,55641.665,4777.978,135.939,16659.055,2264.622
673.000,CR,265.972,35.926,55641.665,4777.978,135.939,16658.668,2264.569
674.000,CR,265.972,35.926,55641.665,4777.978,135.939,16670.185,2266.135
675.000,CR,265.972,35.926,55641.665,4777.978,135.939,16652.939,2263.791
676.000,CR,265.972,35.926,55641.665,4777.978,135.939,16598.061,2256.330
677.000,CR,265.972,35.926,55641.665,4777.978,135.939,16576.444,2253.392
678.000,CR,265.972,35.926,55641.665,4777.978,135.939,16570.046,2252.522
679.000,CR,265.972,35.926,55641.665,4777.978,135.939,16565.305,2251.878
680.000,CR,265.972,35.926,55641.665,4777.978,135.939,16579.939,2253.867
681.000,CR,265.972,35.926,55641.665,4777.978,135.939,16605.837,2257.387
682.000,CR,265.972,35.926,55641.665,4777.978,135.939,16725.610,2273.669
683.000,CR,265.972,35.926,55641.665,4777.978,135.939,16803.254,2284.224
684.000,CR,265.972,35.926,55641.665,4777.978,135.939,16861.445,2292.135
685.000,CR,265.972,35.926,55641.665,4777.978,135.939,16850.537,2290.652
686.000,CR,265.972,35.926,55641.665,4777.978,135.939,16803.192,2284.216
687.000,CR,265.972,35.926,55641.665,4777.978,135.939,16837.379,2288.863
688.000,CR,265.972,35.926,55641.665,4777.978,135.939,16852.651,2290.939
689.000,CR,265.972,35.926,55641.665,4777.978,135.939,16937.203,2302.433
690.000,CR,265.972,35.926,55641.665,4777.978,135.939,16974.281,2307.474
691.000,CR,265.972,35.926,55641.665,4777.978,135.939,17122.699,2327.649
692.000,CR,265.972,35.926,55641.665,4777.978,135.939,17128.312,2328.412
693.000,CR,265.972,35.926,55641.665,4777.978,135.939,17135.590,2329.402
694.000,CR,265.972,35.926,55641.665,4777.978,135.939,17116.476,2326.803
695.000,CR,265.972,35.926,55641.665,4777.978,135.939,17126.050,2328.105
696.000,CR,265.972,35.926,55641.665,4777.978,135.939,17205.779,2338.943
697.000,CR,265.972,35.926,55641.665,4777.978,135.939,17093.960,2323.743
698.000,CR,265.972,35.926,55641.665,4777.978,135.939,17135.904,2329.444
699.000,CR,265.972,35.926,55641.665,4777.978,135.939,16992.447,2309.943
700.000,CR,265.972,35.926,55641.665,4777.978,135.939,17014.357,2312.921
701.000,CR,265.972,35.926,55641.665,4777.978,135.939,16918.364,2299.872
702.000,CR,265.972,35.926,55641.665,4777.978,135.939,16894.688,2296.654
703.000,CR,265.972,35.926,55641.665,4777.978,135.939,16840.573,2289.297
704.000,CR,265.972,35.926,55641.665,4777.978,135.939,16747.830,2276.690
705.000,CR,265.972,35.926,55641.665,4777.978,135.939,16678.731,2267.297
706.000,CR,265.972,35.926,55641.665,4777.978,135.939,16687.496,2268.488
707.000,CR,265.972,35.926,55641.665,4777.978,135.939,16732.308,2274.580
708.000,CR,265.972,35.926,55641.665,4777.978,135.939,16708.915,2271.400
709.000,CR,265.972,35.926,55641.665,4777.978,135.939,16654.281,2263.973
710.000,CR,265.972,35.926,55641.665,4777.978,135.939,16480.988,2240.416
711.000,CR,265.972,35.926,55641.665,4777.978,135.939,16483.859,2240.806
712.000,CR,265.972,35.926,55641.665,4777.978,135.939,16439.497,2234.775
713.000,CR,265.972,35.926,55641.665,4777.978,135.939,16520.906,2245.842
714.000,CR,265.972,35.926,55641.665,4777.978,135.939,16582.698,2254.242
715.000,CR,265.972,35.926,55641.665,4777.978,135.939,16605.009,2257.275
716.000,CR,265.972,35.926,55641.665,4777.978,135.939,16666.841,2265.680
717.000,CR,265.972,35.926,55641.665,4777.978,135.939,16723.640,2273.401
718.000,CR,265.972,35.926,55641.665,4777.978,135.939,16767.398,2279.350
719.000,CR,265.972,35.926,55641.665,4777.978,135.939,16858.246,2291.700
720.000,CR,265.972,35.926,55641.665,4777.978,135.939,16945.784,2303.600
721.000,CR,265.972,35.926,55641.665,4777.978,135.939,17061.443,2319.322
722.000,CR,265.972,35.926,55641.665,4777.978,135.939,17084.999,2322.525
723.000,CR,265.972,35.926,55641.665,4777.978,135.939,17187.564,2336.467
724.000,CR,265.972,35.926,55641.665,4777.978,135.939,17206.528,2339.045
725.000,CR,265.972,35.926,55641.665,4777.978,135.939,17255.391,2345.687
726.000,CR,265.972,35.926,55641.665,4777.978,135.939,17291.801,2350.637
727.000,CR,265.972,35.926,55641.665,4777.978,135.939,17241.754,2343.834
728.000,CR,265.972,35.926,55641.665,4777.978,135.939,17245.316,2344.318
729.000,CR,265.972,35.926,55641.665,4777.978,135.939,17190.803,2336.907
730.000,CR,265.972,35.926,55641.665,4777.978,135.939,17202.777,2338.535
731.000,CR,265.972,35.926,55641.665,4777.978,135.939,17137.457,2329.656
732.000,CR,265.972,35.926,55641.665,4777.978,135.939,17133.154,2329.071
733.000,CR,265.972,35.926,55641.665,4777.978,135.939,17106.387,2325.432
734.000,CR,265.972,35.926,55641.665,4777.978,135.939,17094.442,2323.808
735.000,CR,265.972,35.926,55641.665,4777.978,135.939,17143.548,2330.484
736.000,CR,265.972,35.926,55641.665,4777.978,135.939,17127.902,2328.357
737.000,CR,265.972,35.926,55641.665,4777.978,135.939,17066.549,2320.016
738.000,CR,265.972,35.926,55641.665,4777.978,135.939,17072.955,2320.887
739.000,CR,265.972,35.926,55641.665,4777.978,135.939,17068.542,2320.287
740.000,CR,265.972,35.926,55641.665,4777.978,135.939,17078.879,2321.692
741.000,CR,265.972,35.926,55641.665,4777.978,135.939,17063.128,2319.551
742.000,CR,265.972,35.926,55641.665,4777.978,135.939,17140.018,2330.004
743.000,CR,265.972,35.926,55641.665,4777.978,135.939,17210.207,2339.545
744.000,CR,265.972,35.926,55641.665,4777.978,135.939,17137.564,2329.670
745.000,CR,265.972,35.926,55641.665,4777.978,135.939,17093.998,2323.748
746.000,CR,265.972,35.926,55641.665,4777.978,135.939,17053.795,2318.283
747.000,CR,265.972,35.926,55641.665,4777.978,135.939,17021.022,2313.827
748.000,CR,265.972,35.926,55641.665,4777.978,135.939,17012.185,2312.626
749.000,CR,265.972,35.926,55641.665,4777.978,135.939,16906.857,2298.308
750.000,CR,265.972,35.926,55641.665,4777.978,135.939,16889.711,2295.977
751.000,CR,265.972,35.926,55641.665,4777.978,135.939,16835.367,2288.590
752.000,CR,265.972,35.926,55641.665,4777.978,135.939,16746.303,2276.482
753.000,CR,265.972,35.926,55641.665,4777.978,135.939,16788.859,2282.267
754.000,CR,265.972,35.926,55641.665,4777.978,135.939,16652.355,2263.711
755.000,CR,265.972,35.926,55641.665,4777.978,135.939,16555.664,2250.567
756.000,CR,265.972,35.926,55641.665,4777.978,135.939,16479.307,2240.187
757.000,CR,265.972,35.926,55641.665,4777.978,135.939,16356.020,2223.427
758.000,CR,265.972,35.926,55641.665,4777.978,135.939,16325.182,2219.235
759.000,CR,265.972,35.926,55641.665,4777.978,135.939,16266.902,2211.313
760.000,CR,265.972,35.926,55641.665,4777.978,135.939,16178.162,2199.250
761.000,CR,265.972,35.926,55641.665,4777.978,135.939,16137.114,2193.669
762.000,CR,265.972,35.926,55641.665,4777.978,135.939,16247.176,2208.631
763.000,CR,265.972,35.926,55641.665,4777.978,135.939,16340.046,2221.256
764.000,CR,265.972,35.926,55641.665,4777.978,135.939,16386.336,2227.549
765.000,CR,265.972,35.926,55641.665,4777.978,135.939,16399.952,2229.400
766.000,CR,265.972,35.926,55641.665,4777.978,135.939,16389.498,2227.978
767.000,CR,265.972,35.926,55641.665,4777.978,135.939,16367.002,2224.920
768.000,CR,265.972,35.926,55641.665,4777.978,135.939,16393.063,2228.463
769.000,CR,265.972,35.926,55641.665,4777.978,135.939,16449.538,2236.140
770.000,CR,265.972,35.926,55641.665,4777.978,135.939,16487.687,2241.326
771.000,CR,265.972,35.926,55641.665,4777.978,135.939,16422.944,2232.525
772.000,CR,265.972,35.926,55641.665,4777.978,135.939,16521.739,2245.955
773.000,CR,265.972,35.926,55641.665,4777.978,135.939,16560.198,2251.183
774.000,CR,265.972,35.926,55641.665,4777.978,135.939,16582.530,2254.219
775.000,CR,265.972,35.926,55641.665,4777.978,135.939,16623.358,2259.769
776.000,CR,265.972,35.926,55641.665,4777.978,135.939,16633.387,2261.133
777.000,CR,265.972,35.926,55641.665,4777.978,135.939,16652.496,2263.730
778.000,CR,265.972,35.926,55641.665,4777.978,135.939,16693.175,2269.260
779.000,CR,265.972,35.926,55641.665,4777.978,135.939,16695.938,2269.636
780.000,CR,265.972,35.926,55641.665,4777.978,135.939,16817.826,2286.205
781.000,CR,265.972,35.926,55641.665,4777.978,135.939,16871.331,2293.479
782.000,CR,265.972,35.926,55641.665,4777.978,135.939,16881.514,2294.863
783.000,CR,265.972,35.926,55641.665,4777.978,135.939,16897.402,2297.023
784.000,CR,265.972,35.926,55641.665,4777.978,135.939,17003.058,2311.385
785.000,CR,265.972,35.926,55641.665,4777.978,135.939,17006.229,2311.817
786.000,CR,265.972,35.926,55641.665,4777.978,135.939,16981.321,2308.430
787.000,CR,265.972,35.926,55641.665,4777.978,135.939,16998.791,2310.805
788.000,CR,265.972,35.926,55641.665,4777.978,135.939,17049.468,2317.694
789.000,CR,265.972,35.926,55641.665,4777.978,135.939,17128.051,2328.377
790.000,CR,265.972,35.926,55641.665,4777.978,135.939,17072.345,2320.804
791.000,CR,265.972,35.926,55641.665,4777.978,135.939,17088.148,2322.953
792.000,CR,265.972,35.926,55641.665,4777.978,135.939,17023.291,2314.136
793.000,CR,265.972,35.926,55641.665,4777.978,135.939,17023.510,2314.166
794.000,CR,265.972,35.926,55641.665,4777.978,135.939,16889.897,2296.002
795.000,CR,265.972,35.926,55641.665,4777.978,135.939,16896.466,2296.895
796.000,CR,265.972,35.926,55641.665,4777.978,135.939,16858.135,2291.685
797.000,CR,265.972,35.926,55641.665,4777.978,135.939,16723.164,2273.337
798.000,CR,265.972,35.926,55641.665,4777.978,135.939,16564.602,2251.782
799.000,CR,265.972,35.926,55641.665,4777.978,135.939,16509.528,2244.295
800.000,CR,265.972,35.926,55641.665,4777.978,135.939,16418.456,2231.915
801.000,CR,265.972,35.926,55641.665,4777.978,135.939,16313.493,2217.646
802.000,CR,265.972,35.926,55641.665,4777.978,135.939,16316.909,2218.111
803.000,CR,265.972,35.926,55641.665,4777.978,135.939,16225.226,2205.647
804.000,CR,265.972,35.926,55641.665,4777.978,135.939,16087.079,2186.868
805.000,CR,265.972,35.926,55641.665,4777.978,135.939,16053.057,2182.243
806.000,CR,265.972,35.926,55641.665,4777.978,135.939,15989.537,2173.608
807.000,CR,265.972,35.926,55641.665,4777.978,135.939,15937.475,2166.531
808.000,CR,265.972,35.926,55641.665,4777.978,135.939,16018.482,2177.543
809.000,CR,265.972,35.926,55641.665,4777.978,135.939,16119.364,2191.257
810.000,CR,265.972,35.926,55641.665,4777.978,135.939,16170.239,2198.172
811.000,CR,265.972,35.926,55641.665,4777.978,135.939,16196.297,2201.715
812.000,CR,265.972,35.926,55641.665,4777.978,135.939,16284.416,2213.694
813.000,CR,265.972,35.926,55641.665,4777.978,135.939,16389.449,2227.972
814.000,CR,265.972,35.926,55641.665,4777.978,135.939,16432.701,2233.851
815.000,CR,265.972,35.926,55641.665,4777.978,135.939,16550.345,2249.844
816.000,CR,265.972,35.926,55641.665,4777.978,135.939,16682.939,2267.869
817.000,CR,265.972,35.926,55641.665,4777.978,135.939,16795.437,2283.162
818.000,CR,265.972,35.926,55641.665,4777.978,135.939,16942.112,2303.101
819.000,CR,265.972,35.926,55641.665,4777.978,135.939,17029.987,2315.046
820.000,CR,265.972,35.926,55641.665,4777.978,135.939,17100.919,2324.689
821.000,CR,265.972,35.926,55641.665,4777.978,135.939,17149.989,2331.359
822.000,CR,265.972,35.926,55641.665,4777.978,135.939,17224.353,2341.468
823.000,CR,265.972,35.926,55641.665,4777.978,135.939,17198.720,2337.984
824.000,CR,265.972,35.926,55641.665,4777.978,135.939,17198.702,2337.981
825.000,CR,265.972,35.926,55641.665,4777.978,135.939,17247.407,2344.602
826.000,CR,265.972,35.926,55641.665,4777.978,135.939,17317.267,2354.099
827.000,CR,265.972,35.926,55641.665,4777.978,135.939,17320.177,2354.494
828.000,CR,265.972,35.926,55641.665,4777.978,135.939,17349.137,2358.431
829.000,CR,265.972,35.926,55641.665,4777.978,135.939,17366.625,2360.809
830.000,CR,265.972,35.926,55641.665,4777.978,135.939,17301.944,2352.016
831.000,CR,265.972,35.926,55641.665,4777.978,135.939,17323.735,2354.978
832.000,CR,265.972,35.926,55641.665,4777.978,135.939,17341.545,2357.399
833.000,CR,265.972,35.926,55641.665,4777.978,135.939,17353.199,2358.983
834.000,CR,265.972,35.926,55641.665,4777.978,135.939,17292.095,2350.677
835.000,CR,265.972,35.926,55641.665,4777.978,135.939,17311.894,2353.368
836.000,CR,265.972,35.926,55641.665,4777.978,135.939,17321.618,2354.690
837.000,CR,265.972,35.926,55641.665,4777.978,135.939,17318.701,2354.294
838.000,CR,265.972,35.926,55641.665,4777.978,135.939,17251.198,2345.118
839.000,CR,265.972,35.926,55641.665,4777.978,135.939,17290.012,2350.394
840.000,CR,265.972,35.926,55641.665,4777.978,135.939,17320.999,2354.606
841.000,CR,265.972,35.926,55641.665,4777.978,135.939,17292.295,2350.704
842.000,CR,265.972,35.926,55641.665,4777.978,135.939,17273.065,2348.090
843.000,CR,265.972,35.926,55641.665,4777.978,135.939,17236.352,2343.099
844.000,CR,265.972,35.926,55641.665,4777.978,135.939,17232.214,2342.537
845.000,CR,265.972,35.926,55641.665,4777.978,135.939,17316.280,2353.965
846.000,CR,265.972,35.926,55641.665,4777.978,135.939,17316.469,2353.990
847.000,CR,265.972,35.926,55641.665,4777.978,135.939,17248.865,2344.800
848.000,CR,265.972,35.926,55641.665,4777.978,135.939,17255.559,2345.710
849.000,CR,265.972,35.926,55641.665,4777.978,135.939,17166.019,2333.538
850.000,CR,265.972,35.926,55641.665,4777.978,135.939,17140.330,2330.046
851.000,CR,265.972,35.926,55641.665,4777.978,135.939,17098.268,2324.328
852.000,CR,265.972,35.926,55641.665,4777.978,135.939,17004.978,2311.646
853.000,CR,265.972,35.926,55641.665,4777.978,135.939,16997.181,2310.587
854.000,CR,265.972,35.926,55641.665,4777.978,135.939,17002.886,2311.362
855.000,CR,265.972,35.926,55641.665,4777.978,135.939,16958.920,2305.385
856.000,CR,265.972,35.926,55641.665,4777.978,135.939,17010.763,2312.433
857.000,CR,265.972,35.926,55641.665,4777.978,135.939,16964.203,2306.103
858.000,CR,265.972,35.926,55641.665,4777.978,135.939,16984.098,2308.808
859.000,CR,265.972,35.926,55641.665,4777.978,135.939,17019.579,2313.631
860.000,CR,265.972,35.926,55641.665,4777.978,135.939,17051.577,2317.981
861.000,CR,265.972,35.926,55641.665,4777.978,135.939,17062.943,2319.526
862.000,CR,265.972,35.926,55641.665,4777.978,135.939,17147.041,2330.958
863.000,CR,265.972,35.926,55641.665,4777.978,135.939,17243.463,2344.066
864.000,CR,265.972,35.926,55641.665,4777.978,135.939,17285.824,2349.824
865.000,CR,265.972,35.926,55641.665,4777.978,135.939,17219.761,2340.844
866.000,CR,265.972,35.926,55641.665,4777.978,135.939,17192.754,2337.173
867.000,CR,265.972,35.926,55641.665,4777.978,135.939,17139.935,2329.992
868.000,CR,265.972,35.926,55641.665,4777.978,135.939,17197.781,2337.856
869.000,CR,265.972,35.926,55641.665,4777.978,135.939,17190.840,2336.912
870.000,CR,265.972,35.926,55641.665,4777.978,135.939,17249.414,2344.875
871.000,CR,265.972,35.926,55641.665,4777.978,135.939,17306.249,2352.601
872.000,CR,265.972,35.926,55641.665,4777.978,135.939,17360.372,2359.958
873.000,CR,265.972,35.926,55641.665,4777.978,135.939,17359.113,2359.787
874.000,CR,265.972,35.926,55641.665,4777.978,135.939,17367.875,2360.978
875.000,CR,265.972,35.926,55641.665,4777.978,135.939,17385.337,2363.352
876.000,CR,265.972,35.926,55641.665,4777.978,135.939,17400.695,2365.440
877.000,CR,265.972,35.926,55641.665,4777.978,135.939,17344.451,2357.794
878.000,CR,265.972,35.926,55641.665,4777.978,135.939,17300.339,2351.798
879.000,CR,265.972,35.926,55641.665,4777.978,135.939,17283.042,2349.446
880.000,CR,265.972,35.926,55641.665,4777.978,135.939,17305.120,2352.448
881.000,CR,265.972,35.926,55641.665,4777.978,135.939,17285.349,2349.760
882.000,CR,265.972,35.926,55641.665,4777.978,135.939,17294.236,2350.968
883.000,CR,265.972,35.926,55641.665,4777.978,135.939,17283.180,2349.465
884.000,CR,265.972,35.926,55641.665,4777.978,135.939,17201.856,2338.410
885.000,CR,265.972,35.926,55641.665,4777.978,135.939,17122.771,2327.659
886.000,CR,265.972,35.926,55641.665,4777.978,135.939,17060.957,2319.256
887.000,CR,265.972,35.926,55641.665,4777.978,135.939,17040.119,2316.424
888.000,CR,265.972,35.926,55641.665,4777.978,135.939,17036.484,2315.929
889.000,CR,265.972,35.926,55641.665,4777.978,135.939,16963.429,2305.998
890.000,CR,265.972,35.926,55641.665,4777.978,135.939,16949.177,2304.061
891.000,CR,265.972,35.926,55641.665,4777.978,135.939,16862.086,2292.222
892.000,CR,265.972,35.926,55641.665,4777.978,135.939,16815.181,2285.846
893.000,CR,265.972,35.926,55641.665,4777.978,135.939,16769.089,2279.580
894.000,CR,265.972,35.926,55641.665,4777.978,135.939,16691.000,2268.964
895.000,CR,265.972,35.926,55641.665,4777.978,135.939,16659.031,2264.619
896.000,CR,265.972,35.926,55641.665,4777.978,135.939,16603.339,2257.048
897.000,CR,265.972,35.926,55641.665,4777.978,135.939,16506.615,2243.899
898.000,CR,265.972,35.926,55641.665,4777.978,135.939,16505.083,2243.691
899.000,CR,265.972,35.926,55641.665,4777.978,135.939,16438.251,2234.606
900.000,CR,265.972,35.926,55641.665,4777.978,135.939,16425.474,2232.869
901.000,CR,265.972,35.926,55641.665,4777.978,135.939,16432.800,2233.865
902.000,CR,265.972,35.926,55641.665,4777.978,135.939,16383.193,2227.121
903.000,CR,265.972,35.926,55641.665,4777.978,135.939,16412.968,2231.169
904.000,CR,265.972,35.926,55641.665,4777.978,135.939,16470.273,2238.959
905.000,CR,265.972,35.926,55641.665,4777.978,135.939,16524.574,2246.341
906.000,CR,265.972,35.926,55641.665,4777.978,135.939,16569.832,2252.493
907.000,CR,265.972,35.926,55641.665,4777.978,135.939,16598.937,2256.449
908.000,CR,265.972,35.926,55641.665,4777.978,135.939,16710.175,2271.571
909.000,CR,265.972,35.926,55641.665,4777.978,135.939,16824.856,2287.161
910.000,CR,265.972,35.926,55641.665,4777.978,135.939,16819.132,2286.383
911.000,CR,265.972,35.926,55641.665,4777.978,135.939,16860.780,2292.044
912.000,CR,265.972,35.926,55641.665,4777.978,135.939,17015.043,2313.015
913.000,CR,265.972,35.926,55641.665,4777.978,135.939,17032.642,2315.407
914.000,CR,265.972,35.926,55641.665,4777.978,135.939,17048.422,2317.552
915.000,CR,265.972,35.926,55641.665,4777.978,135.939,17057.807,2318.828
916.000,CR,265.972,35.926,55641.665,4777.978,135.939,17101.135,2324.718
917.000,CR,265.972,35.926,55641.665,4777.978,135.939,17049.856,2317.747
918.000,CR,265.972,35.926,55641.665,4777.978,135.939,17004.613,2311.597
919.000,CR,265.972,35.926,55641.665,4777.978,135.939,16986.783,2309.173
920.000,CR,265.972,35.926,55641.665,4777.978,135.939,16928.026,2301.186
921.000,CR,265.972,35.926,55641.665,4777.978,135.939,16897.049,2296.975
922.000,CR,265.972,35.926,55641.665,4777.978,135.939,16872.954,2293.699
923.000,CR,265.972,35.926,55641.665,4777.978,135.939,16841.631,2289.441
924.000,CR,265.972,35.926,55641.665,4777.978,135.939,16780.298,2281.104
925.000,CR,265.972,35.926,55641.665,4777.978,135.939,16702.093,2270.472
926.000,CR,265.972,35.926,55641.665,4777.978,135.939,16645.724,2262.810
927.000,CR,265.972,35.926,55641.665,4777.978,135.939,16628.814,2260.511
928.000,CR,265.972,35.926,55641.665,4777.978,135.939,16520.731,2245.818
929.000,CR,265.972,35.926,55641.665,4777.978,135.939,16387.410,2227.695
930.000,CR,265.972,35.926,55641.665,4777.978,135.939,16305.427,2216.550
931.000,CR,265.972,35.926,55641.665,4777.978,135.939,16207.676,2203.262
932.000,CR,265.972,35.926,55641.665,4777.978,135.939,16002.340,2175.348
933.000,CR,265.972,35.926,55641.665,4777.978,135.939,15952.146,2168.525
934.000,CR,265.972,35.926,55641.665,4777.978,135.939,15942.485,2167.212
935.000,CR,265.972,35.926,55641.665,4777.978,135.939,16007.465,2176.045
936.000,CR,265.972,35.926,55641.665,4777.978,135.939,15982.996,2172.719
937.000,CR,265.972,35.926,55641.665,4777.978,135.939,15993.205,2174.107
938.000,CR,265.972,35.926,55641.665,4777.978,135.939,16019.327,2177.658
939.000,CR,265.972,35.926,55641.665,4777.978,135.939,16059.461,2183.113
940.000,CR,265.972,35.926,55641.665,4777.978,135.939,16165.039,2197.466
941.000,CR,265.972,35.926,55641.665,4777.978,135.939,16220.453,2204.999
942.000,CR,265.972,35.926,55641.665,4777.978,135.939,16298.216,2215.570
943.000,CR,265.972,35.926,55641.665,4777.978,135.939,16363.696,2224.471
944.000,CR,265.972,35.926,55641.665,4777.978,135.939,16381.821,2226.935
945.000,CR,265.972,35.926,55641.665,4777.978,135.939,16388.247,2227.808
946.000,CR,265.972,35.926,55641.665,4777.978,135.939,16373.434,2225.795
947.000,CR,265.972,35.926,55641.665,4777.978,135.939,16423.702,2232.628
948.000,CR,265.972,35.926,55641.665,4777.978,135.939,16528.578,2246.885
949.000,CR,265.972,35.926,55641.665,4777.978,135.939,16491.691,2241.871
950.000,CR,265.972,35.926,55641.665,4777.978,135.939,16540.639,2248.524
951.000,CR,265.972,35.926,55641.665,4777.978,135.939,16535.874,2247.877
952.000,CR,265.972,35.926,55641.665,4777.978,135.939,16588.366,2255.013
953.000,CR,265.972,35.926,55641.665,4777.978,135.939,16549.521,2249.732
954.000,CR,265.972,35.926,55641.665,4777.978,135.939,16600.270,2256.631
955.000,CR,265.972,35.926,55641.665,4777.978,135.939,16564.827,2251.813
956.000,CR,265.972,35.926,55641.665,4777.978,135.939,16564.798,2251.809
957.000,CR,265.972,35.926,55641.665,4777.978,135.939,16454.215,2236.776
958.000,CR,265.972,35.926,55641.665,4777.978,135.939,16424.455,2232.730
959.000,CR,265.972,35.926,55641.665,4777.978,135.939,16387.242,2227.672
960.000,CR,265.972,35.926,55641.665,4777.978,135.939,16330.467,2219.954
961.000,CR,265.972,35.926,55641.665,4777.978,135.939,16271.599,2211.951
962.000,CR,265.972,35.926,55641.665,4777.978,135.939,16227.943,2206.017
963.000,CR,265.972,35.926,55641.665,4777.978,135.939,16177.391,2199.145
964.000,CR,265.972,35.926,55641.665,4777.978,135.939,16223.352,2205.393
965.000,CR,265.972,35.926,55641.665,4777.978,135.939,16165.548,2197.535
966.000,CR,265.972,35.926,55641.665,4777.978,135.939,16186.801,2200.424
967.000,CR,265.972,35.926,55641.665,4777.978,135.939,16238.420,2207.441
968.000,CR,265.972,35.926,55641.665,4777.978,135.939,16255.484,2209.761
969.000,CR,265.972,35.926,55641.665,4777.978,135.939,16332.248,2220.196
970.000,CR,265.972,35.926,55641.665,4777.978,135.939,16358.482,2223.762
971.000,CR,265.972,35.926,55641.665,4777.978,135.939,16296.635,2215.355
972.000,CR,265.972,35.926,55641.665,4777.978,135.939,16275.373,2212.464
973.000,CR,265.972,35.926,55641.665,4777.978,135.939,16336.450,2220.767
974.000,CR,265.972,35.926,55641.665,4777.978,135.939,16341.238,2221.418
975.000,CR,265.972,35.926,55641.665,4777.978,135.939,16349.080,2222.484
976.000,CR,265.972,35.926,55641.665,4777.978,135.939,16389.562,2227.987
977.000,CR,265.972,35.926,55641.665,4777.978,135.939,16421.152,2232.281
978.000,CR,265.972,35.926,55641.665,4777.978,135.939,16434.206,2234.056
979.000,CR,265.972,35.926,55641.665,4777.978,135.939,16430.642,2233.572
980.000,CR,265.972,35.926,55641.665,4777.978,135.939,16422.876,2232.516
981.000,CR,265.972,35.926,55641.665,4777.978,135.939,16465.400,2238.297
982.000,CR,265.972,35.926,55641.665,4777.978,135.939,16497.816,2242.703
983.000,CR,265.972,35.926,55641.665,4777.978,135.939,16562.143,2251.448
984.000,CR,265.972,35.926,55641.665,4777.978,135.939,16618.724,2259.139
985.000,CR,265.972,35.926,55641.665,4777.978,135.939,16595.418,2255.971
986.000,CR,265.972,35.926,55641.665,4777.978,135.939,16635.819,2261.463
987.000,CR,265.972,35.926,55641.665,4777.978,135.939,16696.180,2269.669
988.000,CR,265.972,35.926,55641.665,4777.978,135.939,16661.759,2264.989
989.000,CR,265.972,35.926,55641.665,4777.978,135.939,16707.289,2271.179
990.000,CR,265.972,35.926,55641.665,4777.978,135.939,16670.916,2266.234
991.000,CR,265.972,35.926,55641.665,4777.978,135.939,16708.057,2271.283
992.000,CR,265.972,35.926,55641.665,4777.978,135.939,16676.971,2267.057
993.000,CR,265.972,35.926,55641.665,4777.978,135.939,16666.524,2265.637
994.000,CR,265.972,35.926,55641.665,4777.978,135.939,16595.602,2255.996
995.000,CR,265.972,35.926,55641.665,4777.978,135.939,16566.855,2252.088
996.000,CR,265.972,35.926,55641.665,4777.978,135.939,16577.556,2253.543
997.000,CR,265.972,35.926,55641.665,4777.978,135.939,16570.082,2252.527
998.000,CR,265.972,35.926,55641.665,4777.978,135.939,16581.012,2254.013
999.000,CR,265.972,35.926,55641.665,4777.978,135.939,16591.507,2255.440
1000.000,CR,265.972,35.926,55641.665,4777.978,135.939,16608.289,2257.721
1001.000,CR,265.972,35.926,55641.665,4777.978,135.939,16588.604,2255.045
1002.000,CR,265.972,35.926,55641.665,4777.978,135.939,16519.145,2245.603
1003.000,CR,265.972,35.926,55641.665,4777.978,135.939,16519.414,2245.639
1004.000,CR,265.972,35.926,55641.665,4777.978,135.939,16477.334,2239.919
1005.000,CR,265.972,35.926,55641.665,4777.978,135.939,16398.694,2229.229
1006.000,CR,265.972,35.926,55641.665,4777.978,135.939,16348.037,2222.342
1007.000,CR,265.972,35.926,55641.665,4777.978,135.939,16362.760,2224.344
1008.000,CR,265.972,35.926,55641.665,4777.978,135.939,16366.042,2224.790
1009.000,CR,265.972,35.926,55641.665,4777.978,135.939,16390.920,2228.172
1010.000,CR,265.972,35.926,55641.665,4777.978,135.939,16397.640,2229.085
1011.000,CR,265.972,35.926,55641.665,4777.978,135.939,16453.630,2236.697
1012.000,CR,265.972,35.926,55641.665,4777.978,135.939,16537.054,2248.037
1013.000,CR,265.972,35.926,55641.665,4777.978,135.939,16566.422,2252.029
1014.000,CR,265.972,35.926,55641.665,4777.978,135.939,16611.521,2258.160
1015.000,CR,265.972,35.926,55641.665,4777.978,135.939,16670.538,2266.183
1016.000,CR,265.972,35.926,55641.665,4777.978,135.939,16786.193,2281.905
1017.000,CR,265.972,35.926,55641.665,4777.978,135.939,16860.119,2291.954
1018.000,CR,265.972,35.926,55641.665,4777.978,135.939,16941.214,2302.978
1019.000,CR,265.972,35.926,55641.665,4777.978,135.939,17081.067,2321.990
1020.000,CR,265.972,35.926,55641.665,4777.978,135.939,17150.578,2331.439
1021.000,CR,265.972,35.926,55641.665,4777.978,135.939,17162.343,2333.039
1022.000,CR,265.972,35.926,55641.665,4777.978,135.939,17166.878,2333.655
1023.000,CR,265.972,35.926,55641.665,4777.978,135.939,17191.603,2337.016
1024.000,CR,265.972,35.926,55641.665,4777.978,135.939,17192.167,2337.093
1025.000,CR,265.972,35.926,55641.665,4777.978,135.939,17254.935,2345.625
1026.000,CR,265.972,35.926,55641.665,4777.978,135.939,17226.625,2341.777
1027.000,CR,265.972,35.926,55641.665,4777.978,135.939,17171.216,2334.245
1028.000,CR,265.972,35.926,55641.665,4777.978,135.939,17203.960,2338.696
1029.000,CR,265.972,35.926,55641.665,4777.978,135.939,17288.380,2350.172
1030.000,CR,265.972,35.926,55641.665,4777.978,135.939,17289.195,2350.283
1031.000,CR,265.972,35.926,55641.665,4777.978,135.939,17364.621,2360.536
1032.000,CR,265.972,35.926,55641.665,4777.978,135.939,17401.049,2365.488
1033.000,CR,265.972,35.926,55641.665,4777.978,135.939,17441.292,2370.959
1034.000,CR,265.972,35.926,55641.665,4777.978,135.939,17370.695,2361.362
1035.000,CR,265.972,35.926,55641.665,4777.978,135.939,17323.392,2354.931
1036.000,CR,265.972,35.926,55641.665,4777.978,135.939,17348.553,2358.352
1037.000,CR,265.972,35.926,55641.665,4777.978,135.939,17368.097,2361.009
1038.000,CR,265.972,35.926,55641.665,4777.978,135.939,17385.405,2363.361
1039.000,CR,265.972,35.926,55641.665,4777.978,135.939,17407.530,2366.369
1040.000,CR,265.972,35.926,55641.665,4777.978,135.939,17418.389,2367.845
1041.000,CR,265.972,35.926,55641.665,4777.978,135.939,17392.169,2364.281
1042.000,CR,265.972,35.926,55641.665,4777.978,135.939,17330.342,2355.876
1043.000,CR,265.972,35.926,55641.665,4777.978,135.939,17317.399,2354.117
1044.000,CR,265.972,35.926,55641.665,4777.978,135.939,17294.155,2350.957
1045.000,CR,265.972,35.926,55641.665,4777.978,135.939,17171.439,2334.275
1046.000,CR,265.972,35.926,55641.665,4777.978,135.939,17028.380,2314.828
1047.000,CR,265.972,35.926,55641.665,4777.978,135.939,16875.154,2293.998
1048.000,CR,265.972,35.926,55641.665,4777.978,135.939,16678.885,2267.318
1049.000,CR,265.972,35.926,55641.665,4777.978,135.939,16620.587,2259.393
1050.000,CR,265.972,35.926,55641.665,4777.978,135.939,16508.359,2244.136
1051.000,CR,265.972,35.926,55641.665,4777.978,135.939,16473.889,2239.450
1052.000,CR,265.972,35.926,55641.665,4777.978,135.939,16424.007,2232.670
1053.000,CR,265.972,35.926,55641.665,4777.978,135.939,16378.152,2226.436
1054.000,CR,265.972,35.926,55641.665,4777.978,135.939,16334.489,2220.501
1055.000,CR,265.972,35.926,55641.665,4777.978,135.939,16399.660,2229.360
1056.000,CR,265.972,35.926,55641.665,4777.978,135.939,16355.285,2223.328
1057.000,CR,265.972,35.926,55641.665,4777.978,135.939,16348.379,2222.389
1058.000,CR,265.972,35.926,55641.665,4777.978,135.939,16449.148,2236.087
1059.000,CR,265.972,35.926,55641.665,4777.978,135.939,16565.579,2251.915
1060.000,CR,265.972,35.926,55641.665,4777.978,135.939,16737.157,2275.239
1061.000,CR,265.972,35.926,55641.665,4777.978,135.939,16779.121,2280.944
1062.000,CR,265.972,35.926,55641.665,4777.978,135.939,16858.600,2291.748
1063.000,CR,265.972,35.926,55641.665,4777.978,135.939,16869.314,2293.204
1064.000,CR,265.972,35.926,55641.665,4777.978,135.939,16978.131,2307.997
1065.000,CR,265.972,35.926,55641.665,4777.978,135.939,16971.531,2307.100
1066.000,CR,265.972,35.926,55641.665,4777.978,135.939,17012.237,2312.633
1067.000,CR,265.972,35.926,55641.665,4777.978,135.939,17105.606,2325.326
1068.000,CR,265.972,35.926,55641.665,4777.978,135.939,17197.577,2337.828
1069.000,CR,265.972,35.926,55641.665,4777.978,135.939,17229.571,2342.178
1070.000,CR,265.972,35.926,55641.665,4777.978,135.939,17199.443,2338.082
1071.000,CR,265.972,35.926,55641.665,4777.978,135.939,17155.216,2332.070
1072.000,CR,265.972,35.926,55641.665,4777.978,135.939,17177.644,2335.119
1073.000,CR,265.972,35.926,55641.665,4777.978,135.939,17138.407,2329.785
1074.000,CR,265.972,35.926,55641.665,4777.978,135.939,17068.520,2320.284
1075.000,CR,265.972,35.926,55641.665,4777.978,135.939,16949.716,2304.134
1076.000,CR,265.972,35.926,55641.665,4777.978,135.939,16817.461,2286.155
1077.000,CR,265.972,35.926,55641.665,4777.978,135.939,16776.261,2280.555
1078.000,CR,265.972,35.926,55641.665,4777.978,135.939,16765.244,2279.057
1079.000,CR,265.972,35.926,55641.665,4777.978,135.939,16757.639,2278.023
1080.000,CR,265.972,35.926,55641.665,4777.978,135.939,16647.495,2263.050
1081.000,CR,265.972,35.926,55641.665,4777.978,135.939,16678.616,2267.281
1082.000,CR,265.972,35.926,55641.665,4777.978,135.939,16741.225,2275.792
1083.000,CR,265.972,35.926,55641.665,4777.978,135.939,16783.933,2281.598
1084.000,CR,265.972,35.926,55641.665,4777.978,135.939,16893.896,2296.546
1085.000,CR,265.972,35.926,55641.665,4777.978,135.939,16974.462,2307.498
1086.000,CR,265.972,35.926,55641.665,4777.978,135.939,17247.162,2344.569
1087.000,CR,265.972,35.926,55641.665,4777.978,135.939,17436.509,2370.309
1088.000,CR,265.972,35.926,55641.665,4777.978,135.939,17582.800,2390.195
1089.000,CR,265.972,35.926,55641.665,4777.978,135.939,17739.936,2411.556
1090.000,CR,265.972,35.926,55641.665,4777.978,135.939,17894.325,2432.544
1091.000,CR,265.972,35.926,55641.665,4777.978,135.939,17945.171,2439.456
1092.000,CR,265.972,35.926,55641.665,4777.978,135.939,17960.531,2441.544
1093.000,CR,265.972,35.926,55641.665,4777.978,135.939,18055.265,2454.422
1094.000,CR,265.972,35.926,55641.665,4777.978,135.939,18108.777,2461.696
1095.000,CR,265.972,35.926,55641.665,4777.978,135.939,18108.796,2461.699
1096.000,CR,265.972,35.926,55641.665,4777.978,135.939,18010.265,2448.305
1097.000,CR,265.972,35.926,55641.665,4777.978,135.939,17951.530,2440.320
1098.000,CR,265.972,35.926,55641.665,4777.978,135.939,17876.270,2430.089
1099.000,CR,265.972,35.926,55641.665,4777.978,135.939,17795.191,2419.068
1100.000,CR,265.972,35.926,55641.665,4777.978,135.939,17699.746,2406.093
1101.000,CR,265.972,35.926,55641.665,4777.978,135.939,17622.183,2395.549
1102.000,CR,265.972,35.926,55641.665,4777.978,135.939,17440.828,2370.896
1103.000,CR,265.972,35.926,55641.665,4777.978,135.939,17370.162,2361.289
1104.000,CR,265.972,35.926,55641.665,4777.978,135.939,17189.915,2336.787
1105.000,CR,265.972,35.926,55641.665,4777.978,135.939,17025.537,2314.441
1106.000,CR,265.972,35.926,55641.665,4777.978,135.939,16885.635,2295.423
1107.000,CR,265.972,35.926,55641.665,4777.978,135.939,16840.634,2289.306
1108.000,CR,265.972,35.926,55641.665,4777.978,135.939,16777.517,2280.726
1109.000,CR,265.972,35.926,55641.665,4777.978,135.939,16747.231,2276.608
1110.000,CR,265.972,35.926,55641.665,4777.978,135.939,16738.208,2275.382
1111.000,CR,265.972,35.926,55641.665,4777.978,135.939,16738.772,2275.459
1112.000,CR,265.972,35.926,55641.665,4777.978,135.939,16806.890,2284.718
1113.000,CR,265.972,35.926,55641.665,4777.978,135.939,16893.090,2296.437
1114.000,CR,265.972,35.926,55641.665,4777.978,135.939,16976.093,2307.720
1115.000,CR,265.972,35.926,55641.665,4777.978,135.939,17063.568,2319.611
1116.000,CR,265.972,35.926,55641.665,4777.978,135.939,17144.069,2330.554
1117.000,CR,265.972,35.926,55641.665,4777.978,135.939,17341.770,2357.430
1118.000,CR,265.972,35.926,55641.665,4777.978,135.939,17469.190,2374.751
1119.000,CR,265.972,35.926,55641.665,4777.978,135.939,17576.345,2389.318
1120.000,CR,265.972,35.926,55641.665,4777.978,135.939,17665.254,2401.404
1121.000,CR,265.972,35.926,55641.665,4777.978,135.939,17738.401,2411.348
1122.000,CR,265.972,35.926,55641.665,4777.978,135.939,17764.081,2414.838
1123.000,CR,265.972,35.926,55641.665,4777.978,135.939,17801.045,2419.863
1124.000,CR,265.972,35.926,55641.665,4777.978,135.939,17827.235,2423.424
1125.000,CR,265.972,35.926,55641.665,4777.978,135.939,17795.006,2419.042
1126.000,CR,265.972,35.926,55641.665,4777.978,135.939,17788.586,2418.170
1127.000,CR,265.972,35.926,55641.665,4777.978,135.939,17734.531,2410.821
1128.000,CR,265.972,35.926,55641.665,4777.978,135.939,17679.944,2403.401
1129.000,CR,265.972,35.926,55641.665,4777.978,135.939,17677.302,2403.042
1130.000,CR,265.972,35.926,55641.665,4777.978,135.939,17689.604,2404.714
1131.000,CR,265.972,35.926,55641.665,4777.978,135.939,17691.226,2404.935
1132.000,CR,265.972,35.926,55641.665,4777.978,135.939,17613.615,2394.384
1133.000,CR,265.972,35.926,55641.665,4777.978,135.939,17647.721,2399.021
1134.000,CR,265.972,35.926,55641.665,4777.978,135.939,17700.193,2406.154
1135.000,CR,265.972,35.926,55641.665,4777.978,135.939,17693.388,2405.229
1136.000,CR,265.972,35.926,55641.665,4777.978,135.939,17653.297,2399.779
1137.000,CR,265.972,35.926,55641.665,4777.978,135.939,17573.350,2388.911
1138.000,CR,265.972,35.926,55641.665,4777.978,135.939,17498.435,2378.727
1139.000,CR,265.972,35.926,55641.665,4777.978,135.939,17448.712,2371.967
1140.000,CR,265.972,35.926,55641.665,4777.978,135.939,17426.451,2368.941
1141.000,CR,265.972,35.926,55641.665,4777.978,135.939,17353.064,2358.965
1142.000,CR,265.972,35.926,55641.665,4777.978,135.939,17206.097,2338.986
1143.000,CR,265.972,35.926,55641.665,4777.978,135.939,17134.561,2329.262
1144.000,CR,265.972,35.926,55641.665,4777.978,135.939,17078.378,2321.624
1145.000,CR,265.972,35.926,55641.665,4777.978,135.939,17153.206,2331.796
1146.000,CR,265.972,35.926,55641.665,4777.978,135.939,17105.307,2325.285
1147.000,CR,265.972,35.926,55641.665,4777.978,135.939,17125.369,2328.012
1148.000,CR,265.972,35.926,55641.665,4777.978,135.939,17118.273,2327.048
1149.000,CR,265.972,35.926,55641.665,4777.978,135.939,17119.854,2327.263
1150.000,CR,265.972,35.926,55641.665,4777.978,135.939,17113.102,2326.345
1151.000,CR,265.972,35.926,55641.665,4777.978,135.939,17075.819,2321.277
1152.000,CR,265.972,35.926,55641.665,4777.978,135.939,17088.191,2322.958
1153.000,CR,265.972,35.926,55641.665,4777.978,135.939,16984.653,2308.884
1154.000,CR,265.972,35.926,55641.665,4777.978,135.939,16967.410,2306.539
1155.000,CR,265.972,35.926,55641.665,4777.978,135.939,17037.705,2316.095
1156.000,CR,265.972,35.926,55641.665,4777.978,135.939,17004.932,2311.640
1157.000,CR,265.972,35.926,55641.665,4777.978,135.939,16913.199,2299.170
1158.000,CR,265.972,35.926,55641.665,4777.978,135.939,16831.484,2288.062
1159.000,CR,265.972,35.926,55641.665,4777.978,135.939,16749.976,2276.982
1160.000,CR,265.972,35.926,55641.665,4777.978,135.939,16715.797,2272.335
1161.000,CR,265.972,35.926,55641.665,4777.978,135.939,16655.824,2264.183
1162.000,CR,265.972,35.926,55641.665,4777.978,135.939,16609.446,2257.878
1163.000,CR,265.972,35.926,55641.665,4777.978,135.939,16612.808,2258.335
1164.000,CR,265.972,35.926,55641.665,4777.978,135.939,16602.163,2256.888
1165.000,CR,265.972,35.926,55641.665,4777.978,135.939,16639.278,2261.933
1166.000,CR,265.972,35.926,55641.665,4777.978,135.939,16632.241,2260.977
1167.000,CR,265.972,35.926,55641.665,4777.978,135.939,16618.229,2259.072
1168.000,CR,265.972,35.926,55641.665,4777.978,135.939,16716.181,2272.388
1169.000,CR,265.972,35.926,55641.665,4777.978,135.939,16794.981,2283.100
1170.000,CR,265.972,35.926,55641.665,4777.978,135.939,16787.338,2282.061
1171.000,CR,265.972,35.926,55641.665,4777.978,135.939,16847.118,2290.187
1172.000,CR,265.972,35.926,55641.665,4777.978,135.939,16884.231,2295.232
1173.000,CR,265.972,35.926,55641.665,4777.978,135.939,16907.465,2298.391
1174.000,CR,265.972,35.926,55641.665,4777.978,135.939,16887.265,2295.645
1175.000,CR,265.972,35.926,55641.665,4777.978,135.939,16942.101,2303.099
1176.000,CR,265.972,35.926,55641.665,4777.978,135.939,16938.076,2302.552
1177.000,CR,265.972,35.926,55641.665,4777.978,135.939,16975.527,2307.643
1178.000,CR,265.972,35.926,55641.665,4777.978,135.939,17010.504,2312.398
1179.000,CR,265.972,35.926,55641.665,4777.978,135.939,16982.381,2308.575
1180.000,CR,265.972,35.926,55641.665,4777.978,135.939,17071.438,2320.681
1181.000,CR,265.972,35.926,55641.665,4777.978,135.939,17130.068,2328.651
1182.000,CR,265.972,35.926,55641.665,4777.978,135.939,17171.619,2334.300
1183.000,CR,265.972,35.926,55641.665,4777.978,135.939,17220.935,2341.004
1184.000,CR,265.972,35.926,55641.665,4777.978,135.939,17353.204,2358.984
1185.000,CR,265.972,35.926,55641.665,4777.978,135.939,17420.676,2368.156
1186.000,CR,265.972,35.926,55641.665,4777.978,135.939,17464.001,2374.046
1187.000,CR,265.972,35.926,55641.665,4777.978,135.939,17499.476,2378.868
1188.000,CR,265.972,35.926,55641.665,4777.978,135.939,17392.043,2364.264
1189.000,CR,265.972,35.926,55641.665,4777.978,135.939,17330.525,2355.901
1190.000,CR,265.972,35.926,55641.665,4777.978,135.939,17276.511,2348.559
1191.000,CR,265.972,35.926,55641.665,4777.978,135.939,17151.079,2331.507
1192.000,CR,265.972,35.926,55641.665,4777.978,135.939,17072.639,2320.844
1193.000,CR,265.972,35.926,55641.665,4777.978,135.939,16957.382,2305.176
1194.000,CR,265.972,35.926,55641.665,4777.978,135.939,16767.611,2279.379
1195.000,CR,265.972,35.926,55641.665,4777.978,135.939,16641.002,2262.168
1196.000,CR,265.972,35.926,55641.665,4777.978,135.939,16552.103,2250.083
1197.000,CR,265.972,35.926,55641.665,4777.978,135.939,16357.399,2223.615
1198.000,CR,265.972,35.926,55641.665,4777.978,135.939,16234.991,2206.975
1199.000,CR,265.972,35.926,55641.665,4777.978,135.939,16194.887,2201.523
1200.000,CR,265.972,35.926,55641.665,4777.978,135.939,16184.277,2200.081
1201.000,CR,265.972,35.926,55641.665,4777.978,135.939,16250.063,2209.024
1202.000,CR,265.972,35.926,55641.665,4777.978,135.939,16363.005,2224.377
1203.000,CR,265.972,35.926,55641.665,4777.978,135.939,16343.584,2221.737
1204.000,CR,265.972,35.926,55641.665,4777.978,135.939,16395.873,2228.845
1205.000,CR,265.972,35.926,55641.665,4777.978,135.939,16523.621,2246.211
1206.000,CR,265.972,35.926,55641.665,4777.978,135.939,16575.280,2253.234
1207.000,CR,265.972,35.926,55641.665,4777.978,135.939,16651.608,2263.609
1208.000,CR,265.972,35.926,55641.665,4777.978,135.939,16752.415,2277.313
1209.000,CR,265.972,35.926,55641.665,4777.978,135.939,16825.505,2287.249
1210.000,CR,265.972,35.926,55641.665,4777.978,135.939,16861.913,2292.198
1211.000,CR,265.972,35.926,55641.665,4777.978,135.939,16850.427,2290.637
1212.000,CR,265.972,35.926,55641.665,4777.978,135.939,16862.577,2292.289
1213.000,CR,265.972,35.926,55641.665,4777.978,135.939,16847.919,2290.296
1214.000,CR,265.972,35.926,55641.665,4777.978,135.939,16816.191,2285.983
1215.000,CR,265.972,35.926,55641.665,4777.978,135.939,16893.839,2296.538
1216.000,CR,265.972,35.926,55641.665,4777.978,135.939,16970.920,2307.017
1217.000,CR,265.972,35.926,55641.665,4777.978,135.939,16881.572,2294.871
1218.000,CR,265.972,35.926,55641.665,4777.978,135.939,16926.217,2300.940
1219.000,CR,265.972,35.926,55641.665,4777.978,135.939,16936.311,2302.312
1220.000,CR,265.972,35.926,55641.665,4777.978,135.939,16918.659,2299.912
1221.000,CR,265.972,35.926,55641.665,4777.978,135.939,16960.559,2305.608
1222.000,CR,265.972,35.926,55641.665,4777.978,135.939,16960.134,2305.550
1223.000,CR,265.972,35.926,55641.665,4777.978,135.939,16868.173,2293.049
1224.000,CR,265.972,35.926,55641.665,4777.978,135.939,16721.723,2273.141
1225.000,CR,265.972,35.926,55641.665,4777.978,135.939,16647.986,2263.117
1226.000,CR,265.972,35.926,55641.665,4777.978,135.939,16543.115,2248.861
1227.000,CR,265.972,35.926,55641.665,4777.978,135.939,16402.153,2229.699
1228.000,CR,265.972,35.926,55641.665,4777.978,135.939,16340.356,2221.298
1229.000,CR,265.972,35.926,55641.665,4777.978,135.939,16161.287,2196.956
1230.000,CR,265.972,35.926,55641.665,4777.978,135.939,16103.464,2189.095
1231.000,CR,265.972,35.926,55641.665,4777.978,135.939,16052.976,2182.232
1232.000,CR,265.972,35.926,55641.665,4777.978,135.939,16004.113,2175.590
1233.000,CR,265.972,35.926,55641.665,4777.978,135.939,16019.057,2177.621
1234.000,CR,265.972,35.926,55641.665,4777.978,135.939,16017.753,2177.444
1235.000,CR,265.972,35.926,55641.665,4777.978,135.939,16022.969,2178.153
1236.000,CR,265.972,35.926,55641.665,4777.978,135.939,15953.725,2168.740
1237.000,CR,265.972,35.926,55641.665,4777.978,135.939,15981.187,2172.473
1238.000,CR,265.972,35.926,55641.665,4777.978,135.939,16015.801,2177.178
1239.000,CR,265.972,35.926,55641.665,4777.978,135.939,16001.646,2175.254
1240.000,CR,265.972,35.926,55641.665,4777.978,135.939,16107.552,2189.651
1241.000,CR,265.972,35.926,55641.665,4777.978,135.939,16141.900,2194.320
1242.000,CR,265.972,35.926,55641.665,4777.978,135.939,16158.031,2196.513
1243.000,CR,265.972,35.926,55641.665,4777.978,135.939,16273.876,2212.261
1244.000,CR,265.972,35.926,55641.665,4777.978,135.939,16403.273,2229.851
1245.000,CR,265.972,35.926,55641.665,4777.978,135.939,16489.076,2241.515
1246.000,CR,265.972,35.926,55641.665,4777.978,135.939,16583.379,2254.334
1247.000,CR,265.972,35.926,55641.665,4777.978,135.939,16612.155,2258.246
1248.000,CR,265.972,35.926,55641.665,4777.978,135.939,16740.481,2275.691
1249.000,CR,265.972,35.926,55641.665,4777.978,135.939,16851.330,2290.760
1250.000,CR,265.972,35.926,55641.665,4777.978,135.939,16851.187,2290.740
1251.000,CR,265.972,35.926,55641.665,4777.978,135.939,16874.538,2293.915
1252.000,CR,265.972,35.926,55641.665,4777.978,135.939,16926.819,2301.022
1253.000,CR,265.972,35.926,55641.665,4777.978,135.939,16964.788,2306.183
1254.000,CR,265.972,35.926,55641.665,4777.978,135.939,16978.847,2308.094
1255.000,CR,265.972,35.926,55641.665,4777.978,135.939,17064.651,2319.758
1256.000,CR,265.972,35.926,55641.665,4777.978,135.939,17167.814,2333.782
1257.000,CR,265.972,35.926,55641.665,4777.978,135.939,17288.286,2350.159
1258.000,CR,265.972,35.926,55641.665,4777.978,135.939,17294.685,2351.029
1259.000,CR,265.972,35.926,55641.665,4777.978,135.939,17345.364,2357.918
1260.000,CR,265.972,35.926,55641.665,4777.978,135.939,17384.812,2363.281
1261.000,CR,265.972,35.926,55641.665,4777.978,135.939,17416.423,2367.578
1262.000,CR,265.972,35.926,55641.665,4777.978,135.939,17470.081,2374.872
1263.000,CR,265.972,35.926,55641.665,4777.978,135.939,17457.030,2373.098
1264.000,CR,265.972,35.926,55641.665,4777.978,135.939,17427.135,2369.034
1265.000,CR,265.972,35.926,55641.665,4777.978,135.939,17405.871,2366.144
1266.000,CR,265.972,35.926,55641.665,4777.978,135.939,17338.866,2357.035
1267.000,CR,265.972,35.926,55641.665,4777.978,135.939,17318.865,2354.316
1268.000,CR,265.972,35.926,55641.665,4777.978,135.939,17235.607,2342.998
1269.000,CR,265.972,35.926,55641.665,4777.978,135.939,17258.318,2346.085
1270.000,CR,265.972,35.926,55641.665,4777.978,135.939,17284.698,2349.671
1271.000,CR,265.972,35.926,55641.665,4777.978,135.939,17279.160,2348.919
1272.000,CR,265.972,35.926,55641.665,4777.978,135.939,17258.608,2346.125
1273.000,CR,265.972,35.926,55641.665,4777.978,135.939,17233.436,2342.703
1274.000,CR,265.972,35.926,55641.665,4777.978,135.939,17206.581,2339.052
1275.000,CR,265.972,35.926,55641.665,4777.978,135.939,17246.691,2344.505
1276.000,CR,265.972,35.926,55641.665,4777.978,135.939,17213.635,2340.011
1277.000,CR,265.972,35.926,55641.665,4777.978,135.939,17211.263,2339.689
1278.000,CR,265.972,35.926,55641.665,4777.978,135.939,17052.888,2318.159
1279.000,CR,265.972,35.926,55641.665,4777.978,135.939,17014.670,2312.964
1280.000,CR,265.972,35.926,55641.665,4777.978,135.939,16951.766,2304.413
1281.000,CR,265.972,35.926,55641.665,4777.978,135.939,17001.116,2311.121
1282.000,CR,265.972,35.926,55641.665,4777.978,135.939,16911.081,2298.882
1283.000,CR,265.972,35.926,55641.665,4777.978,135.939,16879.597,2294.602
1284.000,CR,265.972,35.926,55641.665,4777.978,135.939,16782.235,2281.367
1285.000,CR,265.972,35.926,55641.665,4777.978,135.939,16685.761,2268.252
1286.000,CR,265.972,35.926,55641.665,4777.978,135.939,16652.650,2263.751
1287.000,CR,265.972,35.926,55641.665,4777.978,135.939,16572.349,2252.835
1288.000,CR,265.972,35.926,55641.665,4777.978,135.939,16433.011,2233.894
1289.000,CR,265.972,35.926,55641.665,4777.978,135.939,16355.078,2223.299
1290.000,CR,265.972,35.926,55641.665,4777.978,135.939,16235.222,2207.006
1291.000,CR,265.972,35.926,55641.665,4777.978,135.939,16216.846,2204.508
1292.000,CR,265.972,35.926,55641.665,4777.978,135.939,16161.513,2196.986
1293.000,CR,265.972,35.926,55641.665,4777.978,135.939,16179.751,2199.466
1294.000,CR,265.972,35.926,55641.665,4777.978,135.939,16135.303,2193.423
1295.000,CR,265.972,35.926,55641.665,4777.978,135.939,16138.305,2193.831
1296.000,CR,265.972,35.926,55641.665,4777.978,135.939,16145.156,2194.763
1297.000,CR,265.972,35.926,55641.665,4777.978,135.939,16183.148,2199.927
1298.000,CR,265.972,35.926,55641.665,4777.978,135.939,16252.413,2209.343
1299.000,CR,265.972,35.926,55641.665,4777.978,135.939,16287.977,2214.178
1300.000,CR,265.972,35.926,55641.665,4777.978,135.939,16281.533,2213.302
1301.000,CR,265.972,35.926,55641.665,4777.978,135.939,16241.619,2207.876
1302.000,CR,265.972,35.926,55641.665,4777.978,135.939,16223.028,2205.349
1303.000,CR,265.972,35.926,55641.665,4777.978,135.939,16239.788,2207.627
1304.000,CR,265.972,35.926,55641.665,4777.978,135.939,16211.440,2203.773
1305.000,CR,265.972,35.926,55641.665,4777.978,135.939,16121.786,2191.586
1306.000,CR,265.972,35.926,55641.665,4777.978,135.939,16157.455,2196.435
1307.000,CR,265.972,35.926,55641.665,4777.978,135.939,16167.965,2197.863
1308.000,CR,265.972,35.926,55641.665,4777.978,135.939,16127.444,2192.355
1309.000,CR,265.972,35.926,55641.665,4777.978,135.939,16112.924,2190.381
1310.000,CR,265.972,35.926,55641.665,4777.978,135.939,16001.988,2175.301
1311.000,CR,265.972,35.926,55641.665,4777.978,135.939,15922.918,2164.552
1312.000,CR,265.972,35.926,55641.665,4777.978,135.939,15830.704,2152.016
1313.000,CR,265.972,35.926,55641.665,4777.978,135.939,15851.413,2154.832
1314.000,CR,265.972,35.926,55641.665,4777.978,135.939,15912.534,2163.140
1315.000,CR,265.972,35.926,55641.665,4777.978,135.939,15886.942,2159.661
1316.000,CR,265.972,35.926,55641.665,4777.978,135.939,15858.942,2155.855
1317.000,CR,265.972,35.926,55641.665,4777.978,135.939,15817.197,2150.180
1318.000,CR,265.972,35.926,55641.665,4777.978,135.939,15856.901,2155.578
1319.000,CR,265.972,35.926,55641.665,4777.978,135.939,15909.544,2162.734
1320.000,CR,265.972,35.926,55641.665,4777.978,135.939,15977.804,2172.013
1321.000,CR,265.972,35.926,55641.665,4777.978,135.939,16070.738,2184.646
1322.000,CR,265.972,35.926,55641.665,4777.978,135.939,16156.364,2196.286
1323.000,CR,265.972,35.926,55641.665,4777.978,135.939,16196.902,2201.797
1324.000,CR,265.972,35.926,55641.665,4777.978,135.939,16308.399,2216.954
1325.000,CR,265.972,35.926,55641.665,4777.978,135.939,16346.245,2222.099
1326.000,CR,265.972,35.926,55641.665,4777.978,135.939,16413.221,2231.203
1327.000,CR,265.972,35.926,55641.665,4777.978,135.939,16511.982,2244.629
1328.000,CR,265.972,35.926,55641.665,4777.978,135.939,16486.219,2241.127
1329.000,CR,265.972,35.926,55641.665,4777.978,135.939,16475.022,2239.605
1330.000,CR,265.972,35.926,55641.665,4777.978,135.939,16474.297,2239.506
1331.000,CR,265.972,35.926,55641.665,4777.978,135.939,16478.080,2240.020
1332.000,CR,265.972,35.926,55641.665,4777.978,135.939,16552.291,2250.108
1333.000,CR,265.972,35.926,55641.665,4777.978,135.939,16514.837,2245.017
1334.000,CR,265.972,35.926,55641.665,4777.978,135.939,16487.809,2241.343
1335.000,CR,265.972,35.926,55641.665,4777.978,135.939,16487.413,2241.289
1336.000,CR,265.972,35.926,55641.665,4777.978,135.939,16359.913,2223.957
1337.000,CR,265.972,35.926,55641.665,4777.978,135.939,16396.350,2228.910
1338.000,CR,265.972,35.926,55641.665,4777.978,135.939,16382.678,2227.051
1339.000,CR,265.972,35.926,55641.665,4777.978,135.939,16443.103,2235.265
1340.000,CR,265.972,35.926,55641.665,4777.978,135.939,16448.455,2235.993
1341.000,CR,265.972,35.926,55641.665,4777.978,135.939,16560.417,2251.213
1342.000,CR,265.972,35.926,55641.665,4777.978,135.939,16658.077,2264.489
1343.000,CR,265.972,35.926,55641.665,4777.978,135.939,16657.942,2264.471
1344.000,CR,265.972,35.926,55641.665,4777.978,135.939,16663.727,2265.257
1345.000,CR,265.972,35.926,55641.665,4777.978,135.939,16714.807,2272.201
1346.000,CR,265.972,35.926,55641.665,4777.978,135.939,16772.207,2280.004
1347.000,CR,265.972,35.926,55641.665,4777.978,135.939,16845.880,2290.019
1348.000,CR,265.972,35.926,55641.665,4777.978,135.939,16849.252,2290.477
1349.000,CR,265.972,35.926,55641.665,4777.978,135.939,16935.094,2302.147
1350.000,CR,265.972,35.926,55641.665,4777.978,135.939,16906.319,2298.235
1351.000,CR,265.972,35.926,55641.665,4777.978,135.939,17036.226,2315.894
1352.000,CR,265.972,35.926,55641.665,4777.978,135.939,17093.321,2323.656
1353.000,CR,265.972,35.926,55641.665,4777.978,135.939,17066.352,2319.990
1354.000,CR,265.972,35.926,55641.665,4777.978,135.939,17077.559,2321.513
1355.000,CR,265.972,35.926,55641.665,4777.978,135.939,17120.163,2327.305
1356.000,CR,265.972,35.926,55641.665,4777.978,135.939,17145.010,2330.682
1357.000,CR,265.972,35.926,55641.665,4777.978,135.939,17118.220,2327.040
1358.000,CR,265.972,35.926,55641.665,4777.978,135.939,17114.233,2326.498
1359.000,CR,265.972,35.926,55641.665,4777.978,135.939,17038.214,2316.164
1360.000,CR,265.972,35.926,55641.665,4777.978,135.939,17066.558,2320.018
1361.000,CR,265.972,35.926,55641.665,4777.978,135.939,17040.060,2316.415
1362.000,CR,265.972,35.926,55641.665,4777.978,135.939,17023.156,2314.118
1363.000,CR,265.972,35.926,55641.665,4777.978,135.939,17009.111,2312.208
1364.000,CR,265.972,35.926,55641.665,4777.978,135.939,16995.672,2310.381
1365.000,CR,265.972,35.926,55641.665,4777.978,135.939,16992.419,2309.939
1366.000,CR,265.972,35.926,55641.665,4777.978,135.939,16977.203,2307.871
1367.000,CR,265.972,35.926,55641.665,4777.978,135.939,16989.049,2309.481
1368.000,CR,265.972,35.926,55641.665,4777.978,135.939,16922.983,2300.500
1369.000,CR,265.972,35.926,55641.665,4777.978,135.939,16871.256,2293.468
1370.000,CR,265.972,35.926,55641.665,4777.978,135.939,16944.815,2303.468
1371.000,CR,265.972,35.926,55641.665,4777.978,135.939,16911.045,2298.877
1372.000,CR,265.972,35.926,55641.665,4777.978,135.939,16861.508,2292.143
1373.000,CR,265.972,35.926,55641.665,4777.978,135.939,16892.835,2296.402
1374.000,CR,265.972,35.926,55641.665,4777.978,135.939,16765.647,2279.112
1375.000,CR,265.972,35.926,55641.665,4777.978,135.939,16776.955,2280.649
1376.000,CR,265.972,35.926,55641.665,4777.978,135.939,16741.178,2275.786
1377.000,CR,265.972,35.926,55641.665,4777.978,135.939,16662.777,2265.128
1378.000,CR,265.972,35.926,55641.665,4777.978,135.939,16646.519,2262.918
1379.000,CR,265.972,35.926,55641.665,4777.978,135.939,16649.437,2263.314
1380.000,CR,265.972,35.926,55641.665,4777.978,135.939,16652.498,2263.731
1381.000,CR,265.972,35.926,55641.665,4777.978,135.939,16577.161,2253.489
1382.000,CR,265.972,35.926,55641.665,4777.978,135.939,16577.736,2253.567
1383.000,CR,265.972,35.926,55641.665,4777.978,135.939,16580.251,2253.909
1384.000,CR,265.972,35.926,55641.665,4777.978,135.939,16604.035,2257.143
1385.000,CR,265.972,35.926,55641.665,4777.978,135.939,16645.275,2262.749
1386.000,CR,265.972,35.926,55641.665,4777.978,135.939,16699.063,2270.061
1387.000,CR,265.972,35.926,55644.333,4777.617,135.931,16658.550,2264.405
1388.000,CR,265.972,35.926,55652.159,4776.559,135.904,16600.320,2256.058
1389.000,CR,265.972,35.926,55664.871,4774.840,135.862,16478.754,2238.839
1390.000,CR,265.972,35.926,55682.202,4772.497,135.805,16403.438,2227.661
1391.000,CR,265.972,35.926,55703.882,4769.567,135.732,16323.220,2215.590
1392.000,CR,265.972,35.926,55729.645,4766.086,135.647,16189.638,2196.072
1393.000,CR,265.972,35.926,55759.224,4762.092,135.548,16011.458,2170.328
1394.000,CR,265.972,35.926,55792.350,4757.620,135.438,15815.870,2142.076
1395.000,CR,265.972,35.926,55828.758,4752.709,135.318,15534.970,2102.154
1396.000,CR,265.972,35.926,55868.180,4747.393,135.187,15335.763,2073.192
1397.000,CR,265.972,35.926,55910.348,4741.710,135.047,15162.053,2047.588
1398.000,CR,265.972,35.926,55954.996,4735.697,134.899,14990.573,2022.212
1399.000,CR,265.972,35.926,56001.855,4729.390,134.744,14826.135,1997.728
1400.000,CR,265.972,35.926,56050.656,4722.827,134.582,14678.695,1975.491
1401.000,CR,265.972,35.926,56101.132,4716.043,134.415,14511.595,1950.579
1402.000,CR,265.972,35.926,56153.010,4709.076,134.244,14320.647,1922.458
1403.000,CR,265.972,35.926,56206.022,4701.962,134.069,14208.270,1904.884
1404.000,CR,265.972,35.926,56259.896,4694.738,133.891,14046.764,1880.734
1405.000,CR,265.972,35.926,56314.360,4687.440,133.711,13923.731,1861.761
1406.000,DE,275.021,42.142,56369.141,4680.106,133.531,15992.266,2135.461
1407.000,DE,275.021,42.142,56423.965,4672.771,133.350,15618.304,2082.706
1408.000,DE,275.021,42.142,56478.557,4665.474,133.171,15225.326,2027.568
1409.000,DE,275.021,42.142,56532.643,4658.250,132.993,14675.768,1951.774
1410.000,DE,275.021,42.142,56585.945,4651.136,132.818,14103.301,1873.171
1411.000,DE,275.021,42.142,56638.186,4644.168,132.646,13494.260,1789.966
1412.000,DE,275.021,42.142,56689.089,4637.385,132.480,12856.342,1703.202
1413.000,DE,275.021,42.142,56738.375,4630.821,132.318,12218.386,1616.712
1414.000,DE,275.021,42.142,56785.764,4624.514,132.163,11516.852,1522.099
1415.000,DE,275.021,42.142,56830.977,4618.501,132.015,10882.227,1436.615
1416.000,DE,275.021,42.142,56873.733,4612.819,131.875,10259.852,1353.018
1417.000,DE,275.021,42.142,56913.751,4607.503,131.744,9678.684,1275.110
1418.000,DE,275.021,42.142,56950.751,4602.591,131.623,9178.592,1208.116
1419.000,DE,275.021,42.142,56984.449,4598.120,131.513,8582.983,1128.776
1420.000,DE,275.021,42.142,57014.566,4594.125,131.415,8034.191,1055.813
1421.000,DE,275.021,42.142,57040.818,4590.645,131.329,7716.336,1013.381
1422.000,DE,275.021,42.142,57062.926,4587.714,131.257,7439.128,976.439
1423.000,DE,275.021,42.142,57080.608,4585.372,131.200,7139.438,936.691
1424.000,DE,275.021,42.142,57093.584,4583.653,131.157,6904.983,905.638
1425.000,DE,275.021,42.142,57101.574,4582.595,131.131,6740.365,883.872
1426.000,DE,275.021,42.142,57104.299,4582.234,131.122,6732.723,882.810
1427.000,DE,275.021,42.142,57178.240,4572.446,131.122,6743.852,884.270
1428.000,DE,275.021,42.142,57252.258,4562.659,131.122,6809.075,892.822
1429.000,DE,275.021,42.142,57326.354,4552.872,131.122,6790.274,890.356
1430.000,DE,275.021,42.142,57400.528,4543.085,131.122,6843.592,897.348
1431.000,DE,275.021,42.142,57474.779,4533.298,131.122,7044.148,923.645
1432.000,DE,275.021,42.142,57549.108,4523.510,131.122,7160.961,938.962
1433.000,DE,275.021,42.142,57623.515,4513.723,131.122,7384.805,968.313
1434.000,DE,275.021,42.142,57697.999,4503.936,131.122,7674.631,1006.315
1435.000,DE,275.021,42.142,57772.562,4494.149,131.122,7857.859,1030.341
1436.000,DE,275.021,42.142,57847.202,4484.362,131.122,8075.144,1058.831
1437.000,DE,275.021,42.142,57921.921,4474.574,131.122,8268.900,1084.237
1438.000,DE,275.021,42.142,57996.718,4464.787,131.122,8514.493,1116.440
1439.000,DE,275.021,42.142,58071.593,4455.000,131.122,8752.383,1147.633
1440.000,DE,275.021,42.142,58146.546,4445.213,131.122,8889.715,1165.640
1441.000,DE,275.021,42.142,58221.577,4435.425,131.122,8985.808,1178.240
1442.000,DE,275.021,42.142,58296.687,4425.638,131.122,9118.651,1195.659
1443.000,DE,275.021,42.142,58371.876,4415.851,131.122,9096.257,1192.722
1444.000,DE,275.021,42.142,58447.142,4406.064,131.122,9178.900,1203.559
1445.000,DE,275.021,42.142,58522.488,4396.277,131.122,9260.779,1214.295
1446.000,DE,275.021,42.142,58597.912,4386.489,131.122,9367.649,1228.308
1447.000,DE,275.021,42.142,58673.415,4376.702,131.122,9443.630,1238.271
1448.000,DE,275.021,42.142,58748.996,4366.915,131.122,9450.289,1239.144
1449.000,DE,275.021,42.142,58824.656,4357.128,131.122,9561.117,1253.676
1450.000,DE,275.021,42.142,58900.396,4347.341,131.122,9721.265,1274.675
1451.000,DE,275.021,42.142,58976.214,4337.553,131.122,9767.732,1280.768
1452.000,DE,275.021,42.142,59052.111,4327.766,131.122,9837.632,1289.933
1453.000,DE,275.021,42.142,59128.087,4317.979,131.122,9963.264,1306.406
1454.000,DE,275.021,42.142,59204.142,4308.192,131.122,10036.038,1315.948
1455.000,DE,275.021,42.142,59280.277,4298.405,131.122,10130.483,1328.332
1456.000,DE,275.021,42.142,59356.491,4288.617,131.122,10118.815,1326.802
1457.000,DE,275.021,42.142,59432.784,4278.830,131.122,10167.215,1333.149
1458.000,DE,275.021,42.142,59509.156,4269.043,131.122,10150.273,1330.927
1459.000,DE,275.021,42.142,59585.608,4259.256,131.122,10170.563,1333.588
1460.000,DE,275.021,42.142,59662.140,4249.468,131.122,10060.643,1319.175
1461.000,DE,275.021,42.142,59738.751,4239.681,131.122,9930.166,1302.066
1462.000,DE,275.021,42.142,59815.442,4229.894,131.122,9814.177,1286.858
1463.000,DE,275.021,42.142,59892.212,4220.107,131.122,9591.025,1257.597
1464.000,DE,275.021,42.142,59969.062,4210.320,131.122,9390.893,1231.356
1465.000,DE,275.021,42.142,60045.992,4200.532,131.122,9193.738,1205.504
1466.000,DE,275.021,42.142,60123.002,4190.745,131.122,8994.714,1179.408
1467.000,DE,275.021,42.142,60200.092,4180.958,131.122,8837.878,1158.843
1468.000,DE,275.021,42.142,60277.262,4171.171,131.122,8589.245,1126.242
1469.000,DE,275.021,42.142,60354.512,4161.384,131.122,8423.135,1104.461
1470.000,DE,275.021,42.142,60431.842,4151.596,131.122,8305.543,1089.042
1471.000,DE,275.021,42.142,60509.252,4141.809,131.122,8036.692,1053.790
1472.000,DE,275.021,42.142,60586.743,4132.022,131.122,7891.247,1034.719
1473.000,DE,275.021,42.142,60664.313,4122.235,131.122,7641.099,1001.919
1474.000,DE,275.021,42.142,60741.965,4112.448,131.122,7469.264,979.387
1475.000,DE,275.021,42.142,60819.696,4102.660,131.122,7296.823,956.776
1476.000,DE,275.021,42.142,60897.509,4092.873,131.122,7041.568,923.307
1477.000,DE,275.021,42.142,60975.402,4083.086,131.122,6752.663,885.425
1478.000,DE,275.021,42.142,61053.375,4073.299,131.122,6469.383,848.280
1479.000,DE,275.021,42.142,61131.429,4063.511,131.122,6132.719,804.136
1480.000,DE,275.021,42.142,61209.564,4053.724,131.122,5918.269,776.017
1481.000,DE,275.021,42.142,61287.780,4043.937,131.122,5625.117,737.578
1482.000,DE,275.021,42.142,61366.077,4034.150,131.122,5346.067,700.989
1483.000,DE,275.021,42.142,61444.455,4024.363,131.122,5007.572,656.604
1484.000,DE,275.021,42.142,61522.914,4014.575,131.122,4783.124,627.174
1485.000,DE,275.021,42.142,61601.454,4004.788,131.122,4610.820,604.581
1486.000,DE,275.021,42.142,61680.075,3995.001,131.122,4380.377,574.365
1487.000,DE,275.021,42.142,61758.777,3985.214,131.122,4244.884,556.599
1488.000,DE,275.021,42.142,61837.561,3975.427,131.122,4198.094,550.464
1489.000,DE,275.021,42.142,61916.426,3965.639,131.122,4116.188,539.724
1490.000,DE,275.021,42.142,61995.372,3955.852,131.122,4098.483,537.403
1491.000,DE,275.021,42.142,62074.400,3946.065,131.122,4083.609,535.452
1492.000,DE,275.021,42.142,62153.509,3936.278,131.122,4099.110,537.485
1493.000,DE,275.021,42.142,62232.700,3926.491,131.122,4177.776,547.800
1494.000,DE,275.021,42.142,62311.973,3916.703,131.122,4341.897,569.320
1495.000,DE,275.021,42.142,62391.328,3906.916,131.122,4501.873,590.296
1496.000,DE,275.021,42.142,62470.764,3897.129,131.122,4834.310,633.886
1497.000,DE,275.021,42.142,62550.282,3887.342,131.122,5113.371,670.477
1498.000,DE,275.021,42.142,62629.882,3877.554,131.122,5478.786,718.391
1499.000,DE,275.021,42.142,62709.564,3867.767,131.122,5799.971,760.506
1500.000,DE,275.021,42.142,62789.329,3857.980,131.122,6162.576,808.051
1501.000,DE,275.021,42.142,62869.175,3848.193,131.122,6539.941,857.532
1502.000,DE,275.021,42.142,62949.103,3838.406,131.122,6815.032,893.603
1503.000,DE,275.021,42.142,63029.114,3828.618,131.122,7055.912,925.188
1504.000,DE,275.021,42.142,63109.207,3818.831,131.122,7230.297,948.053
1505.000,DE,275.021,42.142,63189.383,3809.044,131.122,7420.008,972.929
1506.000,DE,275.021,42.142,63269.641,3799.257,131.122,7614.696,998.457
1507.000,DE,275.021,42.142,63349.981,3789.470,131.122,7696.835,1009.227
1508.000,DE,275.021,42.142,63430.404,3779.682,131.122,7764.656,1018.120
1509.000,DE,275.021,42.142,63510.910,3769.895,131.122,7791.256,1021.608
1510.000,DE,275.021,42.142,63591.498,3760.108,131.122,7875.298,1032.627
1511.000,DE,275.021,42.142,63672.170,3750.321,131.122,7928.946,1039.662
1512.000,DE,275.021,42.142,63752.924,3740.534,131.122,8078.473,1059.268
1513.000,DE,275.021,42.142,63833.761,3730.746,131.122,8282.219,1085.984
1514.000,DE,275.021,42.142,63914.681,3720.959,131.122,8420.053,1104.057
1515.000,DE,275.021,42.142,63995.684,3711.172,131.122,8551.544,1121.298
1516.000,DE,275.021,42.142,64076.770,3701.385,131.122,8667.703,1136.529
1517.000,DE,275.021,42.142,64157.939,3691.597,131.122,9009.040,1181.286
1518.000,DE,275.021,42.142,64239.192,3681.810,131.122,9299.844,1219.417
1519.000,DE,275.021,42.142,64320.527,3672.023,131.122,9645.387,1264.725
1520.000,DE,275.021,42.142,64401.947,3662.236,131.122,9954.824,1305.300
1521.000,DE,275.021,42.142,64483.449,3652.449,131.122,10170.409,1333.567
1522.000,DE,275.021,42.142,64565.035,3642.661,131.122,10514.381,1378.670
1523.000,DE,275.021,42.142,64646.705,3632.874,131.122,10771.296,1412.357
1524.000,DE,275.021,42.142,64728.458,3623.087,131.122,11035.190,1446.960
1525.000,DE,275.021,42.142,64810.295,3613.300,131.122,11264.599,1477.040
1526.000,DE,275.021,42.142,64892.216,3603.513,131.122,11463.443,1503.113
1527.000,DE,275.021,42.142,64974.221,3593.725,131.122,11487.063,1506.210
1528.000,DE,275.021,42.142,65056.309,3583.938,131.122,11478.351,1505.068
1529.000,DE,275.021,42.142,65138.482,3574.151,131.122,11369.930,1490.852
1530.000,DE,275.021,42.142,65220.738,3564.364,131.122,11113.289,1457.200
1531.000,DE,275.021,42.142,65303.079,3554.577,131.122,10924.458,1432.440
1532.000,DE,275.021,42.142,65385.504,3544.789,131.122,10681.898,1400.635
1533.000,DE,275.021,42.142,65468.012,3535.002,131.122,10266.728,1346.197
1534.000,DE,275.021,42.142,65550.606,3525.215,131.122,9902.002,1298.373
1535.000,DE,275.021,42.142,65633.283,3515.428,131.122,9530.301,1249.635
1536.000,DE,275.021,42.142,65716.045,3505.640,131.122,9129.841,1197.126
1537.000,DE,275.021,42.142,65798.892,3495.853,131.122,8754.366,1147.893
1538.000,DE,275.021,42.142,65881.823,3486.066,131.122,8362.417,1096.499
1539.000,DE,275.021,42.142,65964.838,3476.279,131.122,8110.274,1063.438
1540.000,DE,275.021,42.142,66047.939,3466.492,131.122,7892.168,1034.839
1541.000,DE,275.021,42.142,66131.124,3456.704,131.122,7785.336,1020.831
1542.000,DE,275.021,42.142,66214.394,3446.917,131.122,7798.563,1022.566
1543.000,DE,275.021,42.142,66297.749,3437.130,131.122,7857.661,1030.315
1544.000,DE,275.021,42.142,66381.188,3427.343,131.122,7983.491,1046.814
1545.000,DE,275.021,42.142,66464.713,3417.556,131.122,8170.116,1071.285
1546.000,DE,275.021,42.142,66548.323,3407.768,131.122,8408.400,1102.529
1547.000,DE,275.021,42.142,66632.018,3397.981,131.122,8692.077,1139.725
1548.000,DE,275.021,42.142,66715.798,3388.194,131.122,9050.351,1186.703
1549.000,DE,275.021,42.142,66799.664,3378.407,131.122,9485.019,1243.698
1550.000,DE,275.021,42.142,66883.614,3368.620,131.122,9887.622,1296.488
1551.000,DE,275.021,42.142,66967.651,3358.832,131.122,10231.303,1341.552
1552.000,DE,275.021,42.142,67051.772,3349.045,131.122,10672.381,1399.387
1553.000,DE,275.021,42.142,67135.980,3339.258,131.122,10963.381,1437.544
1554.000,DE,275.021,42.142,67220.272,3329.471,131.122,11288.457,1480.169
1555.000,DE,275.021,42.142,67304.651,3319.683,131.122,11611.190,1522.486
1556.000,DE,275.021,42.142,67389.115,3309.896,131.122,11933.407,1564.736
1557.000,DE,275.021,42.142,67473.665,3300.109,131.122,12163.273,1594.876
1558.000,DE,275.021,42.142,67558.301,3290.322,131.122,12448.237,1632.242
1559.000,DE,275.021,42.142,67643.023,3280.535,131.122,12651.947,1658.953
1560.000,DE,275.021,42.142,67727.831,3270.747,131.122,12835.621,1683.036
1561.000,DE,275.021,42.142,67812.725,3260.960,131.122,13043.653,1710.314
1562.000,DE,275.021,42.142,67897.705,3251.173,131.122,13231.276,1734.915
1563.000,DE,275.021,42.142,67982.772,3241.386,131.122,13324.326,1747.116
1564.000,DE,275.021,42.142,68067.924,3231.599,131.122,13428.343,1760.755
1565.000,DE,275.021,42.142,68153.163,3221.811,131.122,13395.508,1756.450
1566.000,DE,275.021,42.142,68238.489,3212.024,131.122,13300.071,1743.936
1567.000,DE,275.021,42.142,68323.900,3202.237,131.122,13135.251,1722.324
1568.000,DE,275.021,42.142,68409.399,3192.450,131.122,12934.489,1696.000
1569.000,DE,275.021,42.142,68494.984,3182.662,131.122,12752.861,1672.185
1570.000,DE,275.021,42.142,68580.656,3172.875,131.122,12422.893,1628.918
1571.000,DE,275.021,42.142,68666.414,3163.088,131.122,12105.886,1587.352
1572.000,DE,275.021,42.142,68752.259,3153.301,131.122,11843.290,1552.920
1573.000,DE,275.021,42.142,68838.192,3143.514,131.122,11539.066,1513.029
1574.000,DE,275.021,42.142,68924.211,3133.726,131.122,11161.858,1463.569
1575.000,DE,275.021,42.142,69010.317,3123.939,131.122,10872.253,1425.595
1576.000,DE,275.021,42.142,69096.510,3114.152,131.122,10613.616,1391.682
1577.000,DE,275.021,42.142,69182.790,3104.365,131.122,10387.430,1362.024
1578.000,DE,275.021,42.142,69269.158,3094.578,131.122,10134.726,1328.889
1579.000,DE,275.021,42.142,69355.613,3084.790,131.122,9995.397,1310.620
1580.000,DE,275.021,42.142,69442.155,3075.003,131.122,9835.044,1289.594
1581.000,DE,275.021,42.142,69528.785,3065.216,131.122,9693.695,1271.060
1582.000,DE,275.021,42.142,69615.502,3055.429,131.122,9624.515,1261.989
1583.000,DE,275.021,42.142,69702.306,3045.642,131.122,9474.435,1242.310
1584.000,DE,275.021,42.142,69789.199,3035.854,131.122,9551.144,1252.368
1585.000,DE,275.021,42.142,69876.179,3026.067,131.122,9562.037,1253.796
1586.000,DE,275.021,42.142,69963.246,3016.280,131.122,9671.189,1268.109
1587.000,DE,275.021,42.142,70050.402,3006.493,131.122,9865.217,1293.550
1588.000,DE,275.021,42.142,70137.646,2996.705,131.122,10096.945,1323.935
1589.000,DE,275.021,42.142,70224.977,2986.918,131.122,10376.984,1360.654
1590.000,DE,275.021,42.142,70312.396,2977.131,131.122,10594.359,1389.157
1591.000,DE,275.021,42.142,70399.904,2967.344,131.122,10925.663,1432.598
1592.000,DE,275.021,42.142,70487.500,2957.557,131.122,11319.544,1484.245
1593.000,DE,275.021,42.142,70575.184,2947.769,131.122,11648.853,1527.425
1594.000,DE,275.021,42.142,70662.956,2937.982,131.122,11996.228,1572.973
1595.000,DE,275.021,42.142,70750.817,2928.195,131.122,12238.039,1604.680
1596.000,DE,275.021,42.142,70838.766,2918.408,131.122,12518.790,1641.493
1597.000,DE,275.021,42.142,70926.803,2908.621,131.122,12843.228,1684.034
1598.000,DE,275.021,42.142,71014.929,2898.833,131.122,13249.336,1737.283
1599.000,DE,275.021,42.142,71103.144,2889.046,131.122,13523.670,1773.255
1600.000,DE,275.021,42.142,71191.448,2879.259,131.122,13762.553,1804.578
1601.000,DE,275.021,42.142,71279.840,2869.472,131.122,13919.580,1825.168
1602.000,DE,275.021,42.142,71368.321,2859.685,131.122,14189.066,1860.503
1603.000,DE,275.021,42.142,71456.891,2849.897,131.122,14401.295,1888.331
1604.000,DE,275.021,42.142,71545.550,2840.110,131.122,14556.845,1908.727
1605.000,DE,275.021,42.142,71634.298,2830.323,131.122,14695.199,1926.868
1606.000,DE,275.021,42.142,71723.136,2820.536,131.122,14850.947,1947.291
1607.000,DE,275.021,42.142,71812.062,2810.748,131.122,14992.402,1965.838
1608.000,DE,275.021,42.142,71901.078,2800.961,131.122,14994.985,1966.177
1609.000,DE,275.021,42.142,71990.183,2791.174,131.122,14850.996,1947.297
1610.000,DE,275.021,42.142,72079.377,2781.387,131.122,14682.825,1925.246
1611.000,DE,275.021,42.142,72168.661,2771.600,131.122,14522.699,1904.250
1612.000,DE,275.021,42.142,72258.034,2761.812,131.122,14359.445,1882.844
1613.000,DE,275.021,42.142,72347.497,2752.025,131.122,14177.167,1858.943
1614.000,DE,275.021,42.142,72437.050,2742.238,131.122,14097.972,1848.559
1615.000,DE,275.021,42.142,72526.692,2732.451,131.122,13886.769,1820.865
1616.000,DE,275.021,42.142,72529.834,2732.108,131.109,13688.200,1794.640
1617.000,DE,275.021,42.142,72539.047,2731.103,131.068,13525.792,1772.800
1618.000,DE,275.021,42.142,72554.015,2729.470,131.002,13437.285,1760.317
1619.000,DE,275.021,42.142,72574.419,2727.244,130.913,13500.938,1767.448
1620.000,DE,275.021,42.142,72599.943,2724.460,130.801,13658.690,1786.571
1621.000,DE,275.021,42.142,72630.274,2721.154,130.668,13886.957,1814.583
1622.000,DE,275.021,42.142,72665.094,2717.359,130.516,14059.988,1835.048
1623.000,DE,275.021,42.142,72704.090,2713.111,130.345,14261.854,1858.959
1624.000,DE,275.021,42.142,72746.946,2708.445,130.157,14431.503,1878.364
1625.000,DE,275.021,42.142,72793.347,2703.395,129.954,14768.954,1919.288
1626.000,DE,275.021,42.142,72842.979,2697.996,129.737,15090.399,1957.786
1627.000,DE,275.021,42.142,72895.526,2692.284,129.508,15386.946,1992.725
1628.000,DE,275.021,42.142,72950.671,2686.293,129.267,15672.033,2025.871
1629.000,DE,275.021,42.142,73008.099,2680.057,129.016,15945.782,2057.261
1630.000,DE,275.021,42.142,73067.492,2673.613,128.757,16172.972,2082.381
1631.000,DE,275.021,42.142,73128.533,2666.994,128.491,16455.090,2114.328
1632.000,DE,275.021,42.142,73190.902,2660.236,128.219,16719.546,2143.765
1633.000,DE,275.021,42.142,73254.280,2653.373,127.943,16924.466,2165.370
1634.000,DE,275.021,42.142,73318.348,2646.440,127.664,17142.689,2188.512
1635.000,LVL,281.178,45.086,73382.784,2639.472,127.384,13911.583,1772.118
1636.000,LVL,281.178,45.086,73447.265,2632.505,127.104,13652.524,1735.294
1637.000,LVL,281.178,45.086,73511.469,2625.572,126.826,13553.843,1718.973
1638.000,LVL,281.178,45.086,73575.073,2618.709,126.550,13602.812,1721.431
1639.000,LVL,281.178,45.086,73637.750,2611.951,126.278,13711.625,1731.475
1640.000,LVL,281.178,45.086,73699.176,2605.332,126.012,13503.557,1701.608
1641.000,LVL,281.178,45.086,73759.024,2598.887,125.753,13660.465,1717.841
1642.000,LVL,281.178,45.086,73816.966,2592.652,125.502,13627.761,1710.312
1643.000,LVL,281.178,45.086,73872.675,2586.661,125.261,13369.516,1674.682
1644.000,LVL,281.178,45.086,73925.823,2580.948,125.032,13645.712,1706.144
1645.000,LVL,281.178,45.086,73976.079,2575.550,124.815,13892.891,1734.034
1646.000,LVL,281.178,45.086,74023.114,2570.500,124.611,14140.081,1762.017
1647.000,LVL,281.178,45.086,74066.599,2565.833,124.424,14146.438,1760.155
1648.000,LVL,281.178,45.086,74106.202,2561.585,124.253,14263.482,1772.282
1649.000,LVL,281.178,45.086,74141.595,2557.791,124.101,14663.949,1819.804
1650.000,LVL,281.178,45.086,74172.445,2554.484,123.968,15048.359,1865.509
1651.000,LVL,281.178,45.086,74198.424,2551.701,123.856,15253.827,1889.274
1652.000,LVL,281.178,45.086,74219.202,2549.475,123.766,15424.699,1909.057
1653.000,LVL,281.178,45.086,74234.449,2547.842,123.701,15441.707,1910.148
1654.000,LVL,281.178,45.086,74243.837,2546.837,123.660,15313.396,1893.657
1655.000,LVL,281.178,45.086,74247.039,2546.494,123.646,15554.392,1923.245
1656.000,LVL,281.178,45.086,74247.039,2546.494,123.646,16022.258,1981.094
1657.000,LVL,281.178,45.086,74247.039,2546.494,123.646,16012.107,1979.839
1658.000,LVL,281.178,45.086,74247.039,2546.494,123.646,16352.683,2021.950
1659.000,LVL,281.178,45.086,74247.039,2546.494,123.646,16523.816,2043.110
1660.000,LVL,281.178,45.086,74247.039,2546.494,123.646,16908.244,2090.643
1661.000,LVL,281.178,45.086,74247.039,2546.494,123.646,17085.303,2112.536
1662.000,LVL,281.178,45.086,74247.039,2546.494,123.646,17306.069,2139.833
1663.000,LVL,281.178,45.086,74247.039,2546.494,123.646,17561.976,2171.475
1664.000,LVL,281.178,45.086,74247.039,2546.494,123.646,17817.299,2203.045
1665.000,LVL,281.178,45.086,74247.039,2546.494,123.646,17985.180,2223.803
1666.000,LVL,281.178,45.086,74247.039,2546.494,123.646,18394.163,2274.372
1667.000,LVL,281.178,45.086,74247.039,2546.494,123.646,18879.324,2334.360
1668.000,LVL,281.178,45.086,74247.039,2546.494,123.646,19060.384,2356.748
1669.000,LVL,281.178,45.086,74247.039,2546.494,123.646,19149.012,2367.706
1670.000,LVL,281.178,45.086,74247.039,2546.494,123.646,19417.267,2400.875
1671.000,LVL,281.178,45.086,74247.039,2546.494,123.646,19813.431,2449.859
1672.000,LVL,281.178,45.086,74247.039,2546.494,123.646,19747.772,2441.741
1673.000,LVL,281.178,45.086,74247.039,2546.494,123.646,19916.802,2462.641
1674.000,LVL,281.178,45.086,74247.039,2546.494,123.646,20086.540,2483.628
1675.000,LVL,281.178,45.086,74247.039,2546.494,123.646,20223.291,2500.537
1676.000,LVL,281.178,45.086,74247.039,2546.494,123.646,20260.760,2505.170
1677.000,LVL,281.178,45.086,74247.039,2546.494,123.646,20287.618,2508.491
1678.000,LVL,281.178,45.086,74247.039,2546.494,123.646,20255.493,2504.519
1679.000,LVL,281.178,45.086,74247.039,2546.494,123.646,19935.481,2464.950
1680.000,LVL,281.178,45.086,74247.039,2546.494,123.646,19718.234,2438.089
1681.000,LVL,281.178,45.086,74247.039,2546.494,123.646,19511.041,2412.470
1682.000,LVL,281.178,45.086,74247.039,2546.494,123.646,19102.848,2361.998
1683.000,LVL,281.178,45.086,74247.039,2546.494,123.646,19036.851,2353.838
1684.000,LVL,281.178,45.086,74247.039,2546.494,123.646,18658.976,2307.115
1685.000,LVL,281.178,45.086,74247.039,2546.494,123.646,18217.816,2252.567
1686.000,LVL,281.178,45.086,74247.039,2546.494,123.646,17925.400,2216.411
1687.000,LVL,281.178,45.086,74247.039,2546.494,123.646,17622.428,2178.950
1688.000,LVL,281.178,45.086,74247.039,2546.494,123.646,17368.437,2147.545
1689.000,LVL,281.178,45.086,74247.039,2546.494,123.646,16991.013,2100.878
1690.000,LVL,281.178,45.086,74247.039,2546.494,123.646,16733.941,2069.091
1691.000,LVL,281.178,45.086,74247.039,2546.494,123.646,16467.191,2036.109
1692.000,LVL,281.178,45.086,74247.039,2546.494,123.646,16225.714,2006.251
1693.000,LVL,281.178,45.086,74247.039,2546.494,123.646,15740.113,1946.208
1694.000,LVL,281.178,45.086,74247.039,2546.494,123.646,15542.743,1921.804
1695.000,LVL,281.178,45.086,74247.039,2546.494,123.646,15204.768,1880.015
1696.000,LVL,281.178,45.086,74247.039,2546.494,123.646,14930.900,1846.152
1697.000,LVL,281.178,45.086,74247.039,2546.494,123.646,14687.417,1816.046
1698.000,LVL,281.178,45.086,74247.039,2546.494,123.646,14393.917,1779.756
1699.000,LVL,281.178,45.086,74247.039,2546.494,123.646,13953.354,1725.282
1700.000,LVL,281.178,45.086,74247.039,2546.494,123.646,13820.372,1708.839
1701.000,LVL,281.178,45.086,74247.039,2546.494,123.646,13689.925,1692.710
1702.000,LVL,281.178,45.086,74247.039,2546.494,123.646,13523.098,1672.082
1703.000,LVL,281.178,45.086,74247.039,2546.494,123.646,13358.806,1651.768
1704.000,LVL,281.178,45.086,74247.039,2546.494,123.646,13347.867,1650.416
1705.000,LVL,281.178,45.086,74247.039,2546.494,123.646,13565.391,1677.312
1706.000,LVL,281.178,45.086,74247.039,2546.494,123.646,13652.200,1688.045
1707.000,LVL,281.178,45.086,74247.039,2546.494,123.646,13911.838,1720.149
1708.000,LVL,281.178,45.086,74247.039,2546.494,123.646,13882.305,1716.497
1709.000,LVL,281.178,45.086,74247.039,2546.494,123.646,14087.108,1741.820
1710.000,LVL,281.178,45.086,74247.039,2546.494,123.646,14275.347,1765.095
1711.000,LVL,281.178,45.086,74247.039,2546.494,123.646,14556.054,1799.804
1712.000,LVL,281.178,45.086,74247.039,2546.494,123.646,14767.756,1825.980
1713.000,LVL,281.178,45.086,74247.039,2546.494,123.646,15013.254,1856.335
1714.000,LVL,281.178,45.086,74247.039,2546.494,123.646,15334.096,1896.006
1715.000,LVL,281.178,45.086,74247.039,2546.494,123.646,15375.334,1901.105
1716.000,LVL,281.178,45.086,74247.039,2546.494,123.646,15358.477,1899.020
1717.000,LVL,281.178,45.086,74247.039,2546.494,123.646,15622.881,1931.713
1718.000,LVL,281.178,45.086,74247.039,2546.494,123.646,16051.389,1984.696
1719.000,LVL,281.178,45.086,74247.039,2546.494,123.646,16178.317,2000.391
1720.000,LVL,281.178,45.086,74247.039,2546.494,123.646,16428.453,2031.319
1721.000,LVL,281.178,45.086,74247.039,2546.494,123.646,16344.765,2020.971
1722.000,LVL,281.178,45.086,74247.039,2546.494,123.646,16509.975,2041.399
1723.000,LVL,281.178,45.086,74247.039,2546.494,123.646,16735.077,2069.232
1724.000,LVL,281.178,45.086,74247.039,2546.494,123.646,17078.313,2111.672
1725.000,LVL,281.178,45.086,74247.039,2546.494,123.646,17311.364,2140.488
1726.000,LVL,281.178,45.086,74247.039,2546.494,123.646,17653.406,2182.780
1727.000,LVL,281.178,45.086,74247.039,2546.494,123.646,17713.196,2190.173
1728.000,LVL,281.178,45.086,74247.039,2546.494,123.646,17986.198,2223.929
1729.000,LVL,281.178,45.086,74247.039,2546.494,123.646,18022.461,2228.412
1730.000,LVL,281.178,45.086,74247.039,2546.494,123.646,17839.594,2205.801
1731.000,LVL,281.178,45.086,74247.039,2546.494,123.646,17833.066,2204.994
1732.000,LVL,281.178,45.086,74247.039,2546.494,123.646,17719.224,2190.918
1733.000,LVL,281.178,45.086,74247.039,2546.494,123.646,17576.014,2173.211
1734.000,LVL,281.178,45.086,74247.039,2546.494,123.646,17332.047,2143.045
1735.000,LVL,281.178,45.086,74247.039,2546.494,123.646,17095.593,2113.808
1736.000,LVL,281.178,45.086,74247.039,2546.494,123.646,16739.619,2069.794
1737.000,LVL,281.178,45.086,74247.039,2546.494,123.646,16598.100,2052.295
1738.000,LVL,281.178,45.086,74247.039,2546.494,123.646,16606.341,2053.314
1739.000,LVL,281.178,45.086,74247.039,2546.494,123.646,16669.550,2061.130
1740.000,LVL,281.178,45.086,74247.039,2546.494,123.646,16384.465,2025.880
1741.000,LVL,281.178,45.086,74247.039,2546.494,123.646,16310.448,2016.728
1742.000,LVL,281.178,45.086,74247.039,2546.494,123.646,16209.121,2004.199
1743.000,LVL,281.178,45.086,74247.039,2546.494,123.646,16292.533,2014.513
1744.000,LVL,281.178,45.086,74247.039,2546.494,123.646,16640.468,2057.534
1745.000,LVL,281.178,45.086,74247.039,2546.494,123.646,17002.549,2102.304
1746.000,LVL,281.178,45.086,74247.039,2546.494,123.646,17719.818,2190.992
1747.000,LVL,281.178,45.086,74247.039,2546.494,123.646,18327.721,2266.157
1748.000,LVL,281.178,45.086,74247.039,2546.494,123.646,18795.885,2324.043
1749.000,LVL,281.178,45.086,74247.039,2546.494,123.646,19197.024,2373.643
1750.000,LVL,281.178,45.086,74247.039,2546.494,123.646,19900.152,2460.582
1751.000,LVL,281.178,45.086,74247.039,2546.494,123.646,20774.800,2568.729
1752.000,LVL,281.178,45.086,74247.039,2546.494,123.646,21159.970,2616.354
1753.000,LVL,281.178,45.086,74247.039,2546.494,123.646,21455.870,2652.941
1754.000,LVL,281.178,45.086,74247.039,2546.494,123.646,21749.954,2689.303
1755.000,LVL,281.178,45.086,74247.039,2546.494,123.646,22020.584,2722.766
1756.000,LVL,281.178,45.086,74247.039,2546.494,123.646,22418.502,2771.967
1757.000,LVL,281.178,45.086,74247.039,2546.494,123.646,22819.991,2821.610
1758.000,LVL,281.178,45.086,74247.039,2546.494,123.646,22922.414,2834.274
1759.000,LVL,281.178,45.086,74247.039,2546.494,123.646,22920.348,2834.018
1760.000,LVL,281.178,45.086,74247.039,2546.494,123.646,22958.556,2838.743
1761.000,LVL,281.178,45.086,74247.039,2546.494,123.646,22890.396,2830.315
1762.000,LVL,281.178,45.086,74247.039,2546.494,123.646,22689.587,2805.486
1763.000,LVL,281.178,45.086,74247.039,2546.494,123.646,22898.512,2831.318
1764.000,LVL,281.178,45.086,74247.039,2546.494,123.646,22537.066,2786.627
1765.000,LVL,281.178,45.086,74247.039,2546.494,123.646,22364.455,2765.284
1766.000,LVL,281.178,45.086,74247.039,2546.494,123.646,22013.160,2721.848
1767.000,LVL,281.178,45.086,74247.039,2546.494,123.646,21503.262,2658.801
1768.000,LVL,281.178,45.086,74247.039,2546.494,123.646,21062.640,2604.320
1769.000,LVL,281.178,45.086,74247.039,2546.494,123.646,20924.586,2587.250
1770.000,LVL,281.178,45.086,74247.039,2546.494,123.646,20799.631,2571.799
1771.000,LVL,281.178,45.086,74247.039,2546.494,123.646,20588.332,2545.673
1772.000,LVL,281.178,45.086,74247.039,2546.494,123.646,20363.240,2517.841
1773.000,LVL,281.178,45.086,74247.039,2546.494,123.646,20244.027,2503.101
1774.000,LVL,281.178,45.086,74247.039,2546.494,123.646,20223.570,2500.571
1775.000,LVL,281.178,45.086,74247.039,2546.494,123.646,19699.951,2435.828
1776.000,LVL,281.178,45.086,74247.039,2546.494,123.646,19286.251,2384.675
1777.000,LVL,281.178,45.086,74247.039,2546.494,123.646,18968.220,2345.352
1778.000,LVL,281.178,45.086,74247.039,2546.494,123.646,18470.495,2283.810
1779.000,LVL,281.178,45.086,74247.039,2546.494,123.646,18234.716,2254.657
1780.000,LVL,281.178,45.086,74247.039,2546.494,123.646,17710.402,2189.827
1781.000,LVL,281.178,45.086,74247.039,2546.494,123.646,17667.786,2184.558
1782.000,LVL,281.178,45.086,74247.039,2546.494,123.646,17238.095,2131.428
1783.000,LVL,281.178,45.086,74247.039,2546.494,123.646,16948.046,2095.565
1784.000,LVL,281.178,45.086,74247.039,2546.494,123.646,16674.150,2061.699
1785.000,LVL,281.178,45.086,74247.039,2546.494,123.646,16320.310,2017.948
1786.000,LVL,281.178,45.086,74247.039,2546.494,123.646,16326.441,2018.706
1787.000,LVL,281.178,45.086,74247.039,2546.494,123.646,16746.719,2070.671
1788.000,LVL,281.178,45.086,74247.039,2546.494,123.646,16831.484,2081.152
1789.000,LVL,281.178,45.086,74247.039,2546.494,123.646,16879.707,2087.115
1790.000,LVL,281.178,45.086,74247.039,2546.494,123.646,17265.345,2134.798
1791.000,LVL,281.178,45.086,74247.039,2546.494,123.646,17379.967,2148.970
1792.000,LVL,281.178,45.086,74247.039,2546.494,123.646,17636.630,2180.706
1793.000,LVL,281.178,45.086,74247.039,2546.494,123.646,17880.787,2210.895
1794.000,LVL,281.178,45.086,74247.039,2546.494,123.646,18241.421,2255.486
1795.000,LVL,281.178,45.086,74247.039,2546.494,123.646,18674.231,2309.001
1796.000,LVL,281.178,45.086,74247.039,2546.494,123.646,18637.894,2304.508
1797.000,LVL,281.178,45.086,74247.039,2546.494,123.646,18757.880,2319.344
1798.000,LVL,281.178,45.086,74247.039,2546.494,123.646,19001.566,2349.475
1799.000,LVL,281.178,45.086,74247.039,2546.494,123.646,19217.006,2376.114
1800.000,LVL,281.178,45.086,74247.039,2546.494,123.646,19308.406,2387.415
1801.000,LVL,281.178,45.086,74247.039,2546.494,123.646,19447.812,2404.652
1802.000,LVL,281.178,45.086,74247.039,2546.494,123.646,19379.222,2396.171
1803.000,LVL,281.178,45.086,74247.039,2546.494,123.646,19414.439,2400.525
1804.000,LVL,281.178,45.086,74247.039,2546.494,123.646,19675.142,2432.760
1805.000,LVL,281.178,45.086,74247.039,2546.494,123.646,19476.334,2408.178
1806.000,LVL,281.178,45.086,74247.039,2546.494,123.646,18925.048,2340.014
1807.000,LVL,281.178,45.086,74247.039,2546.494,123.646,18631.164,2303.676
1808.000,LVL,281.178,45.086,74247.039,2546.494,123.646,18164.667,2245.996
1809.000,LVL,281.178,45.086,74247.039,2546.494,123.646,18101.262,2238.156
1810.000,LVL,281.178,45.086,74247.039,2546.494,123.646,18034.745,2229.931
1811.000,LVL,281.178,45.086,74247.039,2546.494,123.646,18026.653,2228.931
1812.000,LVL,281.178,45.086,74247.039,2546.494,123.646,18182.676,2248.222
1813.000,LVL,281.178,45.086,74247.039,2546.494,123.646,18350.499,2268.973
1814.000,LVL,281.178,45.086,74247.039,2546.494,123.646,18860.784,2332.068
1815.000,LVL,281.178,45.086,74247.039,2546.494,123.646,19317.569,2388.548
1816.000,LVL,281.178,45.086,74247.039,2546.494,123.646,19783.032,2446.101
1817.000,LVL,281.178,45.086,74247.039,2546.494,123.646,20171.295,2494.108
1818.000,LVL,281.178,45.086,74247.039,2546.494,123.646,20740.144,2564.444
1819.000,LVL,281.178,45.086,74247.039,2546.494,123.646,21122.070,2611.668
1820.000,LVL,281.178,45.086,74247.039,2546.494,123.646,21530.449,2662.162
1821.000,LVL,281.178,45.086,74247.039,2546.494,123.646,21808.597,2696.554
1822.000,LVL,281.178,45.086,74247.039,2546.494,123.646,21652.014,2677.194
1823.000,LVL,281.178,45.086,74247.039,2546.494,123.646,21646.984,2676.572
1824.000,LVL,281.178,45.086,74247.039,2546.494,123.646,21594.760,2670.114
1825.000,LVL,281.178,45.086,74247.039,2546.494,123.646,21314.824,2635.501
1826.000,LVL,281.178,45.086,74247.039,2546.494,123.646,21000.728,2596.664
1827.000,LVL,281.178,45.086,74247.039,2546.494,123.646,20921.183,2586.829
1828.000,LVL,281.178,45.086,74247.039,2546.494,123.646,20285.384,2508.215
1829.000,LVL,281.178,45.086,74247.039,2546.494,123.646,19758.820,2443.107
1830.000,LVL,281.178,45.086,74247.039,2546.494,123.646,19439.987,2403.684
1831.000,LVL,281.178,45.086,74247.039,2546.494,123.646,18829.160,2328.158
1832.000,LVL,281.178,45.086,74247.039,2546.494,123.646,18172.105,2246.915
1833.000,LVL,281.178,45.086,74247.039,2546.494,123.646,17751.436,2194.901
1834.000,LVL,281.178,45.086,74247.039,2546.494,123.646,16753.082,2071.458
1835.000,LVL,281.178,45.086,74247.039,2546.494,123.646,16071.142,1987.139
1836.000,LVL,281.178,45.086,74247.039,2546.494,123.646,15429.595,1907.814
1837.000,LVL,281.178,45.086,74247.039,2546.494,123.646,14821.364,1832.608
1838.000,LVL,281.178,45.086,74247.039,2546.494,123.646,14061.091,1738.603
1839.000,LVL,281.178,45.086,74247.039,2546.494,123.646,13440.852,1661.913
1840.000,LVL,281.178,45.086,74247.039,2546.494,123.646,13223.184,1634.999
1841.000,LVL,281.178,45.086,74247.039,2546.494,123.646,13104.157,1620.282
1842.000,LVL,281.178,45.086,74247.039,2546.494,123.646,12969.559,1603.639
1843.000,LVL,281.178,45.086,74247.039,2546.494,123.646,12984.234,1605.454
1844.000,LVL,281.178,45.086,74247.039,2546.494,123.646,12748.782,1576.341
1845.000,LVL,281.178,45.086,74247.039,2546.494,123.646,12761.710,1577.939
1846.000,LVL,281.178,45.086,74247.039,2546.494,123.646,12795.613,1582.131
1847.000,LVL,281.178,45.086,74247.039,2546.494,123.646,12897.681,1594.752
1848.000,LVL,281.178,45.086,74247.039,2546.494,123.646,13187.629,1630.603
1849.000,LVL,281.178,45.086,74247.039,2546.494,123.646,13628.554,1685.122
1850.000,LVL,281.178,45.086,74247.039,2546.494,123.646,14049.189,1737.132
1851.000,LVL,281.178,45.086,74247.039,2546.494,123.646,14551.281,1799.213
1852.000,LVL,281.178,45.086,74247.039,2546.494,123.646,14921.151,1844.946
1853.000,LVL,281.178,45.086,74247.039,2546.494,123.646,15139.921,1871.997
1854.000,LVL,281.178,45.086,74247.039,2546.494,123.646,15448.856,1910.195
1855.000,LVL,281.178,45.086,74247.039,2546.494,123.646,15674.630,1938.111
1856.000,LVL,281.178,45.086,74247.039,2546.494,123.646,15631.081,1932.727
1857.000,LVL,281.178,45.086,74247.039,2546.494,123.646,15715.040,1943.108
1858.000,LVL,281.178,45.086,74247.039,2546.494,123.646,15992.896,1977.464
1859.000,LVL,281.178,45.086,74247.039,2546.494,123.646,16046.592,1984.103
1860.000,LVL,281.178,45.086,74247.039,2546.494,123.646,15955.007,1972.779
1861.000,LVL,281.178,45.086,74247.039,2546.494,123.646,15988.451,1976.914
1862.000,LVL,281.178,45.086,74247.039,2546.494,123.646,16291.814,2014.424
1863.000,LVL,281.178,45.086,74247.039,2546.494,123.646,16151.234,1997.042
1864.000,LVL,281.178,45.086,74247.039,2546.494,123.646,16275.403,2012.395
1865.000,LVL,281.178,45.086,74247.039,2546.494,123.646,16474.522,2037.015
1866.000,LVL,281.178,45.086,74247.039,2546.494,123.646,16632.467,2056.545
1867.000,LVL,281.178,45.086,74247.039,2546.494,123.646,16812.257,2078.775
1868.000,LVL,281.178,45.086,74247.039,2546.494,123.646,17079.246,2111.787
1869.000,LVL,281.178,45.086,74247.039,2546.494,123.646,17278.722,2136.452
1870.000,LVL,281.178,45.086,74247.039,2546.494,123.646,17466.837,2159.711
1871.000,LVL,281.178,45.086,74247.039,2546.494,123.646,17899.855,2213.253
1872.000,LVL,281.178,45.086,74247.039,2546.494,123.646,17976.788,2222.765
1873.000,LVL,281.178,45.086,74247.039,2546.494,123.646,18283.878,2260.736
1874.000,LVL,281.178,45.086,74247.039,2546.494,123.646,18447.134,2280.922
1875.000,LVL,281.178,45.086,74247.039,2546.494,123.646,18667.835,2308.210
1876.000,LVL,281.178,45.086,74247.039,2546.494,123.646,19106.990,2362.510
1877.000,LVL,281.178,45.086,74247.039,2546.494,123.646,19348.452,2392.366
1878.000,LVL,281.178,45.086,74247.039,2546.494,123.646,19587.632,2421.940
1879.000,LVL,281.178,45.086,74247.039,2546.494,123.646,19743.062,2441.158
1880.000,LVL,281.178,45.086,74247.039,2546.494,123.646,19888.869,2459.187
1881.000,LVL,281.178,45.086,74247.039,2546.494,123.646,19958.071,2467.744
1882.000,LVL,281.178,45.086,74247.039,2546.494,123.646,20246.129,2503.361
1883.000,LVL,281.178,45.086,74247.039,2546.494,123.646,20373.172,2519.069
1884.000,LVL,281.178,45.086,74247.039,2546.494,123.646,20425.969,2525.597
1885.000,LVL,281.178,45.086,74247.039,2546.494,123.646,20313.575,2511.700
1886.000,LVL,281.178,45.086,74247.039,2546.494,123.646,20302.792,2510.367
1887.000,LVL,281.178,45.086,74247.039,2546.494,123.646,20452.656,2528.897
1888.000,LVL,281.178,45.086,74247.039,2546.494,123.646,20100.384,2485.340
1889.000,LVL,281.178,45.086,74247.039,2546.494,123.646,20202.947,2498.022
1890.000,LVL,281.178,45.086,74247.039,2546.494,123.646,20338.680,2514.805
1891.000,LVL,281.178,45.086,74247.039,2546.494,123.646,20140.825,2490.340
1892.000,LVL,281.178,45.086,74247.039,2546.494,123.646,20117.850,2487.500
1893.000,LVL,281.178,45.086,74247.039,2546.494,123.646,19965.925,2468.715
1894.000,LVL,281.178,45.086,74247.039,2546.494,123.646,19865.981,2456.357
1895.000,LVL,281.178,45.086,74247.039,2546.494,123.646,19674.274,2432.653
1896.000,LVL,281.178,45.086,74247.039,2546.494,123.646,19774.133,2445.000
1897.000,LVL,281.178,45.086,74247.039,2546.494,123.646,19946.172,2466.272
1898.000,LVL,281.178,45.086,74247.039,2546.494,123.646,19833.645,2452.359
1899.000,LVL,281.178,45.086,74247.039,2546.494,123.646,19812.813,2449.783
1900.000,LVL,281.178,45.086,74247.039,2546.494,123.646,19862.322,2455.905
1901.000,LVL,281.178,45.086,74247.039,2546.494,123.646,19991.256,2471.847
1902.000,LVL,281.178,45.086,74247.039,2546.494,123.646,20054.065,2479.613
1903.000,LVL,281.178,45.086,74247.039,2546.494,123.646,19921.669,2463.243
1904.000,LVL,281.178,45.086,74247.039,2546.494,123.646,19838.647,2452.977
1905.000,LVL,281.178,45.086,74247.039,2546.494,123.646,19790.026,2446.965
1906.000,LVL,281.178,45.086,74247.039,2546.494,123.646,19774.762,2445.078
1907.000,LVL,281.178,45.086,74247.039,2546.494,123.646,19681.870,2433.592
1908.000,LVL,281.178,45.086,74247.039,2546.494,123.646,19303.445,2386.801
1909.000,LVL,281.178,45.086,74247.039,2546.494,123.646,19106.933,2362.503
1910.000,LVL,281.178,45.086,74247.039,2546.494,123.646,18833.390,2328.681
1911.000,LVL,281.178,45.086,74247.039,2546.494,123.646,18556.287,2294.418
1912.000,LVL,281.178,45.086,74247.039,2546.494,123.646,18447.262,2280.937
1913.000,LVL,281.178,45.086,74247.039,2546.494,123.646,18263.669,2258.237
1914.000,LVL,281.178,45.086,74247.039,2546.494,123.646,18223.012,2253.210
1915.000,LVL,281.178,45.086,74247.039,2546.494,123.646,18294.372,2262.033
1916.000,LVL,281.178,45.086,74247.039,2546.494,123.646,18231.562,2254.267
1917.000,LVL,281.178,45.086,74247.039,2546.494,123.646,18265.147,2258.420
1918.000,LVL,281.178,45.086,74247.039,2546.494,123.646,18184.168,2248.407
1919.000,LVL,281.178,45.086,74247.039,2546.494,123.646,18243.881,2255.790
1920.000,LVL,281.178,45.086,74247.039,2546.494,123.646,18555.480,2294.318
1921.000,LVL,281.178,45.086,74247.039,2546.494,123.646,18419.754,2277.536
1922.000,LVL,281.178,45.086,74247.039,2546.494,123.646,18247.396,2256.225
1923.000,LVL,281.178,45.086,74247.039,2546.494,123.646,18398.722,2274.936
1924.000,LVL,281.178,45.086,74247.039,2546.494,123.646,18578.891,2297.213
1925.000,LVL,281.178,45.086,74247.039,2546.494,123.646,18740.745,2317.226
1926.000,LVL,281.178,45.086,74250.412,2546.133,123.660,18827.670,2328.233
1927.000,LVL,281.178,45.086,74260.304,2545.074,123.701,18881.765,2335.686
1928.000,LVL,281.178,45.086,74276.372,2543.354,123.766,18715.379,2316.332
1929.000,LVL,281.178,45.086,74298.278,2541.009,123.856,18750.638,2322.374
1930.000,LVL,281.178,45.086,74325.681,2538.077,123.968,18506.910,2294.258
1931.000,LVL,281.178,45.086,74358.244,2534.594,124.101,18397.974,2283.199
1932.000,LVL,281.178,45.086,74395.629,2530.597,124.253,18430.375,2290.031
1933.000,LVL,281.178,45.086,74437.497,2526.122,124.424,18277.510,2274.159
1934.000,LVL,281.178,45.086,74483.511,2521.206,124.611,18083.990,2253.473
1935.000,LVL,281.178,45.086,74533.333,2515.887,124.815,17871.892,2230.671
1936.000,LVL,281.178,45.086,74586.625,2510.200,125.032,17793.666,2224.769
1937.000,LVL,281.178,45.086,74643.048,2504.183,125.261,17454.026,2186.312
1938.000,LVL,281.178,45.086,74702.263,2497.872,125.502,16824.670,2111.531
1939.000,LVL,281.178,45.086,74763.931,2491.303,125.753,16910.547,2126.547
1940.000,LVL,281.178,45.086,74827.712,2484.515,126.012,16644.812,2097.443
1941.000,LVL,281.178,45.086,74893.263,2477.543,126.278,16246.322,2051.552
1942.000,LVL,281.178,45.086,74960.244,2470.423,126.550,15779.393,1996.876
1943.000,LVL,281.178,45.086,75028.311,2463.194,126.826,15096.294,1914.595
1944.000,LVL,281.178,45.086,75097.120,2455.891,127.104,14638.979,1860.676
1945.000,DE,275.021,42.142,75166.327,2448.552,127.384,17391.369,2215.388
1946.000,DE,275.021,42.142,75235.586,2441.212,127.664,17125.298,2186.292
1947.000,DE,275.021,42.142,75304.549,2433.909,127.943,16812.548,2151.051
1948.000,DE,275.021,42.142,75372.869,2426.680,128.219,16501.474,2115.804
1949.000,DE,275.021,42.142,75440.197,2419.561,128.491,16169.966,2077.692
1950.000,DE,275.021,42.142,75506.183,2412.589,128.757,15810.899,2035.762
1951.000,DE,275.021,42.142,75570.475,2405.800,129.016,15446.186,1992.805
1952.000,DE,275.021,42.142,75632.723,2399.232,129.267,15005.145,1939.665
1953.000,DE,275.021,42.142,75692.573,2392.921,129.508,14660.035,1898.585
1954.000,DE,275.021,42.142,75749.673,2386.903,129.737,14121.700,1832.109
1955.000,DE,275.021,42.142,75803.668,2381.217,129.954,13737.620,1785.261
1956.000,DE,275.021,42.142,75854.203,2375.897,130.157,13314.705,1733.005
1957.000,DE,275.021,42.142,75900.925,2370.982,130.345,12905.733,1682.195
1958.000,DE,275.021,42.142,75943.478,2366.507,130.516,12582.321,1642.189
1959.000,DE,275.021,42.142,75981.507,2362.510,130.668,12264.223,1602.543
1960.000,DE,275.021,42.142,76014.656,2359.027,130.801,11933.597,1560.927
1961.000,DE,275.021,42.142,76042.571,2356.094,130.913,11587.587,1516.966
1962.000,DE,275.021,42.142,76064.898,2353.750,131.002,11339.731,1485.533
1963.000,DE,275.021,42.142,76081.281,2352.030,131.068,11121.684,1457.698
1964.000,DE,275.021,42.142,76091.370,2350.971,131.109,10857.387,1423.496
1965.000,DE,275.021,42.142,76094.810,2350.610,131.122,10698.061,1402.754
1966.000,DE,275.021,42.142,76188.167,2340.815,131.122,10508.502,1377.899
1967.000,DE,275.021,42.142,76281.617,2331.021,131.122,10356.524,1357.971
1968.000,DE,275.021,42.142,76375.159,2321.227,131.122,10108.347,1325.430
1969.000,DE,275.021,42.142,76468.794,2311.433,131.122,9850.718,1291.649
1970.000,DE,275.021,42.142,76562.522,2301.639,131.122,9657.215,1266.276
1971.000,DE,275.021,42.142,76656.343,2291.844,131.122,9539.000,1250.776
1972.000,DE,275.021,42.142,76750.257,2282.050,131.122,9490.794,1244.455
1973.000,DE,275.021,42.142,76844.264,2272.256,131.122,9413.905,1234.373
1974.000,DE,275.021,42.142,76938.365,2262.462,131.122,9392.066,1231.509
1975.000,DE,275.021,42.142,77032.559,2252.668,131.122,9385.653,1230.668
1976.000,DE,275.021,42.142,77126.846,2242.873,131.122,9364.650,1227.915
1977.000,DE,275.021,42.142,77221.226,2233.079,131.122,9419.962,1235.167
1978.000,DE,275.021,42.142,77315.700,2223.285,131.122,9484.013,1243.566
1979.000,DE,275.021,42.142,77410.268,2213.491,131.122,9461.791,1240.652
1980.000,DE,275.021,42.142,77504.929,2203.697,131.122,9508.850,1246.822
1981.000,DE,275.021,42.142,77599.684,2193.902,131.122,9568.252,1254.611
1982.000,DE,275.021,42.142,77694.533,2184.108,131.122,9615.550,1260.813
1983.000,DE,275.021,42.142,77789.475,2174.314,131.122,9656.167,1266.139
1984.000,DE,275.021,42.142,77884.512,2164.520,131.122,9776.786,1281.955
1985.000,DE,275.021,42.142,77979.642,2154.726,131.122,9921.076,1300.874
1986.000,DE,275.021,42.142,78074.867,2144.931,131.122,9917.943,1300.464
1987.000,DE,275.021,42.142,78170.186,2135.137,131.122,10084.747,1322.335
1988.000,DE,275.021,42.142,78265.599,2125.343,131.122,10108.918,1325.505
1989.000,DE,275.021,42.142,78361.106,2115.549,131.122,10075.446,1321.116
1990.000,DE,275.021,42.142,78456.707,2105.754,131.122,10090.985,1323.153
1991.000,DE,275.021,42.142,78552.403,2095.960,131.122,10057.682,1318.787
1992.000,DE,275.021,42.142,78648.194,2086.166,131.122,9992.517,1310.242
1993.000,DE,275.021,42.142,78744.079,2076.372,131.122,9904.745,1298.733
1994.000,DE,275.021,42.142,78840.059,2066.578,131.122,9881.880,1295.735
1995.000,DE,275.021,42.142,78936.133,2056.783,131.122,9918.514,1300.538
1996.000,DE,275.021,42.142,79032.302,2046.989,131.122,9832.430,1289.251
1997.000,DE,275.021,42.142,79128.566,2037.195,131.122,9809.288,1286.217
1998.000,DE,275.021,42.142,79224.925,2027.401,131.122,9855.715,1292.304
1999.000,DE,275.021,42.142,79321.379,2017.607,131.122,9815.720,1287.060
2000.000,DE,275.021,42.142,79417.928,2007.812,131.122,9763.379,1280.197
2001.000,DE,275.021,42.142,79514.572,1998.018,131.122,9772.380,1281.377
2002.000,DE,275.021,42.142,79611.311,1988.224,131.122,9781.930,1282.629
2003.000,DE,275.021,42.142,79708.146,1978.430,131.122,9798.524,1284.805
2004.000,DE,275.021,42.142,79805.076,1968.636,131.122,9909.624,1299.373
2005.000,DE,275.021,42.142,79902.101,1958.841,131.122,10105.996,1325.122
2006.000,DE,275.021,42.142,79999.222,1949.047,131.122,10300.185,1350.584
2007.000,DE,275.021,42.142,80096.439,1939.253,131.122,10480.739,1374.259
2008.000,DE,275.021,42.142,80193.751,1929.459,131.122,10635.912,1394.605
2009.000,DE,275.021,42.142,80291.159,1919.665,131.122,10761.223,1411.036
2010.000,DE,275.021,42.142,80388.662,1909.870,131.122,10841.650,1421.582
2011.000,DE,275.021,42.142,80486.262,1900.076,131.122,11011.545,1443.859
2012.000,DE,275.021,42.142,80583.957,1890.282,131.122,11219.708,1471.154
2013.000,DE,275.021,42.142,80681.748,1880.488,131.122,11442.318,1500.343
2014.000,DE,275.021,42.142,80779.636,1870.694,131.122,11611.233,1522.492
2015.000,DE,275.021,42.142,80877.619,1860.899,131.122,11727.798,1537.776
2016.000,DE,275.021,42.142,80975.699,1851.105,131.122,11825.579,1550.597
2017.000,DE,275.021,42.142,81073.875,1841.311,131.122,11866.279,1555.934
2018.000,DE,275.021,42.142,81172.148,1831.517,131.122,11845.977,1553.272
2019.000,DE,275.021,42.142,81270.517,1821.722,131.122,11895.210,1559.727
2020.000,DE,275.021,42.142,81368.982,1811.928,131.122,11729.787,1538.037
2021.000,DE,275.021,42.142,81467.544,1802.134,131.122,11559.355,1515.689
2022.000,DE,275.021,42.142,81566.203,1792.340,131.122,11510.638,1509.301
2023.000,DE,275.021,42.142,81664.958,1782.546,131.122,11368.563,1490.672
2024.000,DE,275.021,42.142,81763.810,1772.751,131.122,11308.557,1482.804
2025.000,DE,275.021,42.142,81862.759,1762.957,131.122,11131.953,1459.647
2026.000,DE,275.021,42.142,81961.805,1753.163,131.122,10986.324,1440.552
2027.000,DE,275.021,42.142,82060.948,1743.369,131.122,10892.386,1428.235
2028.000,DE,275.021,42.142,82160.188,1733.575,131.122,10819.892,1418.729
2029.000,DE,275.021,42.142,82259.525,1723.780,131.122,10816.775,1418.320
2030.000,DE,275.021,42.142,82358.960,1713.986,131.122,10742.109,1408.530
2031.000,DE,275.021,42.142,82458.492,1704.192,131.122,10711.081,1404.462
2032.000,DE,275.021,42.142,82558.121,1694.398,131.122,10519.114,1379.290
2033.000,DE,275.021,42.142,82657.847,1684.604,131.122,10404.887,1364.313
2034.000,DE,275.021,42.142,82757.671,1674.809,131.122,10266.523,1346.170
2035.000,DE,275.021,42.142,82857.593,1665.015,131.122,10260.494,1345.380
2036.000,DE,275.021,42.142,82957.612,1655.221,131.122,10152.999,1331.285
2037.000,DE,275.021,42.142,83057.730,1645.427,131.122,10079.164,1321.603
2038.000,DE,275.021,42.142,83157.944,1635.633,131.122,10117.919,1326.685
2039.000,DE,275.021,42.142,83258.257,1625.838,131.122,10143.799,1330.078
2040.000,DE,275.021,42.142,83358.668,1616.044,131.122,10187.801,1335.848
2041.000,DE,275.021,42.142,83459.177,1606.250,131.122,10310.996,1352.002
2042.000,DE,275.021,42.142,83559.784,1596.456,131.122,10409.228,1364.882
2043.000,DE,275.021,42.142,83660.489,1586.662,131.122,10612.936,1391.593
2044.000,DE,275.021,42.142,83761.292,1576.867,131.122,10611.283,1391.376
2045.000,DE,275.021,42.142,83862.194,1567.073,131.122,10684.105,1400.925
2046.000,DE,275.021,42.142,83963.194,1557.279,131.122,10911.785,1430.778
2047.000,DE,275.021,42.142,84064.292,1547.485,131.122,11007.826,1443.372
2048.000,DE,275.021,42.142,84165.490,1537.690,131.122,11097.791,1455.168
2049.000,DE,275.021,42.142,84266.785,1527.896,131.122,11071.165,1451.677
2050.000,DE,275.021,42.142,84368.180,1518.102,131.122,11112.880,1457.147
2051.000,DE,275.021,42.142,84469.673,1508.308,131.122,10950.647,1435.874
2052.000,DE,275.021,42.142,84571.265,1498.514,131.122,10828.050,1419.799
2053.000,DE,275.021,42.142,84672.956,1488.719,131.122,10653.750,1396.944
2054.000,DE,275.021,42.142,84774.746,1478.925,131.122,10512.480,1378.421
2055.000,DE,275.021,42.142,84876.635,1469.131,131.122,10321.467,1353.375
2056.000,DE,275.021,42.142,84978.623,1459.337,131.122,10314.834,1352.505
2057.000,DE,275.021,42.142,85080.710,1449.543,131.122,10295.916,1350.024
2058.000,DE,275.021,42.142,85182.897,1439.748,131.122,10225.596,1340.804
2059.000,DE,275.021,42.142,85285.183,1429.954,131.122,10168.560,1333.325
2060.000,DE,275.021,42.142,85387.568,1420.160,131.122,10205.953,1338.228
2061.000,DE,275.021,42.142,85490.053,1410.366,131.122,10207.603,1338.444
2062.000,DE,275.021,42.142,85592.638,1400.572,131.122,10252.683,1344.356
2063.000,DE,275.021,42.142,85695.322,1390.777,131.122,10262.863,1345.690
2064.000,DE,275.021,42.142,85798.106,1380.983,131.122,10377.571,1360.731
2065.000,DE,275.021,42.142,85900.989,1371.189,131.122,10513.770,1378.590
2066.000,DE,275.021,42.142,86003.973,1361.395,131.122,10731.420,1407.129
2067.000,DE,275.021,42.142,86107.056,1351.601,131.122,10801.360,1416.299
2068.000,DE,275.021,42.142,86210.240,1341.806,131.122,11039.142,1447.478
2069.000,DE,275.021,42.142,86313.524,1332.012,131.122,11206.447,1469.415
2070.000,DE,275.021,42.142,86416.907,1322.218,131.122,11321.473,1484.498
2071.000,DE,275.021,42.142,86520.391,1312.424,131.122,11414.886,1496.746
2072.000,DE,275.021,42.142,86623.976,1302.630,131.122,11444.006,1500.564
2073.000,DE,275.021,42.142,86727.660,1292.835,131.122,11340.088,1486.939
2074.000,DE,275.021,42.142,86831.446,1283.041,131.122,11393.355,1493.923
2075.000,DE,275.021,42.142,86935.332,1273.247,131.122,11308.762,1482.831
2076.000,DE,275.021,42.142,87039.318,1263.453,131.122,11176.912,1465.543
2077.000,DE,275.021,42.142,87143.405,1253.658,131.122,11129.275,1459.296
2078.000,DE,275.021,42.142,87247.593,1243.864,131.122,11004.074,1442.880
2079.000,DE,275.021,42.142,87351.882,1234.070,131.122,10910.098,1430.557
2080.000,DE,275.021,42.142,87456.271,1224.276,131.122,10750.972,1409.692
2081.000,DE,275.021,42.142,87560.762,1214.482,131.122,10748.816,1409.410
2082.000,DE,275.021,42.142,87665.353,1204.687,131.122,10623.087,1392.924
2083.000,DE,275.021,42.142,87770.046,1194.893,131.122,10478.740,1373.997
2084.000,DE,275.021,42.142,87874.840,1185.099,131.122,10347.784,1356.825
2085.000,DE,275.021,42.142,87979.736,1175.305,131.122,10267.658,1346.319
2086.000,DE,275.021,42.142,88084.732,1165.511,131.122,10244.043,1343.223
2087.000,DE,275.021,42.142,88189.831,1155.716,131.122,10178.951,1334.688
2088.000,DE,275.021,42.142,88295.030,1145.922,131.122,10138.822,1329.426
2089.000,DE,275.021,42.142,88400.331,1136.128,131.122,10118.577,1326.771
2090.000,DE,275.021,42.142,88505.734,1126.334,131.122,10224.791,1340.698
2091.000,DE,275.021,42.142,88611.239,1116.540,131.122,10310.455,1351.931
2092.000,DE,275.021,42.142,88716.845,1106.745,131.122,10416.987,1365.899
2093.000,DE,275.021,42.142,88822.554,1096.951,131.122,10553.243,1383.766
2094.000,DE,275.021,42.142,88928.364,1087.157,131.122,10743.832,1408.756
2095.000,DE,275.021,42.142,89034.277,1077.363,131.122,10974.309,1438.977
2096.000,DE,275.021,42.142,89140.291,1067.569,131.122,11220.379,1471.242
2097.000,DE,275.021,42.142,89246.408,1057.774,131.122,11369.636,1490.813
2098.000,DE,275.021,42.142,89352.627,1047.980,131.122,11528.933,1511.700
2099.000,DE,275.021,42.142,89458.948,1038.186,131.122,11821.534,1550.067
2100.000,DE,275.021,42.142,89565.372,1028.392,131.122,12018.674,1575.916
2101.000,DE,275.021,42.142,89671.898,1018.598,131.122,12181.735,1597.297
2102.000,DE,275.021,42.142,89778.527,1008.803,131.122,12269.363,1608.787
2103.000,DE,275.021,42.142,89885.258,999.009,131.122,12446.244,1631.980
2104.000,DE,275.021,42.142,89992.092,989.215,131.122,12498.962,1638.893
2105.000,DE,275.021,42.142,90099.029,979.421,131.122,12476.260,1635.916
2106.000,DE,275.021,42.142,90206.069,969.626,131.122,12368.973,1621.848
2107.000,DE,275.021,42.142,90313.212,959.832,131.122,12258.291,1607.335
2108.000,DE,275.021,42.142,90420.457,950.038,131.122,12198.091,1599.442
2109.000,DE,275.021,42.142,90527.806,940.244,131.122,12057.516,1581.009
2110.000,DE,275.021,42.142,90635.258,930.450,131.122,11897.518,1560.030
2111.000,DE,275.021,42.142,90742.814,920.655,131.122,11748.126,1540.441
2112.000,DE,275.021,42.142,90850.472,910.861,131.122,11490.253,1506.629
2113.000,DE,275.021,42.142,90958.234,901.067,131.122,11253.480,1475.582
2114.000,DE,275.021,42.142,91066.100,891.273,131.122,11121.468,1458.273
2115.000,DE,275.021,42.142,91174.069,881.479,131.122,10989.071,1440.912
2116.000,DE,275.021,42.142,91282.142,871.684,131.122,10892.434,1428.241
2117.000,DE,275.021,42.142,91390.318,861.890,131.122,10692.190,1401.985
2118.000,DE,275.021,42.142,91498.598,852.096,131.122,10573.994,1386.487
2119.000,DE,275.021,42.142,91606.982,842.302,131.122,10512.227,1378.387
2120.000,DE,275.021,42.142,91715.470,832.508,131.122,10385.829,1361.814
2121.000,DE,275.021,42.142,91824.062,822.713,131.122,10306.681,1351.436
2122.000,DE,275.021,42.142,91932.758,812.919,131.122,10232.459,1341.704
2123.000,DE,275.021,42.142,92041.559,803.125,131.122,10154.697,1331.507
2124.000,DE,275.021,42.142,92150.463,793.331,131.122,10173.004,1333.908
2125.000,DE,275.021,42.142,92259.472,783.537,131.122,10160.078,1332.213
2126.000,DE,275.021,42.142,92368.585,773.742,131.122,10111.314,1325.819
2127.000,DE,275.021,42.142,92477.803,763.948,131.122,10170.810,1333.620
2128.000,DE,275.021,42.142,92587.125,754.154,131.122,10153.082,1331.296
2129.000,DE,275.021,42.142,92696.552,744.360,131.122,10155.175,1331.570
2130.000,DE,275.021,42.142,92806.083,734.566,131.122,10192.027,1336.402
2131.000,DE,275.021,42.142,92915.720,724.771,131.122,10151.128,1331.039
2132.000,DE,275.021,42.142,93025.461,714.977,131.122,10099.535,1324.274
2133.000,DE,275.021,42.142,93135.307,705.183,131.122,10098.830,1324.182
2134.000,DE,275.021,42.142,93245.258,695.389,131.122,10010.960,1312.660
2135.000,DE,275.021,42.142,93355.314,685.594,131.122,9937.808,1303.068
2136.000,DE,275.021,42.142,93465.476,675.800,131.122,9719.982,1274.507
2137.000,DE,275.021,42.142,93575.742,666.006,131.122,9527.079,1249.213
2138.000,DE,275.021,42.142,93686.114,656.212,131.122,9295.544,1218.853
2139.000,DE,275.021,42.142,93796.591,646.418,131.122,9111.139,1194.674
2140.000,DE,275.021,42.142,93907.174,636.623,131.122,8829.102,1157.692
2141.000,DE,275.021,42.142,94017.862,626.829,131.122,8667.621,1136.519
2142.000,DE,275.021,42.142,94128.656,617.035,131.122,8436.405,1106.201
2143.000,DE,275.021,42.142,94239.556,607.241,131.122,8230.363,1079.184
2144.000,DE,275.021,42.142,94350.561,597.447,131.122,7962.454,1044.055
2145.000,DE,275.021,42.142,94461.673,587.652,131.122,7539.921,988.652
2146.000,DE,275.021,42.142,94572.890,577.858,131.122,7255.823,951.400
2147.000,DE,275.021,42.142,94684.213,568.064,131.122,7054.513,925.004
2148.000,DE,275.021,42.142,94795.642,558.270,131.122,6828.906,895.422
2149.000,DE,275.021,42.142,94907.178,548.476,131.122,6695.059,877.872
2150.000,DE,275.021,42.142,95018.819,538.681,131.122,6622.765,868.392
2151.000,DE,275.021,42.142,95130.567,528.887,131.122,6642.018,870.917
2152.000,DE,275.021,42.142,95242.422,519.093,131.122,6685.915,876.673
2153.000,DE,275.021,42.142,95354.383,509.299,131.122,6741.591,883.973
2154.000,DE,275.021,42.142,95466.450,499.505,131.122,6890.818,903.540
2155.000,DE,275.021,42.142,95578.624,489.710,131.122,7014.617,919.773
2156.000,DE,275.021,42.142,95690.905,479.916,131.122,7257.165,951.576
2157.000,DE,275.021,42.142,95803.292,470.122,131.122,7398.047,970.049
2158.000,DE,275.021,42.142,95915.787,460.328,131.122,7526.837,986.936
2159.000,DE,275.021,42.142,96028.388,450.534,131.122,7693.080,1008.734
2160.000,DE,275.021,42.142,96141.096,440.739,131.122,7843.042,1028.398
2161.000,DE,275.021,42.142,96253.912,430.945,131.122,7917.456,1038.155
2162.000,DE,275.021,42.142,96366.834,421.151,131.122,7955.350,1043.124
2163.000,DE,275.021,42.142,96479.864,411.357,131.122,8039.603,1054.171
2164.000,DE,275.021,42.142,96593.001,401.562,131.122,8100.990,1062.220
2165.000,DE,275.021,42.142,96706.246,391.768,131.122,8091.094,1060.923
2166.000,DE,275.021,42.142,96819.598,381.974,131.122,8059.191,1056.740
2167.000,DE,275.021,42.142,96933.058,372.180,131.122,8173.650,1071.748
2168.000,DE,275.021,42.142,97046.625,362.386,131.122,8191.439,1074.080
2169.000,DE,275.021,42.142,97160.300,352.591,131.122,8184.820,1073.213
2170.000,DE,275.021,42.142,97274.083,342.797,131.122,8301.663,1088.533
2171.000,DE,275.021,42.142,97387.973,333.003,131.122,8355.786,1095.630
2172.000,DE,275.021,42.142,97501.972,323.209,131.122,8404.375,1102.001
2173.000,DE,275.021,42.142,97616.078,313.415,131.122,8504.092,1115.076
2174.000,DE,275.021,42.142,97730.293,303.620,131.122,8561.185,1122.562
2175.000,DE,275.021,42.142,97844.616,293.826,131.122,8783.276,1151.683
2176.000,DE,275.021,42.142,97959.047,284.032,131.122,9072.627,1189.624
2177.000,DE,275.021,42.142,98073.587,274.238,131.122,9308.803,1220.592
2178.000,DE,275.021,42.142,98188.235,264.444,131.122,9561.623,1253.742
2179.000,DE,275.021,42.142,98302.991,254.649,131.122,9875.018,1294.835
2180.000,DE,275.021,42.142,98417.856,244.855,131.122,9984.242,1309.157
2181.000,DE,275.021,42.142,98532.830,235.061,131.122,10157.657,1331.895
2182.000,DE,275.021,42.142,98647.912,225.267,131.122,10341.717,1356.030
2183.000,DE,275.021,42.142,98763.103,215.473,131.122,10369.712,1359.701
2184.000,DE,275.021,42.142,98878.404,205.678,131.122,10571.807,1386.200
2185.000,DE,275.021,42.142,98993.813,195.884,131.122,10736.482,1407.792
2186.000,DE,275.021,42.142,99109.331,186.090,131.122,10860.034,1423.993
2187.000,DE,275.021,42.142,99224.958,176.296,131.122,10949.586,1435.735
2188.000,DE,275.021,42.142,99340.695,166.502,131.122,11202.655,1468.918
2189.000,DE,275.021,42.142,99456.540,156.707,131.122,11386.836,1493.068
2190.000,DE,275.021,42.142,99572.495,146.913,131.122,11494.846,1507.231
2191.000,DE,275.021,42.142,99688.560,137.119,131.122,11579.823,1518.373
2192.000,DE,275.021,42.142,99804.734,127.325,131.122,11731.998,1538.327
2193.000,DE,275.021,42.142,99921.018,117.530,131.122,11835.241,1551.864
2194.000,DE,275.021,42.142,100037.411,107.736,131.122,11922.235,1563.271
2195.000,DE,275.021,42.142,100153.914,97.942,131.122,12026.520,1576.945
2196.000,DE,275.021,42.142,100270.527,88.148,131.122,12138.385,1591.613
2197.000,DE,275.021,42.142,100387.250,78.354,131.122,12279.533,1610.121
2198.000,DE,275.021,42.142,100504.083,68.559,131.122,12410.236,1627.259
2199.000,DE,275.021,42.142,100621.026,58.765,131.122,12415.608,1627.963
2200.000,DE,275.021,42.142,100738.079,48.971,131.122,12469.286,1635.002
2201.000,DE,275.021,42.142,100855.243,39.177,131.122,12662.559,1660.344
2202.000,DE,275.021,42.142,100972.516,29.383,131.122,12716.756,1667.450
2203.000,DE,275.021,42.142,101089.900,19.588,131.122,12769.903,1674.419
2204.000,DE,275.021,42.142,101207.395,9.794,131.122,12764.595,1673.723
2205.000,DE,275.021,42.142,101325.000,0.000,131.122,12733.852,1669.692
