time_s,phase,ambient_temperature_K,relative_humidity_pct,pressure_Pa,altitude_m,tas_ms,thrust_N,propulsive_power_kW
0.000,TO,282.777,73.527,101325.000,0.000,81.800,37517.865,3068.966
1.000,TO,282.777,73.527,101238.148,7.232,81.800,37758.025,3088.611
2.000,TO,282.777,73.527,101151.356,14.464,81.800,37861.322,3097.061
3.000,TO,282.777,73.527,101064.625,21.697,81.800,37977.293,3106.547
4.000,TO,282.777,73.527,100977.954,28.929,81.800,37930.101,3102.687
5.000,TO,282.777,73.527,100891.342,36.161,81.800,37908.006,3100.879
6.000,TO,282.777,73.527,100804.792,43.393,81.800,37809.303,3092.805
7.000,TO,282.777,73.527,100718.301,50.625,81.800,37743.819,3087.449
8.000,TO,282.777,73.527,100631.870,57.857,81.800,37695.892,3083.528
9.000,TO,282.777,73.527,100545.500,65.090,81.800,37717.116,3085.264
10.000,TO,282.777,73.527,100459.189,72.322,81.800,37826.767,3094.234
11.000,TO,282.777,73.527,100372.938,79.554,81.800,38076.938,3114.698
12.000,TO,282.777,73.527,100286.748,86.786,81.800,38385.207,3139.914
13.000,TO,282.777,73.527,100200.617,94.018,81.800,38942.276,3185.483
14.000,TO,282.777,73.527,100114.547,101.251,81.800,39443.408,3226.475
15.000,TO,282.777,73.527,100028.536,108.483,81.800,39985.491,3270.818
16.000,TO,282.777,73.527,99942.585,115.715,81.800,40518.429,3314.412
17.000,TO,282.777,73.527,99856.693,122.947,81.800,41018.625,3355.328
18.000,TO,282.777,73.527,99770.862,130.179,81.800,41577.283,3401.027
19.000,TO,282.777,73.527,99685.090,137.412,81.800,42026.905,3437.806
20.000,TO,282.777,73.527,99599.378,144.644,81.800,42501.131,3476.597
21.000,TO,282.777,73.527,99513.726,151.876,81.800,43031.603,3519.990
22.000,TO,282.777,73.527,99428.134,159.108,81.800,43514.877,3559.522
23.000,TO,282.777,73.527,99342.601,166.340,81.800,43893.604,3590.502
24.000,TO,282.777,73.527,99257.127,173.572,81.800,44039.475,3602.434
25.000,TO,282.777,73.527,99171.713,180.805,81.800,44082.347,3605.941
26.000,TO,282.777,73.527,99086.359,188.037,81.800,44079.671,3605.722
27.000,TO,282.777,73.527,99001.064,195.269,81.800,44117.933,3608.852
28.000,TO,282.777,73.527,98915.829,202.501,81.800,44199.001,3615.483
29.000,TO,282.777,73.527,98830.653,209.733,81.800,44370.625,3629.522
30.000,TO,282.777,73.527,98745.536,216.966,81.800,44550.420,3644.230
31.000,TO,282.777,73.527,98660.479,224.198,81.800,44709.085,3657.208
32.000,TO,282.777,73.527,98575.481,231.430,81.800,44979.033,3679.290
33.000,TO,282.777,73.527,98490.543,238.662,81.800,45337.346,3708.600
34.000,TO,282.777,73.527,98405.664,245.894,81.800,45808.373,3747.130
35.000,TO,282.777,73.527,98320.844,253.127,81.800,46199.193,3779.099
36.000,TO,282.777,73.527,98236.083,260.359,81.800,46751.412,3824.271
37.000,TO,282.777,73.527,98151.381,267.591,81.800,47255.335,3865.492
38.000,TO,282.777,73.527,98066.739,274.823,81.800,47769.245,3907.530
39.000,TO,282.777,73.527,97982.155,282.055,81.800,48365.392,3956.295
40.000,TO,282.777,73.527,97897.631,289.287,81.800,48886.931,3998.957
41.000,TO,282.777,73.527,97813.166,296.520,81.800,49377.517,4039.087
42.000,TO,282.777,73.527,97728.760,303.752,81.800,49760.270,4070.396
43.000,TO,282.777,73.527,97644.413,310.984,81.800,49933.141,4084.537
44.000,TO,282.777,73.527,97560.124,318.216,81.800,49927.330,4084.061
45.000,TO,282.777,73.527,97475.895,325.448,81.800,49784.861,4072.407
46.000,TO,282.777,73.527,97391.725,332.681,81.800,49261.224,4029.574
47.000,TO,282.777,73.527,97307.613,339.913,81.800,48530.362,3969.789
48.000,TO,282.777,73.527,97223.560,347.145,81.800,47660.525,3898.636
49.000,TO,282.777,73.527,97139.566,354.377,81.800,46645.469,3815.605
50.000,TO,282.777,73.527,97055.631,361.609,81.800,45573.517,3727.919
51.000,TO,282.777,73.527,96971.755,368.842,81.800,44577.728,3646.463
52.000,TO,282.777,73.527,96887.937,376.074,81.800,43552.271,3562.581
53.000,TO,282.777,73.527,96804.178,383.306,81.800,42431.595,3470.909
54.000,TO,282.777,73.527,96720.478,390.538,81.800,41374.069,3384.404
55.000,TO,282.777,73.527,96636.836,397.770,81.800,40327.159,3298.766
56.000,TO,282.777,73.527,96553.253,405.002,81.800,39206.780,3207.119
57.000,TO,282.777,73.527,96469.728,412.235,81.800,38004.875,3108.803
58.000,TO,282.777,73.527,96386.262,419.467,81.800,36680.423,3000.463
59.000,TO,282.777,73.527,96302.854,426.699,81.800,35200.333,2879.391
60.000,TO,282.777,73.527,96219.505,433.931,81.800,33523.270,2742.207
61.000,TO,282.777,73.527,96136.214,441.163,81.800,31829.827,2603.684
62.000,TO,282.777,73.527,96052.982,448.396,81.800,30232.702,2473.039
63.000,TO,282.777,73.527,95969.808,455.628,81.800,28766.433,2353.098
64.000,TO,282.777,73.527,95886.692,462.860,81.800,27519.853,2251.127
65.000,TO,282.777,73.527,95803.634,470.092,81.800,26456.637,2164.156
66.000,TO,282.777,73.527,95720.635,477.324,81.800,25528.623,2088.244
67.000,TO,282.777,73.527,95637.694,484.557,81.800,24766.628,2025.913
68.000,TO,282.777,73.527,95554.812,491.789,81.800,24213.485,1980.666
69.000,TO,282.777,73.527,95471.987,499.021,81.800,23799.277,1946.784
70.000,TO,282.777,73.527,95389.221,506.253,81.800,23591.895,1929.820
71.000,TO,282.777,73.527,95306.512,513.485,81.800,23608.465,1931.175
72.000,TO,282.777,73.527,95223.862,520.717,81.800,23835.881,1949.778
73.000,TO,282.777,73.527,95141.270,527.950,81.800,24221.260,1981.302
74.000,TO,282.777,73.527,95058.736,535.182,81.800,24704.576,2020.837
75.000,TO,282.777,73.527,94976.260,542.414,81.800,25306.378,2070.065
76.000,TO,282.777,73.527,94893.841,549.646,81.800,26084.094,2133.682
77.000,TO,282.777,73.527,94811.481,556.878,81.800,26896.181,2200.111
78.000,TO,282.777,73.527,94729.179,564.111,81.800,27786.056,2272.903
79.000,TO,282.777,73.527,94646.934,571.343,81.800,28692.798,2347.074
80.000,TO,282.777,73.527,94564.748,578.575,81.800,29595.950,2420.952
81.000,TO,282.777,73.527,94482.619,585.807,81.800,30532.525,2497.564
82.000,TO,282.777,73.527,94400.547,593.039,81.800,31437.625,2571.601
83.000,TO,282.777,73.527,94318.534,600.271,81.800,32280.779,2640.571
84.000,TO,282.777,73.527,94236.578,607.504,81.800,32935.025,2694.089
85.000,TO,282.777,73.527,94154.680,614.736,81.800,33451.651,2736.349
86.000,TO,282.777,73.527,94072.840,621.968,81.800,33850.055,2768.938
87.000,TO,282.777,73.527,93991.057,629.200,81.800,34193.654,2797.045
88.000,TO,282.777,73.527,93909.332,636.432,81.800,34435.994,2816.868
89.000,TO,282.777,73.527,93827.664,643.665,81.800,34583.150,2828.906
90.000,TO,282.777,73.527,93746.054,650.897,81.800,34646.329,2834.074
91.000,TO,282.777,73.527,93664.502,658.129,81.800,34618.143,2831.768
92.000,TO,282.777,73.527,93583.006,665.361,81.800,34650.960,2834.453
93.000,TO,282.777,73.527,93501.569,672.593,81.800,34606.884,2830.847
94.000,TO,282.777,73.527,93420.188,679.826,81.800,34627.439,2832.529
95.000,TO,282.777,73.527,93338.865,687.058,81.800,34736.764,2841.471
96.000,TO,282.777,73.527,93257.600,694.290,81.800,34942.193,2858.275
97.000,TO,282.777,73.527,93176.391,701.522,81.800,35365.824,2892.929
98.000,TO,282.777,73.527,93095.240,708.754,81.800,35886.806,2935.545
99.000,TO,282.777,73.527,93014.146,715.986,81.800,36377.484,2975.682
100.000,TO,282.777,73.527,92933.110,723.219,81.800,36951.273,3022.618
101.000,TO,282.777,73.527,92852.130,730.451,81.800,37604.265,3076.033
102.000,TO,282.777,73.527,92771.208,737.683,81.800,38241.887,3128.191
103.000,TO,282.777,73.527,92690.343,744.915,81.800,38789.950,3173.022
104.000,TO,282.777,73.527,92609.535,752.147,81.800,39279.275,3213.049
105.000,TO,282.777,73.527,92528.784,759.380,81.800,39652.445,3243.575
106.000,TO,282.777,73.527,92448.089,766.612,81.800,40059.441,3276.867
107.000,TO,282.777,73.527,92444.180,766.962,81.823,40336.952,3300.500
108.000,TO,282.777,73.527,92432.629,767.998,81.892,40506.378,3317.132
109.000,TO,282.777,73.527,92413.701,769.695,82.004,40679.032,3335.828
110.000,TO,282.777,73.527,92387.663,772.031,82.158,40754.545,3348.302
111.000,TO,282.777,73.527,92354.785,774.981,82.352,40755.848,3356.343
112.000,TO,282.777,73.527,92315.334,778.521,82.586,40626.174,3355.157
113.000,TO,282.777,73.527,92269.582,782.629,82.857,40438.315,3350.605
114.000,TO,282.777,73.527,92217.798,787.280,83.164,40129.801,3337.360
115.000,TO,282.777,73.527,92160.254,792.451,83.505,39616.788,3308.216
116.000,TO,282.777,73.527,92097.222,798.118,83.879,38874.273,3260.751
117.000,TO,282.777,73.527,92028.972,804.258,84.285,38003.130,3203.079
118.000,TO,282.777,73.527,91955.777,810.846,84.719,36950.878,3130.458
119.000,TO,282.777,73.527,91877.909,817.860,85.182,35779.612,3047.792
120.000,TO,282.777,73.527,91795.640,825.276,85.672,34543.402,2959.395
121.000,TO,282.777,73.527,91709.240,833.070,86.186,33306.186,2870.532
122.000,TO,282.777,73.527,91618.982,841.218,86.724,32238.319,2795.833
123.000,TO,282.777,73.527,91525.136,849.697,87.283,31364.658,2737.617
124.000,TO,282.777,73.527,91427.971,858.483,87.863,30772.664,2703.790
125.000,TO,282.777,73.527,91327.759,867.553,88.462,30324.503,2682.564
126.000,TO,282.777,73.527,91224.768,876.883,89.078,30115.901,2682.654
127.000,TO,282.777,73.527,91119.266,886.449,89.709,30082.427,2698.664
128.000,TO,282.777,73.527,91011.520,896.228,90.354,30113.572,2720.893
129.000,TO,282.777,73.527,90901.798,906.195,91.012,30178.922,2746.650
130.000,TO,282.777,73.527,90790.365,916.328,91.681,30269.910,2775.174
131.000,TO,282.777,73.527,90677.486,926.603,92.359,30341.584,2802.320
132.000,TO,282.777,73.527,90563.424,936.996,93.045,30313.474,2820.517
133.000,TO,282.777,73.527,90448.443,947.484,93.737,30267.475,2837.186
134.000,TO,282.777,73.527,90332.804,958.042,94.434,30223.127,2854.089
135.000,TO,282.777,73.527,90216.768,968.648,95.134,30171.007,2870.285
136.000,CL,264.742,56.648,90100.595,979.277,95.835,31162.070,2986.429
137.000,CL,264.742,56.648,89984.543,989.907,96.537,30699.554,2963.640
138.000,CL,264.742,56.648,89868.869,1000.512,97.237,30143.471,2931.056
139.000,CL,264.742,56.648,89753.831,1011.071,97.934,29680.260,2906.697
140.000,CL,264.742,56.648,89639.683,1021.558,98.626,29091.043,2869.128
141.000,CL,264.742,56.648,89526.680,1031.951,99.312,28690.397,2849.293
142.000,CL,264.742,56.648,89415.074,1042.226,99.990,28117.408,2811.455
143.000,CL,264.742,56.648,89305.120,1052.359,100.659,27687.273,2786.962
144.000,CL,264.742,56.648,89197.066,1062.327,101.316,27285.485,2764.468
145.000,CL,264.742,56.648,89091.165,1072.106,101.962,26888.339,2741.584
146.000,CL,264.742,56.648,88987.666,1081.672,102.593,26597.102,2728.680
147.000,CL,264.742,56.648,88886.817,1091.002,103.209,26253.239,2709.567
148.000,CL,264.742,56.648,88788.866,1100.071,103.807,25910.765,2689.730
149.000,CL,264.742,56.648,88694.061,1108.858,104.387,25675.236,2680.169
150.000,CL,264.742,56.648,88602.649,1117.337,104.947,25556.901,2682.118
151.000,CL,264.742,56.648,88514.874,1125.485,105.485,25452.683,2684.868
152.000,CL,264.742,56.648,88430.984,1133.279,105.999,25297.112,2681.469
153.000,CL,264.742,56.648,88351.223,1140.694,106.488,25212.119,2684.799
154.000,CL,264.742,56.648,88275.836,1147.708,106.951,25249.075,2700.423
155.000,CL,264.742,56.648,88205.068,1154.297,107.386,25278.837,2714.598
156.000,CL,264.742,56.648,88139.164,1160.437,107.791,25376.325,2735.349
157.000,CL,264.742,56.648,88078.368,1166.104,108.165,25612.244,2770.359
158.000,CL,264.742,56.648,88022.925,1171.275,108.507,25815.430,2801.146
159.000,CL,264.742,56.648,87973.079,1175.926,108.814,26073.539,2837.156
160.000,CL,264.742,56.648,87929.078,1180.034,109.085,26229.259,2861.211
161.000,CL,264.742,56.648,87891.165,1183.574,109.318,26457.184,2892.256
162.000,CL,264.742,56.648,87859.589,1186.524,109.513,26737.678,2928.125
163.000,CL,264.742,56.648,87834.595,1188.859,109.667,27199.342,2982.875
164.000,CL,264.742,56.648,87816.433,1190.557,109.779,27576.212,3027.294
165.000,CL,264.742,56.648,87805.352,1191.592,109.848,27936.786,3068.788
166.000,CL,264.742,56.648,87801.603,1191.943,109.871,28289.592,3108.197
167.000,CL,264.742,56.648,87724.751,1199.130,109.871,28723.201,3155.838
168.000,CL,264.742,56.648,87647.954,1206.316,109.871,29121.945,3199.648
169.000,CL,264.742,56.648,87571.211,1213.503,109.871,29355.903,3225.353
170.000,CL,264.742,56.648,87494.523,1220.689,109.871,29547.995,3246.459
171.000,CL,264.742,56.648,87417.889,1227.876,109.871,29823.453,3276.723
172.000,CL,264.742,56.648,87341.310,1235.062,109.871,29939.061,3289.425
173.000,CL,264.742,56.648,87264.785,1242.249,109.871,29973.660,3293.227
174.000,CL,264.742,56.648,87188.314,1249.436,109.871,29945.590,3290.143
175.000,CL,264.742,56.648,87111.897,1256.622,109.871,29894.989,3284.583
176.000,CL,264.742,56.648,87035.535,1263.809,109.871,29807.736,3274.996
177.000,CL,264.742,56.648,86959.227,1270.995,109.871,29712.291,3264.510
178.000,CL,264.742,56.648,86882.973,1278.182,109.871,29595.891,3251.721
179.000,CL,264.742,56.648,86806.773,1285.369,109.871,29480.482,3239.041
180.000,CL,264.742,56.648,86730.627,1292.555,109.871,29311.286,3220.451
181.000,CL,264.742,56.648,86654.536,1299.742,109.871,29218.844,3210.294
182.000,CL,264.742,56.648,86578.498,1306.928,109.871,29126.998,3200.203
183.000,CL,264.742,56.648,86502.515,1314.115,109.871,29028.810,3189.415
184.000,CL,264.742,56.648,86426.585,1321.302,109.871,28902.907,3175.582
185.000,CL,264.742,56.648,86350.710,1328.488,109.871,28710.299,3154.420
186.000,CL,264.742,56.648,86274.888,1335.675,109.871,28395.772,3119.863
187.000,CL,264.742,56.648,86199.121,1342.861,109.871,28073.188,3084.420
188.000,CL,264.742,56.648,86123.407,1350.048,109.871,27662.963,3039.349
189.000,CL,264.742,56.648,86047.747,1357.235,109.871,27236.332,2992.475
190.000,CL,264.742,56.648,85972.141,1364.421,109.871,26876.591,2952.950
191.000,CL,264.742,56.648,85896.589,1371.608,109.871,26360.306,2896.225
192.000,CL,264.742,56.648,85821.090,1378.794,109.871,25871.946,2842.568
193.000,CL,264.742,56.648,85745.645,1385.981,109.871,25458.984,2797.196
194.000,CL,264.742,56.648,85670.254,1393.167,109.871,25073.304,2754.821
195.000,CL,264.742,56.648,85594.917,1400.354,109.871,24754.855,2719.833
196.000,CL,264.742,56.648,85519.633,1407.541,109.871,24527.816,2694.888
197.000,CL,264.742,56.648,85444.403,1414.727,109.871,24258.570,2665.306
198.000,CL,264.742,56.648,85369.227,1421.914,109.871,24124.041,2650.525
199.000,CL,264.742,56.648,85294.104,1429.100,109.871,24110.325,2649.018
200.000,CL,264.742,56.648,85219.035,1436.287,109.871,24171.724,2655.764
201.000,CL,264.742,56.648,85144.019,1443.474,109.871,24230.767,2662.251
202.000,CL,264.742,56.648,85069.056,1450.660,109.871,24404.019,2681.286
203.000,CL,264.742,56.648,84994.148,1457.847,109.871,24608.294,2703.730
204.000,CL,264.742,56.648,84919.292,1465.033,109.871,24821.280,2727.131
205.000,CL,264.742,56.648,84844.490,1472.220,109.871,25068.872,2754.334
206.000,CL,264.742,56.648,84769.741,1479.407,109.871,25291.813,2778.829
207.000,CL,264.742,56.648,84695.046,1486.593,109.871,25484.156,2799.962
208.000,CL,264.742,56.648,84620.404,1493.780,109.871,25650.104,2818.195
209.000,CL,264.742,56.648,84545.815,1500.966,109.871,25824.585,2837.365
210.000,CL,264.742,56.648,84471.279,1508.153,109.871,25959.425,2852.180
211.000,CL,264.742,56.648,84396.797,1515.340,109.871,26099.056,2867.521
212.000,CL,264.742,56.648,84322.368,1522.526,109.871,26104.945,2868.168
213.000,CL,264.742,56.648,84247.992,1529.713,109.871,26150.530,2873.177
214.000,CL,264.742,56.648,84173.669,1536.899,109.871,26108.590,2868.569
215.000,CL,264.742,56.648,84099.399,1544.086,109.871,26087.581,2866.260
216.000,CL,264.742,56.648,84025.182,1551.272,109.871,25975.036,2853.895
217.000,CL,264.742,56.648,83951.019,1558.459,109.871,25819.850,2836.845
218.000,CL,264.742,56.648,83876.908,1565.646,109.871,25598.481,2812.523
219.000,CL,264.742,56.648,83802.850,1572.832,109.871,25313.525,2781.214
220.000,CL,264.742,56.648,83728.846,1580.019,109.871,25136.374,2761.751
221.000,CL,264.742,56.648,83654.894,1587.205,109.871,24884.690,2734.098
222.000,CL,264.742,56.648,83580.995,1594.392,109.871,24676.786,2711.255
223.000,CL,264.742,56.648,83507.149,1601.579,109.871,24499.840,2691.814
224.000,CL,264.742,56.648,83433.356,1608.765,109.871,24367.046,2677.224
225.000,CL,264.742,56.648,83359.615,1615.952,109.871,24246.697,2664.001
226.000,CL,264.742,56.648,83285.928,1623.138,109.871,24106.639,2648.613
227.000,CL,264.742,56.648,83212.293,1630.325,109.871,23960.142,2632.517
228.000,CL,264.742,56.648,83138.711,1637.512,109.871,23825.121,2617.682
229.000,CL,264.742,56.648,83065.181,1644.698,109.871,23722.075,2606.361
230.000,CL,264.742,56.648,82991.705,1651.885,109.871,23659.625,2599.499
231.000,CL,264.742,56.648,82918.280,1659.071,109.871,23668.326,2600.455
232.000,CL,264.742,56.648,82844.909,1666.258,109.871,23671.028,2600.752
233.000,CL,264.742,56.648,82771.590,1673.445,109.871,23615.367,2594.637
234.000,CL,264.742,56.648,82698.324,1680.631,109.871,23603.238,2593.304
235.000,CL,264.742,56.648,82625.110,1687.818,109.871,23681.347,2601.886
236.000,CL,264.742,56.648,82551.949,1695.004,109.871,23745.428,2608.926
237.000,CL,264.742,56.648,82478.840,1702.191,109.871,23870.419,2622.659
238.000,CL,264.742,56.648,82405.783,1709.377,109.871,23979.732,2634.670
239.000,CL,264.742,56.648,82332.779,1716.564,109.871,24088.619,2646.633
240.000,CL,264.742,56.648,82259.827,1723.751,109.871,24154.258,2653.845
241.000,CL,264.742,56.648,82186.928,1730.937,109.871,24176.437,2656.282
242.000,CL,264.742,56.648,82114.081,1738.124,109.871,24250.653,2664.436
243.000,CL,264.742,56.648,82041.286,1745.310,109.871,24256.274,2665.053
244.000,CL,264.742,56.648,81968.544,1752.497,109.871,24235.757,2662.799
245.000,CL,264.742,56.648,81895.854,1759.684,109.871,24285.302,2668.243
246.000,CL,264.742,56.648,81823.216,1766.870,109.871,24219.766,2661.042
247.000,CL,264.742,56.648,81750.630,1774.057,109.871,24285.655,2668.282
248.000,CL,264.742,56.648,81678.096,1781.243,109.871,24251.977,2664.581
249.000,CL,264.742,56.648,81605.615,1788.430,109.871,24170.211,2655.598
250.000,CL,264.742,56.648,81533.185,1795.617,109.871,24119.007,2649.972
251.000,CL,264.742,56.648,81460.808,1802.803,109.871,24115.490,2649.585
252.000,CL,264.742,56.648,81388.483,1809.990,109.871,24109.651,2648.944
253.000,CL,264.742,56.648,81316.209,1817.176,109.871,24127.139,2650.865
254.000,CL,264.742,56.648,81243.988,1824.363,109.871,24212.084,2660.198
255.000,CL,264.742,56.648,81171.818,1831.550,109.871,24202.015,2659.092
256.000,CL,264.742,56.648,81099.701,1838.736,109.871,24229.712,2662.135
257.000,CL,264.742,56.648,81027.635,1845.923,109.871,24217.130,2660.753
258.000,CL,264.742,56.648,80955.621,1853.109,109.871,24155.205,2653.949
259.000,CL,264.742,56.648,80883.660,1860.296,109.871,24024.076,2639.542
260.000,CL,264.742,56.648,80811.749,1867.482,109.871,23967.654,2633.343
261.000,CL,264.742,56.648,80739.891,1874.669,109.871,23878.466,2623.543
262.000,CL,264.742,56.648,80668.085,1881.856,109.871,23777.107,2612.407
263.000,CL,264.742,56.648,80596.330,1889.042,109.871,23671.581,2600.813
264.000,CL,264.742,56.648,80524.626,1896.229,109.871,23470.181,2578.685
265.000,CL,264.742,56.648,80452.975,1903.415,109.871,23292.656,2559.180
266.000,CL,264.742,56.648,80381.375,1910.602,109.871,23116.671,2539.845
267.000,CL,264.742,56.648,80309.827,1917.789,109.871,22908.943,2517.021
268.000,CL,264.742,56.648,80238.330,1924.975,109.871,22633.798,2486.791
269.000,CL,264.742,56.648,80166.885,1932.162,109.871,22415.603,2462.818
270.000,CL,264.742,56.648,80095.491,1939.348,109.871,22197.471,2438.851
271.000,CL,264.742,56.648,80024.149,1946.535,109.871,21921.489,2408.529
272.000,CL,264.742,56.648,79952.858,1953.722,109.871,21777.901,2392.753
273.000,CL,264.742,56.648,79881.619,1960.908,109.871,21606.713,2373.944
274.000,CL,264.742,56.648,79810.431,1968.095,109.871,21496.215,2361.804
275.000,CL,264.742,56.648,79739.295,1975.281,109.871,21331.621,2343.720
276.000,CL,264.742,56.648,79668.210,1982.468,109.871,21215.660,2330.979
277.000,CL,264.742,56.648,79597.176,1989.655,109.871,21145.567,2323.278
278.000,CL,264.742,56.648,79526.194,1996.841,109.871,21112.974,2319.697
279.000,CL,264.742,56.648,79455.262,2004.028,109.871,21122.496,2320.743
280.000,CL,264.742,56.648,79384.382,2011.214,109.871,21201.641,2329.439
281.000,CL,264.742,56.648,79313.554,2018.401,109.871,21288.954,2339.032
282.000,CL,264.742,56.648,79242.776,2025.587,109.871,21330.535,2343.600
283.000,CL,264.742,56.648,79172.050,2032.774,109.871,21376.452,2348.646
284.000,CL,264.742,56.648,79101.374,2039.961,109.871,21432.717,2354.827
285.000,CL,264.742,56.648,79030.750,2047.147,109.871,21489.450,2361.061
286.000,CL,264.742,56.648,78960.177,2054.334,109.871,21565.261,2369.390
287.000,CL,264.742,56.648,78889.655,2061.520,109.871,21673.106,2381.239
288.000,CL,264.742,56.648,78819.184,2068.707,109.871,21755.082,2390.246
289.000,CL,264.742,56.648,78748.764,2075.894,109.871,21801.839,2395.383
290.000,CL,264.742,56.648,78678.394,2083.080,109.871,21937.855,2410.327
291.000,CL,264.742,56.648,78608.076,2090.267,109.871,22095.308,2427.627
292.000,CL,264.742,56.648,78537.809,2097.453,109.871,22338.256,2454.319
293.000,CL,264.742,56.648,78467.592,2104.640,109.871,22656.837,2489.322
294.000,CL,264.742,56.648,78397.427,2111.827,109.871,22895.300,2515.522
295.000,CL,264.742,56.648,78327.312,2119.013,109.871,23152.716,2543.805
296.000,CL,264.742,56.648,78257.248,2126.200,109.871,23414.625,2572.581
297.000,CL,264.742,56.648,78187.235,2133.386,109.871,23709.587,2604.989
298.000,CL,264.742,56.648,78117.272,2140.573,109.871,24052.835,2642.702
299.000,CL,264.742,56.648,78047.360,2147.760,109.871,24275.302,2667.144
300.000,CL,264.742,56.648,77977.499,2154.946,109.871,24546.773,2696.971
301.000,CL,264.742,56.648,77907.688,2162.133,109.871,24703.681,2714.210
302.000,CL,264.742,56.648,77837.929,2169.319,109.871,24901.500,2735.945
303.000,CL,264.742,56.648,77768.219,2176.506,109.871,25101.913,2757.964
304.000,CL,264.742,56.648,77698.560,2183.692,109.871,25300.744,2779.810
305.000,CL,264.742,56.648,77628.952,2190.879,109.871,25567.216,2809.088
306.000,CL,264.742,56.648,77559.394,2198.066,109.871,25840.137,2839.074
307.000,CL,264.742,56.648,77489.887,2205.252,109.871,26166.027,2874.879
308.000,CL,264.742,56.648,77420.430,2212.439,109.871,26532.473,2915.141
309.000,CL,264.742,56.648,77351.024,2219.625,109.871,26915.840,2957.262
310.000,CL,264.742,56.648,77281.668,2226.812,109.871,27192.692,2987.680
311.000,CL,264.742,56.648,77212.362,2233.999,109.871,27455.012,3016.501
312.000,CL,264.742,56.648,77143.107,2241.185,109.871,27588.584,3031.177
313.000,CL,264.742,56.648,77073.902,2248.372,109.871,27656.265,3038.613
314.000,CL,264.742,56.648,77004.747,2255.558,109.871,27617.651,3034.370
315.000,CL,264.742,56.648,76935.643,2262.745,109.871,27519.127,3023.545
316.000,CL,264.742,56.648,76866.589,2269.932,109.871,27377.776,3008.015
317.000,CL,264.742,56.648,76797.585,2277.118,109.871,27143.976,2982.327
318.000,CL,264.742,56.648,76728.631,2284.305,109.871,26814.059,2946.079
319.000,CL,264.742,56.648,76659.727,2291.491,109.871,26459.010,2907.070
320.000,CL,264.742,56.648,76590.874,2298.678,109.871,25963.600,2852.639
321.000,CL,264.742,56.648,76522.070,2305.864,109.871,25430.875,2794.108
322.000,CL,264.742,56.648,76453.317,2313.051,109.871,24919.089,2737.877
323.000,CL,264.742,56.648,76384.613,2320.238,109.871,24359.151,2676.357
324.000,CL,264.742,56.648,76315.960,2327.424,109.871,23815.606,2616.637
325.000,CL,264.742,56.648,76247.356,2334.611,109.871,23293.204,2559.240
326.000,CL,264.742,56.648,76178.803,2341.797,109.871,22750.912,2499.658
327.000,CL,264.742,56.648,76110.299,2348.984,109.871,22300.964,2450.222
328.000,CL,264.742,56.648,76041.845,2356.171,109.871,21908.512,2407.103
329.000,CL,264.742,56.648,75973.441,2363.357,109.871,21517.127,2364.102
330.000,CL,264.742,56.648,75905.087,2370.544,109.871,21264.478,2336.343
331.000,CL,264.742,56.648,75836.783,2377.730,109.871,21022.800,2309.790
332.000,CL,264.742,56.648,75768.529,2384.917,109.871,20900.574,2296.360
333.000,CL,264.742,56.648,75700.324,2392.104,109.871,20848.278,2290.615
334.000,CL,264.742,56.648,75632.169,2399.290,109.871,20822.826,2287.818
335.000,CL,264.742,56.648,75564.064,2406.477,109.871,20865.180,2292.472
336.000,CL,264.742,56.648,75496.008,2413.663,109.871,21007.246,2308.081
337.000,CL,264.742,56.648,75428.002,2420.850,109.871,21090.431,2317.220
338.000,CL,264.742,56.648,75360.046,2428.037,109.871,21137.780,2322.422
339.000,CL,264.742,56.648,75292.139,2435.223,109.871,21238.723,2333.513
340.000,CL,264.742,56.648,75224.282,2442.410,109.871,21402.103,2351.464
341.000,CL,264.742,56.648,75156.474,2449.596,109.871,21583.987,2371.447
342.000,CL,264.742,56.648,75088.716,2456.783,109.871,21697.154,2383.881
343.000,CL,264.742,56.648,75021.008,2463.969,109.871,21916.928,2408.028
344.000,CL,264.742,56.648,74953.348,2471.156,109.871,22028.871,2420.327
345.000,CL,264.742,56.648,74885.738,2478.343,109.871,22226.013,2441.987
346.000,CL,264.742,56.648,74818.178,2485.529,109.871,22408.271,2462.012
347.000,CL,264.742,56.648,74750.667,2492.716,109.871,22603.178,2483.427
348.000,CL,264.742,56.648,74683.205,2499.902,109.871,22803.000,2505.381
349.000,CL,264.742,56.648,74615.793,2507.089,109.871,22937.808,2520.193
350.000,CL,264.742,56.648,74548.430,2514.276,109.871,23117.826,2539.971
351.000,CL,264.742,56.648,74481.116,2521.462,109.871,23316.570,2561.808
352.000,CL,264.742,56.648,74413.851,2528.649,109.871,23486.110,2580.435
353.000,CL,264.742,56.648,74346.636,2535.835,109.871,23716.029,2605.696
354.000,CL,264.742,56.648,74279.469,2543.022,109.871,23870.195,2622.635
355.000,CL,264.742,56.648,74212.352,2550.209,109.871,24037.155,2640.979
356.000,CL,264.742,56.648,74145.284,2557.395,109.871,24197.841,2658.633
357.000,CL,264.742,56.648,74078.265,2564.582,109.871,24335.158,2673.721
358.000,CL,264.742,56.648,74011.295,2571.768,109.871,24376.168,2678.226
359.000,CL,264.742,56.648,73944.374,2578.955,109.871,24604.724,2703.338
360.000,CL,264.742,56.648,73877.502,2586.142,109.871,24744.092,2718.650
361.000,CL,264.742,56.648,73810.680,2593.328,109.871,24888.588,2734.526
362.000,CL,264.742,56.648,73743.906,2600.515,109.871,25030.966,2750.169
363.000,CL,264.742,56.648,73677.181,2607.701,109.871,25267.043,2776.107
364.000,CL,264.742,56.648,73610.505,2614.888,109.871,25474.519,2798.903
365.000,CL,264.742,56.648,73543.877,2622.074,109.871,25752.137,2829.405
366.000,CL,264.742,56.648,73477.299,2629.261,109.871,26007.045,2857.412
367.000,CL,264.742,56.648,73410.769,2636.448,109.871,26184.653,2876.926
368.000,CL,264.742,56.648,73344.288,2643.634,109.871,26478.806,2909.245
369.000,CL,264.742,56.648,73277.856,2650.821,109.871,26733.504,2937.228
370.000,CL,264.742,56.648,73211.473,2658.007,109.871,26936.931,2959.579
371.000,CL,264.742,56.648,73145.139,2665.194,109.871,27291.684,2998.556
372.000,CL,264.742,56.648,73078.853,2672.381,109.871,27549.664,3026.901
373.000,CL,264.742,56.648,73012.615,2679.567,109.871,27698.022,3043.201
374.000,CL,264.742,56.648,72946.427,2686.754,109.871,28008.109,3077.270
375.000,CL,264.742,56.648,72880.287,2693.940,109.871,28246.109,3103.419
376.000,CL,264.742,56.648,72814.195,2701.127,109.871,28460.638,3126.990
377.000,CL,264.742,56.648,72748.152,2708.314,109.871,28646.371,3147.396
378.000,CL,264.742,56.648,72682.158,2715.500,109.871,28734.914,3157.125
379.000,CL,264.742,56.648,72616.212,2722.687,109.871,28748.417,3158.608
380.000,CL,264.742,56.648,72550.314,2729.873,109.871,28719.218,3155.400
381.000,CL,264.742,56.648,72484.465,2737.060,109.871,28592.628,3141.492
382.000,CL,264.742,56.648,72418.664,2744.247,109.871,28472.665,3128.311
383.000,CL,264.742,56.648,72352.912,2751.433,109.871,28262.821,3105.256
384.000,CL,264.742,56.648,72287.208,2758.620,109.871,28052.045,3082.097
385.000,CL,264.742,56.648,72221.553,2765.806,109.871,27714.226,3044.981
386.000,CL,264.742,56.648,72155.945,2772.993,109.871,27343.193,3004.215
387.000,CL,264.742,56.648,72090.386,2780.179,109.871,27030.643,2969.875
388.000,CL,264.742,56.648,72024.875,2787.366,109.871,26736.353,2937.541
389.000,CL,264.742,56.648,71959.413,2794.553,109.871,26416.783,2902.430
390.000,CL,264.742,56.648,71893.998,2801.739,109.871,26183.669,2876.818
391.000,CL,264.742,56.648,71828.632,2808.926,109.871,25851.576,2840.330
392.000,CL,264.742,56.648,71763.314,2816.112,109.871,25674.268,2820.849
393.000,CL,264.742,56.648,71698.044,2823.299,109.871,25540.280,2806.128
394.000,CL,264.742,56.648,71632.822,2830.486,109.871,25460.512,2797.364
395.000,CL,264.742,56.648,71567.648,2837.672,109.871,25368.472,2787.251
396.000,CL,264.742,56.648,71502.522,2844.859,109.871,25289.033,2778.523
397.000,CL,264.742,56.648,71437.444,2852.045,109.871,25250.613,2774.302
398.000,CL,264.742,56.648,71372.415,2859.232,109.871,25198.993,2768.631
399.000,CL,264.742,56.648,71307.433,2866.419,109.871,25175.084,2766.004
400.000,CL,264.742,56.648,71242.499,2873.605,109.871,25146.831,2762.900
401.000,CL,264.742,56.648,71177.612,2880.792,109.871,25155.644,2763.868
402.000,CL,264.742,56.648,71112.774,2887.978,109.871,25186.305,2767.237
403.000,CL,264.742,56.648,71047.984,2895.165,109.871,25287.342,2778.338
404.000,CL,264.742,56.648,70983.241,2902.352,109.871,25326.923,2782.686
405.000,CL,264.742,56.648,70918.546,2909.538,109.871,25336.689,2783.759
406.000,CL,264.742,56.648,70853.899,2916.725,109.871,25334.776,2783.549
407.000,CL,264.742,56.648,70789.300,2923.911,109.871,25263.874,2775.759
408.000,CL,264.742,56.648,70724.748,2931.098,109.871,25153.025,2763.580
409.000,CL,264.742,56.648,70660.244,2938.284,109.871,25020.722,2749.044
410.000,CL,264.742,56.648,70595.788,2945.471,109.871,24856.702,2731.023
411.000,CL,264.742,56.648,70531.379,2952.658,109.871,24574.624,2700.031
412.000,CL,264.742,56.648,70467.018,2959.844,109.871,24286.675,2668.394
413.000,CL,264.742,56.648,70402.704,2967.031,109.871,23972.870,2633.916
414.000,CL,264.742,56.648,70338.438,2974.217,109.871,23661.458,2599.701
415.000,CL,264.742,56.648,70274.219,2981.404,109.871,23343.230,2564.737
416.000,CL,264.742,56.648,70210.048,2988.591,109.871,23046.503,2532.135
417.000,CL,264.742,56.648,70145.925,2995.777,109.871,22749.432,2499.496
418.000,CL,264.742,56.648,70081.849,3002.964,109.871,22414.048,2462.647
419.000,CL,264.742,56.648,70017.820,3010.150,109.871,22062.062,2423.974
420.000,CL,264.742,56.648,69953.838,3017.337,109.871,21697.366,2383.904
421.000,CL,264.742,56.648,69889.904,3024.524,109.871,21364.006,2347.278
422.000,CL,264.742,56.648,69826.018,3031.710,109.871,21178.875,2326.938
423.000,CL,264.742,56.648,69762.178,3038.897,109.871,21004.252,2307.752
424.000,CL,264.742,56.648,69698.386,3046.083,109.871,20849.637,2290.764
425.000,CL,264.742,56.648,69634.641,3053.270,109.871,20700.685,2274.398
426.000,CL,264.742,56.648,69570.943,3060.457,109.871,20674.447,2271.516
427.000,CL,264.742,56.648,69507.293,3067.643,109.871,20741.055,2278.834
428.000,CL,264.742,56.648,69443.690,3074.830,109.871,20942.861,2301.007
429.000,CL,264.742,56.648,69380.133,3082.016,109.871,21030.701,2310.658
430.000,CL,264.742,56.648,69316.624,3089.203,109.871,21294.239,2339.613
431.000,CL,264.742,56.648,69253.162,3096.389,109.871,21614.315,2374.780
432.000,CL,264.742,56.648,69189.747,3103.576,109.871,21813.003,2396.610
433.000,CL,264.742,56.648,69126.379,3110.763,109.871,22086.794,2426.691
434.000,CL,264.742,56.648,69063.058,3117.949,109.871,22378.466,2458.737
435.000,CL,264.742,56.648,68999.784,3125.136,109.871,22655.480,2489.173
436.000,CL,264.742,56.648,68936.557,3132.322,109.871,22965.270,2523.210
437.000,CL,264.742,56.648,68873.377,3139.509,109.871,23261.743,2555.784
438.000,CL,264.742,56.648,68810.244,3146.696,109.871,23600.439,2592.996
439.000,CL,264.742,56.648,68747.158,3153.882,109.871,23867.165,2622.302
440.000,CL,264.742,56.648,68684.118,3161.069,109.871,24206.769,2659.614
441.000,CL,264.742,56.648,68621.126,3168.255,109.871,24517.064,2693.707
442.000,CL,264.742,56.648,68558.180,3175.442,109.871,24864.239,2731.851
443.000,CL,264.742,56.648,68495.281,3182.629,109.871,25220.236,2770.965
444.000,CL,264.742,56.648,68432.428,3189.815,109.871,25589.517,2811.538
445.000,CL,264.742,56.648,68369.623,3197.002,109.871,25958.766,2852.107
446.000,CL,264.742,56.648,68306.864,3204.188,109.871,26300.225,2889.624
447.000,CL,264.742,56.648,68244.151,3211.375,109.871,26568.223,2919.069
448.000,CL,264.742,56.648,68181.486,3218.562,109.871,26745.425,2938.538
449.000,CL,264.742,56.648,68118.867,3225.748,109.871,26893.072,2954.760
450.000,CL,264.742,56.648,68056.294,3232.935,109.871,26938.305,2959.730
451.000,CL,264.742,56.648,67993.768,3240.121,109.871,26992.768,2965.714
452.000,CL,264.742,56.648,67931.289,3247.308,109.871,26998.357,2966.328
453.000,CL,264.742,56.648,67868.856,3254.494,109.871,27008.645,2967.458
454.000,CL,264.742,56.648,67806.469,3261.681,109.871,26962.430,2962.381
455.000,CL,264.742,56.648,67744.129,3268.868,109.871,26896.728,2955.162
456.000,CL,264.742,56.648,67681.835,3276.054,109.871,26898.959,2955.407
457.000,CL,264.742,56.648,67619.588,3283.241,109.871,26814.933,2946.175
458.000,CL,264.742,56.648,67557.387,3290.427,109.871,26715.296,2935.228
459.000,CL,264.742,56.648,67495.233,3297.614,109.871,26616.743,2924.400
460.000,CL,264.742,56.648,67433.125,3304.801,109.871,26509.320,2912.597
461.000,CL,264.742,56.648,67371.063,3311.987,109.871,26482.265,2909.625
462.000,CL,264.742,56.648,67309.047,3319.174,109.871,26443.344,2905.348
463.000,CL,264.742,56.648,67247.078,3326.360,109.871,26474.606,2908.783
464.000,CL,264.742,56.648,67185.154,3333.547,109.871,26552.249,2917.314
465.000,CL,264.742,56.648,67123.277,3340.734,109.871,26615.358,2924.248
466.000,CL,264.742,56.648,67061.446,3347.920,109.871,26729.442,2936.782
467.000,CL,264.742,56.648,66999.662,3355.107,109.871,26891.936,2954.635
468.000,CL,264.742,56.648,66937.923,3362.293,109.871,27039.988,2970.902
469.000,CL,264.742,56.648,66876.230,3369.480,109.871,27103.246,2977.852
470.000,CL,264.742,56.648,66814.584,3376.667,109.871,27206.971,2989.249
471.000,CL,264.742,56.648,66752.983,3383.853,109.871,27205.688,2989.108
472.000,CL,264.742,56.648,66691.429,3391.040,109.871,27224.528,2991.178
473.000,CL,264.742,56.648,66629.920,3398.226,109.871,27278.807,2997.141
474.000,CL,264.742,56.648,66568.458,3405.413,109.871,27350.447,3005.012
475.000,CL,264.742,56.648,66507.041,3412.599,109.871,27379.899,3008.248
476.000,CL,264.742,56.648,66445.670,3419.786,109.871,27358.045,3005.847
477.000,CL,264.742,56.648,66384.345,3426.973,109.871,27359.871,3006.048
478.000,CL,264.742,56.648,66323.066,3434.159,109.871,27307.915,3000.339
479.000,CL,264.742,56.648,66261.833,3441.346,109.871,27229.846,2991.762
480.000,CL,264.742,56.648,66200.645,3448.532,109.871,27041.981,2971.121
481.000,CL,264.742,56.648,66139.504,3455.719,109.871,26909.010,2956.511
482.000,CL,264.742,56.648,66078.408,3462.906,109.871,26750.211,2939.064
483.000,CL,264.742,56.648,66017.357,3470.092,109.871,26526.617,2914.498
484.000,CL,264.742,56.648,65956.353,3477.279,109.871,26293.717,2888.909
485.000,CL,264.742,56.648,65895.394,3484.465,109.871,26065.139,2863.795
486.000,CL,264.742,56.648,65834.480,3491.652,109.871,25730.132,2826.987
487.000,CL,264.742,56.648,65773.613,3498.839,109.871,25464.343,2797.785
488.000,CL,264.742,56.648,65712.791,3506.025,109.871,25112.866,2759.168
489.000,CL,264.742,56.648,65652.014,3513.212,109.871,24819.395,2726.924
490.000,CL,264.742,56.648,65591.283,3520.398,109.871,24507.638,2692.671
491.000,CL,264.742,56.648,65530.597,3527.585,109.871,24240.092,2663.276
492.000,CL,264.742,56.648,65469.957,3534.772,109.871,23997.049,2636.572
493.000,CL,264.742,56.648,65409.362,3541.958,109.871,23793.157,2614.170
494.000,CL,264.742,56.648,65348.813,3549.145,109.871,23654.516,2598.938
495.000,CL,264.742,56.648,65288.309,3556.331,109.871,23614.482,2594.539
496.000,CL,264.742,56.648,65227.851,3563.518,109.871,23572.262,2589.901
497.000,CL,264.742,56.648,65167.438,3570.704,109.871,23570.632,2589.721
498.000,CL,264.742,56.648,65107.070,3577.891,109.871,23569.058,2589.549
499.000,CL,264.742,56.648,65046.747,3585.078,109.871,23618.933,2595.028
500.000,CL,264.742,56.648,64986.470,3592.264,109.871,23663.307,2599.904
501.000,CL,264.742,56.648,64926.238,3599.451,109.871,23719.256,2606.051
502.000,CL,264.742,56.648,64866.051,3606.637,109.871,23724.664,2606.645
503.000,CL,264.742,56.648,64805.910,3613.824,109.871,23719.189,2606.044
504.000,CL,264.742,56.648,64745.813,3621.011,109.871,23654.580,2598.945
505.000,CL,264.742,56.648,64685.762,3628.197,109.871,23572.871,2589.968
506.000,CL,264.742,56.648,64625.756,3635.384,109.871,23381.505,2568.942
507.000,CL,264.742,56.648,64565.794,3642.570,109.871,23208.325,2549.915
508.000,CL,264.742,56.648,64505.878,3649.757,109.871,23068.464,2534.548
509.000,CL,264.742,56.648,64446.007,3656.944,109.871,22807.380,2505.862
510.000,CL,264.742,56.648,64386.181,3664.130,109.871,22654.034,2489.014
511.000,CL,264.742,56.648,64326.400,3671.317,109.871,22385.867,2459.551
512.000,CL,264.742,56.648,64266.664,3678.503,109.871,22137.141,2432.223
513.000,CL,264.742,56.648,64206.973,3685.690,109.871,21939.732,2410.533
514.000,CL,264.742,56.648,64147.327,3692.877,109.871,21786.240,2393.669
515.000,CL,264.742,56.648,64087.725,3700.063,109.871,21664.661,2380.311
516.000,CL,264.742,56.648,64028.169,3707.250,109.871,21495.931,2361.773
517.000,CL,264.742,56.648,63968.657,3714.436,109.871,21401.934,2351.445
518.000,CL,264.742,56.648,63909.190,3721.623,109.871,21399.450,2351.172
519.000,CL,264.742,56.648,63849.768,3728.809,109.871,21453.094,2357.066
520.000,CL,264.742,56.648,63790.390,3735.996,109.871,21546.904,2367.373
521.000,CL,264.742,56.648,63731.058,3743.183,109.871,21614.091,2374.755
522.000,CL,264.742,56.648,63671.769,3750.369,109.871,21782.860,2393.298
523.000,CL,264.742,56.648,63612.526,3757.556,109.871,21950.677,2411.736
524.000,CL,264.742,56.648,63553.327,3764.742,109.871,22161.818,2434.934
525.000,CL,264.742,56.648,63494.173,3771.929,109.871,22362.292,2456.960
526.000,CL,264.742,56.648,63435.064,3779.116,109.871,22597.768,2482.832
527.000,CL,264.742,56.648,63375.999,3786.302,109.871,22809.279,2506.071
528.000,CL,264.742,56.648,63316.979,3793.489,109.871,23001.301,2527.169
529.000,CL,264.742,56.648,63258.003,3800.675,109.871,23180.957,2546.908
530.000,CL,264.742,56.648,63199.071,3807.862,109.871,23371.154,2567.805
531.000,CL,264.742,56.648,63140.184,3815.049,109.871,23594.002,2592.289
532.000,CL,264.742,56.648,63081.342,3822.235,109.871,23780.213,2612.748
533.000,CL,264.742,56.648,63022.544,3829.422,109.871,23941.760,2630.498
534.000,CL,264.742,56.648,62963.790,3836.608,109.871,24118.208,2649.884
535.000,CL,264.742,56.648,62905.081,3843.795,109.871,24338.342,2674.070
536.000,CL,264.742,56.648,62846.416,3850.982,109.871,24380.812,2678.737
537.000,CL,264.742,56.648,62787.795,3858.168,109.871,24504.124,2692.285
538.000,CL,264.742,56.648,62729.219,3865.355,109.871,24600.072,2702.827
539.000,CL,264.742,56.648,62670.686,3872.541,109.871,24714.033,2715.348
540.000,CL,264.742,56.648,62612.199,3879.728,109.871,24740.416,2718.246
541.000,CL,264.742,56.648,62553.755,3886.914,109.871,24702.530,2714.084
542.000,CL,264.742,56.648,62495.355,3894.101,109.871,24863.987,2731.823
543.000,CL,264.742,56.648,62437.000,3901.288,109.871,24903.784,2736.196
544.000,CL,264.742,56.648,62378.689,3908.474,109.871,24940.305,2740.208
545.000,CL,264.742,56.648,62320.422,3915.661,109.871,25081.143,2755.682
546.000,CL,264.742,56.648,62262.199,3922.847,109.871,25195.117,2768.205
547.000,CL,264.742,56.648,62204.020,3930.034,109.871,25297.902,2779.498
548.000,CL,264.742,56.648,62145.885,3937.221,109.871,25442.685,2795.405
549.000,CL,264.742,56.648,62087.794,3944.407,109.871,25640.455,2817.134
550.000,CL,264.742,56.648,62029.747,3951.594,109.871,25801.766,2834.858
551.000,CL,264.742,56.648,61971.744,3958.780,109.871,25899.382,2845.583
552.000,CL,264.742,56.648,61913.784,3965.967,109.871,25979.050,2854.336
553.000,CL,264.742,56.648,61855.869,3973.154,109.871,26057.026,2862.903
554.000,CL,264.742,56.648,61797.998,3980.340,109.871,26090.519,2866.583
555.000,CL,264.742,56.648,61740.170,3987.527,109.871,26116.727,2869.463
556.000,CL,264.742,56.648,61682.387,3994.713,109.871,26175.240,2875.892
557.000,CL,264.742,56.648,61624.647,4001.900,109.871,26241.910,2883.217
558.000,CL,264.742,56.648,61566.951,4009.087,109.871,26219.425,2880.746
559.000,CL,264.742,56.648,61509.298,4016.273,109.871,26161.247,2874.354
560.000,CL,264.742,56.648,61451.690,4023.460,109.871,26073.146,2864.674
561.000,CL,264.742,56.648,61394.125,4030.646,109.871,26042.811,2861.342
562.000,CL,264.742,56.648,61336.604,4037.833,109.871,25948.547,2850.985
563.000,CL,264.742,56.648,61279.126,4045.019,109.871,25789.704,2833.533
564.000,CL,264.742,56.648,61221.692,4052.206,109.871,25626.405,2815.591
565.000,CL,264.742,56.648,61164.302,4059.393,109.871,25472.988,2798.735
566.000,CL,264.742,56.648,61106.955,4066.579,109.871,25290.909,2778.729
567.000,CL,264.742,56.648,61049.652,4073.766,109.871,25042.489,2751.435
568.000,CL,264.742,56.648,60992.392,4080.952,109.871,24844.223,2729.652
569.000,CL,264.742,56.648,60935.176,4088.139,109.871,24573.121,2699.866
570.000,CL,264.742,56.648,60878.003,4095.326,109.871,24368.098,2677.340
571.000,CL,264.742,56.648,60820.873,4102.512,109.871,24173.734,2655.985
572.000,CL,264.742,56.648,60763.788,4109.699,109.871,24025.515,2639.700
573.000,CL,264.742,56.648,60706.745,4116.885,109.871,23933.470,2629.587
574.000,CL,264.742,56.648,60649.746,4124.072,109.871,23807.130,2615.706
575.000,CL,264.742,56.648,60592.790,4131.259,109.871,23811.818,2616.221
576.000,CL,264.742,56.648,60535.878,4138.445,109.871,23794.303,2614.296
577.000,CL,264.742,56.648,60479.008,4145.632,109.871,23840.491,2619.371
578.000,CL,264.742,56.648,60422.182,4152.818,109.871,23854.275,2620.886
579.000,CL,264.742,56.648,60365.400,4160.005,109.871,23915.818,2627.647
580.000,CL,264.742,56.648,60308.660,4167.192,109.871,23987.188,2635.489
581.000,CL,264.742,56.648,60251.964,4174.378,109.871,24034.719,2640.711
582.000,CL,264.742,56.648,60195.311,4181.565,109.871,24177.183,2656.364
583.000,CL,264.742,56.648,60138.701,4188.751,109.871,24309.300,2670.879
584.000,CL,264.742,56.648,60082.134,4195.938,109.871,24376.621,2678.276
585.000,CL,264.742,56.648,60025.610,4203.124,109.871,24435.581,2684.754
586.000,CL,264.742,56.648,59969.130,4210.311,109.871,24420.643,2683.113
587.000,CL,264.742,56.648,59912.692,4217.498,109.871,24436.682,2684.875
588.000,CL,264.742,56.648,59856.297,4224.684,109.871,24354.011,2675.792
589.000,CL,264.742,56.648,59799.946,4231.871,109.871,24334.033,2673.597
590.000,CL,264.742,56.648,59743.637,4239.057,109.871,24309.540,2670.906
591.000,CL,264.742,56.648,59687.371,4246.244,109.871,24216.804,2660.717
592.000,CL,264.742,56.648,59631.148,4253.431,109.871,24183.449,2657.052
593.000,CL,264.742,56.648,59574.968,4260.617,109.871,24230.157,2662.184
594.000,CL,264.742,56.648,59518.831,4267.804,109.871,24327.722,2672.903
595.000,CL,264.742,56.648,59462.737,4274.990,109.871,24414.835,2682.475
596.000,CL,264.742,56.648,59406.686,4282.177,109.871,24547.474,2697.048
597.000,CL,264.742,56.648,59350.677,4289.364,109.871,24763.450,2720.777
598.000,CL,264.742,56.648,59294.711,4296.550,109.871,25014.284,2748.337
599.000,CL,264.742,56.648,59238.788,4303.737,109.871,25378.838,2788.390
600.000,CL,264.742,56.648,59182.908,4310.923,109.871,25764.262,2830.737
601.000,CL,264.742,56.648,59127.070,4318.110,109.871,26204.132,2879.066
602.000,CL,264.742,56.648,59071.275,4325.297,109.871,26549.865,2917.052
603.000,CL,264.742,56.648,59015.522,4332.483,109.871,26931.483,2958.980
604.000,CL,264.742,56.648,58959.813,4339.670,109.871,27246.862,2993.631
605.000,CL,264.742,56.648,58904.145,4346.856,109.871,27597.409,3032.146
606.000,CL,264.742,56.648,58848.521,4354.043,109.871,27819.692,3056.569
607.000,CL,264.742,56.648,58792.939,4361.229,109.871,27991.574,3075.453
608.000,CL,264.742,56.648,58737.399,4368.416,109.871,27997.253,3076.077
609.000,CL,264.742,56.648,58681.902,4375.603,109.871,28036.892,3080.433
610.000,CL,264.742,56.648,58626.447,4382.789,109.871,27993.839,3075.702
611.000,CL,264.742,56.648,58571.035,4389.976,109.871,27861.428,3061.154
612.000,CL,264.742,56.648,58515.666,4397.162,109.871,27777.997,3051.988
613.000,CL,264.742,56.648,58460.338,4404.349,109.871,27671.753,3040.315
614.000,CL,264.742,56.648,58405.053,4411.536,109.871,27533.831,3025.161
615.000,CL,264.742,56.648,58349.811,4418.722,109.871,27496.160,3021.022
616.000,CL,264.742,56.648,58294.610,4425.909,109.871,27363.762,3006.475
617.000,CL,264.742,56.648,58239.452,4433.095,109.871,27262.394,2995.338
618.000,CL,264.742,56.648,58184.336,4440.282,109.871,27195.767,2988.018
619.000,CL,264.742,56.648,58129.263,4447.469,109.871,27073.943,2974.633
620.000,CL,264.742,56.648,58074.232,4454.655,109.871,26979.161,2964.219
621.000,CL,264.742,56.648,58019.242,4461.842,109.871,26853.055,2950.364
622.000,CL,264.742,56.648,57964.295,4469.028,109.871,26732.308,2937.097
623.000,CL,264.742,56.648,57909.391,4476.215,109.871,26703.232,2933.902
624.000,CL,264.742,56.648,57854.528,4483.402,109.871,26588.995,2921.351
625.000,CL,264.742,56.648,57799.707,4490.588,109.871,26401.090,2900.706
626.000,CL,264.742,56.648,57744.929,4497.775,109.871,26240.489,2883.061
627.000,CL,264.742,56.648,57690.192,4504.961,109.871,26041.988,2861.251
628.000,CL,264.742,56.648,57635.498,4512.148,109.871,25877.578,2843.187
629.000,CL,264.742,56.648,57580.845,4519.334,109.871,25828.852,2837.834
630.000,CL,264.742,56.648,57526.235,4526.521,109.871,25764.083,2830.718
631.000,CL,264.742,56.648,57471.666,4533.708,109.871,25674.341,2820.857
632.000,CL,264.742,56.648,57417.140,4540.894,109.871,25639.103,2816.986
633.000,CL,264.742,56.648,57362.655,4548.081,109.871,25550.199,2807.218
634.000,CL,264.742,56.648,57308.212,4555.267,109.871,25510.631,2802.871
635.000,CL,264.742,56.648,57253.811,4562.454,109.871,25462.200,2797.549
636.000,CL,264.742,56.648,57199.452,4569.641,109.871,25509.055,2802.697
637.000,CL,264.742,56.648,57145.135,4576.827,109.871,25693.358,2822.947
638.000,CL,264.742,56.648,57090.859,4584.014,109.871,25808.135,2835.557
639.000,CL,264.742,56.648,57036.625,4591.200,109.871,25937.999,2849.826
640.000,CL,264.742,56.648,56982.433,4598.387,109.871,25998.502,2856.473
641.000,CL,264.742,56.648,56928.283,4605.574,109.871,26043.762,2861.446
642.000,CL,264.742,56.648,56874.174,4612.760,109.871,26047.211,2861.825
643.000,CL,264.742,56.648,56820.107,4619.947,109.871,26024.451,2859.324
644.000,CL,264.742,56.648,56766.081,4627.133,109.871,25953.554,2851.535
645.000,CL,264.742,56.648,56712.097,4634.320,109.871,25891.623,2844.730
646.000,CL,264.742,56.648,56658.155,4641.507,109.871,25779.085,2832.366
647.000,CL,264.742,56.648,56604.254,4648.693,109.871,25574.122,2809.846
648.000,CL,264.742,56.648,56550.395,4655.880,109.871,25383.775,2788.933
649.000,CL,264.742,56.648,56496.577,4663.066,109.871,25253.639,2774.635
650.000,CL,264.742,56.648,56442.801,4670.253,109.871,25092.578,2756.939
651.000,CL,264.742,56.648,56389.066,4677.439,109.871,24950.736,2741.354
652.000,CL,264.742,56.648,56335.373,4684.626,109.871,24836.349,2728.787
653.000,CL,264.742,56.648,56281.721,4691.813,109.871,24684.629,2712.117
654.000,CL,264.742,56.648,56228.111,4698.999,109.871,24552.369,2697.586
655.000,CL,264.742,56.648,56174.541,4706.186,109.871,24504.209,2692.294
656.000,CL,264.742,56.648,56121.014,4713.372,109.871,24368.318,2677.364
657.000,CL,264.742,56.648,56067.527,4720.559,109.871,24323.864,2672.480
658.000,CL,264.742,56.648,56014.082,4727.746,109.871,24334.921,2673.694
659.000,CL,264.742,56.648,55960.678,4734.932,109.871,24339.910,2674.243
660.000,CL,264.742,56.648,55907.315,4742.119,109.871,24407.217,2681.638
661.000,CL,264.742,56.648,55853.993,4749.305,109.871,24506.550,2692.551
662.000,CL,264.742,56.648,55800.713,4756.492,109.871,24649.672,2708.276
663.000,CL,264.742,56.648,55747.474,4763.679,109.871,24776.865,2722.251
664.000,CL,264.742,56.648,55694.276,4770.865,109.871,24823.771,2727.405
665.000,CL,264.742,56.648,55641.119,4778.052,109.871,24893.046,2735.016
666.000,CL,264.742,56.648,55588.003,4785.238,109.871,24891.392,2734.834
667.000,CL,264.742,56.648,55534.928,4792.425,109.871,24892.306,2734.935
668.000,CL,264.742,56.648,55481.894,4799.612,109.871,24885.771,2734.217
669.000,CL,264.742,56.648,55428.902,4806.798,109.871,24817.057,2726.667
670.000,CL,264.742,56.648,55375.950,4813.985,109.871,24772.615,2721.784
671.000,CL,264.742,56.648,55323.039,4821.171,109.871,24764.162,2720.856
672.000,CL,264.742,56.648,55270.169,4828.358,109.871,24661.335,2709.558
673.000,CL,264.742,56.648,55217.340,4835.544,109.871,24441.263,2685.378
674.000,CL,264.742,56.648,55164.552,4842.731,109.871,24219.449,2661.007
675.000,CL,264.742,56.648,55111.805,4849.918,109.871,23981.236,2634.835
676.000,CL,264.742,56.648,55059.099,4857.104,109.871,23700.817,2604.025
677.000,CL,264.742,56.648,55006.433,4864.291,109.871,23411.808,2572.271
678.000,CL,264.742,56.648,54953.809,4871.477,109.871,23165.840,2545.247
679.000,CL,264.742,56.648,54901.225,4878.664,109.871,22943.766,2520.847
680.000,CL,264.742,56.648,54848.682,4885.851,109.871,22741.305,2498.603
681.000,CL,264.742,56.648,54796.179,4893.037,109.871,22588.585,2481.823
682.000,CL,264.742,56.648,54743.717,4900.224,109.871,22532.812,2475.696
683.000,CL,264.742,56.648,54691.296,4907.410,109.871,22562.969,2479.009
684.000,CL,264.742,56.648,54638.916,4914.597,109.871,22667.134,2490.454
685.000,CL,264.742,56.648,54586.576,4921.784,109.871,22809.584,2506.105
686.000,CL,264.742,56.648,54534.277,4928.970,109.871,22929.358,2519.264
687.000,CL,264.742,56.648,54482.018,4936.157,109.871,22990.560,2525.989
688.000,CL,264.742,56.648,54429.800,4943.343,109.871,23150.399,2543.550
689.000,CL,264.742,56.648,54377.623,4950.530,109.871,23249.957,2554.489
690.000,CL,264.742,56.648,54325.486,4957.717,109.871,23337.830,2564.143
691.000,CL,264.742,56.648,54273.389,4964.903,109.871,23444.199,2575.830
692.000,CL,264.742,56.648,54221.333,4972.090,109.871,23580.668,2590.824
693.000,CL,264.742,56.648,54169.318,4979.276,109.871,23707.310,2604.738
694.000,CL,264.742,56.648,54117.343,4986.463,109.871,23735.847,2607.874
695.000,CL,264.742,56.648,54065.408,4993.649,109.871,23863.968,2621.951
696.000,CL,264.742,56.648,54013.513,5000.836,109.871,23972.654,2633.892
697.000,CL,264.742,56.648,53961.659,5008.023,109.871,24073.561,2644.979
698.000,CL,264.742,56.648,53909.846,5015.209,109.871,24164.312,2654.950
699.000,CL,264.742,56.648,53858.072,5022.396,109.871,24240.104,2663.277
700.000,CL,264.742,56.648,53806.339,5029.582,109.871,24316.940,2671.719
701.000,CL,264.742,56.648,53754.646,5036.769,109.871,24359.918,2676.441
702.000,CL,264.742,56.648,53702.993,5043.956,109.871,24291.684,2668.944
703.000,CL,264.742,56.648,53651.381,5051.142,109.871,24213.697,2660.375
704.000,CL,264.742,56.648,53599.808,5058.329,109.871,24084.847,2646.219
705.000,CL,264.742,56.648,53548.276,5065.515,109.871,24007.488,2637.719
706.000,CL,264.742,56.648,53496.784,5072.702,109.871,23929.289,2629.127
707.000,CL,264.742,56.648,53445.332,5079.889,109.871,23841.561,2619.489
708.000,CL,264.742,56.648,53393.920,5087.075,109.871,23737.887,2608.098
709.000,CL,264.742,56.648,53342.548,5094.262,109.871,23543.768,2586.770
710.000,CL,264.742,56.648,53291.216,5101.448,109.871,23362.204,2566.821
711.000,CL,264.742,56.648,53239.924,5108.635,109.871,23227.325,2552.002
712.000,CL,264.742,56.648,53188.673,5115.822,109.871,23092.592,2537.199
713.000,CL,264.742,56.648,53137.461,5123.008,109.871,23056.409,2533.223
714.000,CL,264.742,56.648,53086.289,5130.195,109.871,23031.314,2530.466
715.000,CL,264.742,56.648,53035.157,5137.381,109.871,22981.992,2525.047
716.000,CL,264.742,56.648,52984.064,5144.568,109.871,22923.897,2518.664
717.000,CL,264.742,56.648,52933.012,5151.754,109.871,22989.807,2525.906
718.000,CL,264.742,56.648,52882.000,5158.941,109.871,23090.218,2536.938
719.000,CL,264.742,56.648,52831.027,5166.128,109.871,23257.542,2555.322
720.000,CL,264.742,56.648,52780.094,5173.314,109.871,23389.765,2569.850
721.000,CL,264.742,56.648,52729.201,5180.501,109.871,23502.855,2582.275
722.000,CL,264.742,56.648,52678.348,5187.687,109.871,23612.757,2594.350
723.000,CL,264.742,56.648,52627.534,5194.874,109.871,23793.833,2614.245
724.000,CL,264.742,56.648,52576.760,5202.061,109.871,23927.408,2628.921
725.000,CL,264.742,56.648,52526.026,5209.247,109.871,23984.619,2635.207
726.000,CL,264.742,56.648,52475.331,5216.434,109.871,24076.990,2645.355
727.000,CL,264.742,56.648,52424.676,5223.620,109.871,24143.783,2652.694
728.000,CL,264.742,56.648,52374.061,5230.807,109.871,24179.968,2656.670
729.000,CL,264.742,56.648,52323.485,5237.994,109.871,24247.694,2664.111
730.000,CL,264.742,56.648,52272.949,5245.180,109.871,24335.953,2673.808
731.000,CL,264.742,56.648,52222.452,5252.367,109.871,24309.037,2670.851
732.000,CL,264.742,56.648,52171.995,5259.553,109.871,24422.544,2683.322
733.000,CL,264.742,56.648,52121.577,5266.740,109.871,24464.131,2687.891
734.000,CL,264.742,56.648,52071.199,5273.927,109.871,24498.198,2691.634
735.000,CL,264.742,56.648,52020.860,5281.113,109.871,24505.194,2692.403
736.000,CL,264.742,56.648,51970.561,5288.300,109.871,24537.080,2695.906
737.000,CL,264.742,56.648,51920.301,5295.486,109.871,24656.064,2708.979
738.000,CL,264.742,56.648,51870.080,5302.673,109.871,24703.493,2714.190
739.000,CL,264.742,56.648,51819.899,5309.859,109.871,24700.598,2713.872
740.000,CL,264.742,56.648,51769.757,5317.046,109.871,24540.501,2696.282
741.000,CL,264.742,56.648,51719.654,5324.233,109.871,24398.254,2680.653
742.000,CL,264.742,56.648,51669.591,5331.419,109.871,24210.160,2659.987
743.000,CL,264.742,56.648,51619.567,5338.606,109.871,24127.205,2650.873
744.000,CL,264.742,56.648,51569.582,5345.792,109.871,23947.748,2631.155
745.000,CL,264.742,56.648,51519.636,5352.979,109.871,23781.094,2612.845
746.000,CL,264.742,56.648,51469.729,5360.166,109.871,23585.952,2591.405
747.000,CL,264.742,56.648,51419.862,5367.352,109.871,23440.022,2575.371
748.000,CL,264.742,56.648,51370.033,5374.539,109.871,23249.970,2554.490
749.000,CL,264.742,56.648,51320.244,5381.725,109.871,23140.486,2542.461
750.000,CL,264.742,56.648,51270.494,5388.912,109.871,23082.429,2536.082
751.000,CL,264.742,56.648,51220.783,5396.099,109.871,23046.798,2532.168
752.000,CL,264.742,56.648,51171.111,5403.285,109.871,23007.664,2527.868
753.000,CL,264.742,56.648,51121.478,5410.472,109.871,23024.712,2529.741
754.000,CL,264.742,56.648,51071.884,5417.658,109.871,23154.832,2544.037
755.000,CL,264.742,56.648,51022.329,5424.845,109.871,23136.036,2541.972
756.000,CL,264.742,56.648,50972.813,5432.032,109.871,23318.523,2562.022
757.000,CL,264.742,56.648,50923.336,5439.218,109.871,23381.284,2568.918
758.000,CL,264.742,56.648,50873.897,5446.405,109.871,23566.105,2589.224
759.000,CL,264.742,56.648,50824.498,5453.591,109.871,23684.874,2602.273
760.000,CL,264.742,56.648,50775.137,5460.778,109.871,23728.538,2607.071
761.000,CL,264.742,56.648,50725.816,5467.964,109.871,23867.333,2622.320
762.000,CL,264.742,56.648,50676.533,5475.151,109.871,23921.914,2628.317
763.000,CL,264.742,56.648,50627.289,5482.338,109.871,23914.356,2627.487
764.000,CL,264.742,56.648,50578.083,5489.524,109.871,23805.071,2615.479
765.000,CL,264.742,56.648,50528.916,5496.711,109.871,23696.302,2603.529
766.000,CL,264.742,56.648,50479.788,5503.897,109.871,23497.829,2581.723
767.000,CL,264.742,56.648,50430.699,5511.084,109.871,23272.669,2556.984
768.000,CL,264.742,56.648,50381.649,5518.271,109.871,23127.166,2540.998
769.000,CL,264.742,56.648,50332.637,5525.457,109.871,22939.689,2520.399
770.000,CL,264.742,56.648,50283.663,5532.644,109.871,22760.678,2500.731
771.000,CL,264.742,56.648,50234.728,5539.830,109.871,22602.986,2483.406
772.000,CL,264.742,56.648,50185.832,5547.017,109.871,22443.842,2465.920
773.000,CL,264.742,56.648,50136.975,5554.204,109.871,22299.644,2450.077
774.000,CL,264.742,56.648,50088.155,5561.390,109.871,22167.886,2435.601
775.000,CL,264.742,56.648,50039.375,5568.577,109.871,22036.030,2421.114
776.000,CL,264.742,56.648,49990.633,5575.763,109.871,22002.514,2417.431
777.000,CL,264.742,56.648,49941.929,5582.950,109.871,22008.851,2418.128
778.000,CL,264.742,56.648,49893.264,5590.137,109.871,22106.664,2428.874
779.000,CL,264.742,56.648,49844.637,5597.323,109.871,22215.193,2440.798
780.000,CL,264.742,56.648,49796.048,5604.510,109.871,22365.774,2457.343
781.000,CL,264.742,56.648,49747.498,5611.696,109.871,22606.586,2483.801
782.000,CL,264.742,56.648,49698.986,5618.883,109.871,22861.754,2511.837
783.000,CL,264.742,56.648,49650.513,5626.069,109.871,23148.208,2543.309
784.000,CL,264.742,56.648,49602.078,5633.256,109.871,23486.757,2580.506
785.000,CL,264.742,56.648,49553.681,5640.443,109.871,23814.516,2616.517
786.000,CL,264.742,56.648,49505.322,5647.629,109.871,24062.074,2643.717
787.000,CL,264.742,56.648,49457.001,5654.816,109.871,24346.397,2674.955
788.000,CL,264.742,56.648,49408.719,5662.002,109.871,24555.066,2697.882
789.000,CL,264.742,56.648,49360.475,5669.189,109.871,24725.715,2716.631
790.000,CL,264.742,56.648,49312.269,5676.376,109.871,24881.123,2733.706
791.000,CL,264.742,56.648,49264.101,5683.562,109.871,24886.912,2734.342
792.000,CL,264.742,56.648,49215.972,5690.749,109.871,24988.354,2745.488
793.000,CL,264.742,56.648,49167.880,5697.935,109.871,25026.516,2749.681
794.000,CL,264.742,56.648,49119.826,5705.122,109.871,25020.442,2749.013
795.000,CL,264.742,56.648,49071.811,5712.309,109.871,25021.314,2749.109
796.000,CL,264.742,56.648,49023.833,5719.495,109.871,25008.984,2747.754
797.000,CL,264.742,56.648,48975.894,5726.682,109.871,25139.792,2762.126
798.000,CL,264.742,56.648,48927.992,5733.868,109.871,25128.200,2760.853
799.000,CL,264.742,56.648,48880.129,5741.055,109.871,25177.242,2766.241
800.000,CL,264.742,56.648,48832.303,5748.242,109.871,25205.852,2769.384
801.000,CL,264.742,56.648,48784.515,5755.428,109.871,25262.508,2775.609
802.000,CL,264.742,56.648,48736.765,5762.615,109.871,25319.885,2781.913
803.000,CL,264.742,56.648,48689.053,5769.801,109.871,25475.686,2799.031
804.000,CL,264.742,56.648,48641.379,5776.988,109.871,25511.862,2803.006
805.000,CL,264.742,56.648,48593.742,5784.174,109.871,25518.573,2803.743
806.000,CL,264.742,56.648,48546.144,5791.361,109.871,25542.571,2806.380
807.000,CL,264.742,56.648,48498.583,5798.548,109.871,25547.218,2806.890
808.000,CL,264.742,56.648,48451.060,5805.734,109.871,25442.304,2795.363
809.000,CL,264.742,56.648,48403.574,5812.921,109.871,25418.315,2792.728
810.000,CL,264.742,56.648,48356.126,5820.107,109.871,25372.757,2787.722
811.000,CL,264.742,56.648,48308.716,5827.294,109.871,25338.342,2783.941
812.000,CL,264.742,56.648,48261.344,5834.481,109.871,25358.632,2786.170
813.000,CL,264.742,56.648,48214.009,5841.667,109.871,25427.500,2793.737
814.000,CL,264.742,56.648,48166.712,5848.854,109.871,25335.163,2783.592
815.000,CL,264.742,56.648,48119.452,5856.040,109.871,25185.578,2767.157
816.000,CL,264.742,56.648,48072.230,5863.227,109.871,25083.929,2755.988
817.000,CL,264.742,56.648,48025.046,5870.414,109.871,24948.843,2741.147
818.000,CL,264.742,56.648,47977.899,5877.600,109.871,24812.941,2726.215
819.000,CL,264.742,56.648,47930.789,5884.787,109.871,24675.190,2711.080
820.000,CL,264.742,56.648,47883.717,5891.973,109.871,24520.147,2694.045
821.000,CL,264.742,56.648,47836.682,5899.160,109.871,24353.797,2675.768
822.000,CL,264.742,56.648,47789.685,5906.346,109.871,24302.091,2670.087
823.000,CL,264.742,56.648,47742.725,5913.533,109.871,24215.143,2660.534
824.000,CL,264.742,56.648,47695.803,5920.720,109.871,24161.665,2654.659
825.000,CL,264.742,56.648,47648.918,5927.906,109.871,24088.468,2646.616
826.000,CL,264.742,56.648,47602.070,5935.093,109.871,24071.084,2644.707
827.000,CL,264.742,56.648,47555.259,5942.279,109.871,24060.321,2643.524
828.000,CL,264.742,56.648,47508.486,5949.466,109.871,24029.417,2640.129
829.000,CL,264.742,56.648,47461.750,5956.653,109.871,24004.204,2637.358
830.000,CL,264.742,56.648,47415.051,5963.839,109.871,23979.562,2634.651
831.000,CL,264.742,56.648,47368.390,5971.026,109.871,24040.675,2641.365
832.000,CL,264.742,56.648,47321.766,5978.212,109.871,24085.180,2646.255
833.000,CL,264.742,56.648,47275.178,5985.399,109.871,24205.070,2659.428
834.000,CL,264.742,56.648,47228.628,5992.586,109.871,24276.973,2667.328
835.000,CL,264.742,56.648,47182.116,5999.772,109.871,24284.624,2668.168
836.000,CL,264.742,56.648,47135.640,6006.959,109.871,24362.197,2676.691
837.000,CL,264.742,56.648,47089.201,6014.145,109.871,24408.222,2681.748
838.000,CL,264.742,56.648,47042.799,6021.332,109.871,24488.855,2690.607
839.000,CL,264.742,56.648,47041.691,6021.504,109.896,24596.794,2703.084
840.000,CL,264.742,56.648,47038.415,6022.011,109.970,24662.620,2712.147
841.000,CL,264.742,56.648,47033.048,6022.843,110.092,24646.363,2713.356
842.000,CL,264.742,56.648,47025.664,6023.987,110.259,24675.164,2720.653
843.000,CL,264.742,56.648,47016.339,6025.433,110.470,24626.695,2720.511
844.000,CL,264.742,56.648,47005.148,6027.167,110.724,24549.547,2718.213
845.000,CL,264.742,56.648,46992.168,6029.180,111.018,24492.958,2719.153
846.000,CL,264.742,56.648,46977.474,6031.459,111.351,24470.779,2724.841
847.000,CL,264.742,56.648,46961.141,6033.993,111.721,24338.892,2719.168
848.000,CL,264.742,56.648,46943.247,6036.770,112.127,24199.155,2713.378
849.000,CL,264.742,56.648,46923.867,6039.778,112.567,24112.536,2714.268
850.000,CL,264.742,56.648,46903.076,6043.007,113.039,24044.398,2717.943
851.000,CL,264.742,56.648,46880.952,6046.444,113.541,23888.895,2712.365
852.000,CL,264.742,56.648,46857.570,6050.077,114.072,23693.332,2702.743
853.000,CL,264.742,56.648,46833.006,6053.896,114.630,23478.103,2691.296
854.000,CL,264.742,56.648,46807.336,6057.889,115.214,23318.676,2686.628
855.000,CL,264.742,56.648,46780.635,6062.044,115.821,23131.891,2679.154
856.000,CL,264.742,56.648,46752.981,6066.349,116.450,22885.979,2665.073
857.000,CL,264.742,56.648,46724.448,6070.793,117.100,22708.921,2659.204
858.000,CL,264.742,56.648,46695.112,6075.364,117.768,22515.967,2651.653
859.000,CL,264.742,56.648,46665.048,6080.052,118.453,22305.214,2642.114
860.000,CL,264.742,56.648,46634.333,6084.843,119.153,22091.857,2632.312
861.000,CL,264.742,56.648,46603.040,6089.727,119.867,22019.723,2639.436
862.000,CL,264.742,56.648,46571.246,6094.693,120.593,21850.360,2634.991
863.000,CL,264.742,56.648,46539.024,6099.727,121.328,21737.808,2637.413
864.000,CL,264.742,56.648,46506.451,6104.820,122.073,21432.851,2616.366
865.000,CL,264.742,56.648,46473.600,6109.959,122.824,21273.961,2612.948
866.000,CL,264.742,56.648,46440.546,6115.132,123.580,21031.763,2599.103
867.000,CL,264.742,56.648,46407.363,6120.329,124.339,20771.553,2582.723
868.000,CR,252.245,52.774,46374.125,6125.538,125.101,20208.117,2528.048
869.000,CR,252.245,52.774,46340.907,6130.746,125.862,19897.932,2504.390
870.000,CR,252.245,52.774,46307.782,6135.943,126.621,19615.858,2483.787
871.000,CR,252.245,52.774,46274.823,6141.116,127.378,19356.447,2465.576
872.000,CR,252.245,52.774,46242.105,6146.255,128.129,19085.406,2445.386
873.000,CR,252.245,52.774,46209.700,6151.348,128.873,18837.620,2427.658
874.000,CR,252.245,52.774,46177.681,6156.382,129.609,18623.517,2413.770
875.000,CR,252.245,52.774,46146.122,6161.348,130.334,18354.527,2392.226
876.000,CR,252.245,52.774,46115.095,6166.232,131.048,18192.398,2384.081
877.000,CR,252.245,52.774,46084.673,6171.023,131.749,18006.660,2372.350
878.000,CR,252.245,52.774,46054.928,6175.711,132.434,17774.134,2353.892
879.000,CR,252.245,52.774,46025.933,6180.282,133.102,17626.036,2346.056
880.000,CR,252.245,52.774,45997.760,6184.726,133.751,17479.386,2337.889
881.000,CR,252.245,52.774,45970.481,6189.032,134.380,17345.425,2330.886
882.000,CR,252.245,52.774,45944.168,6193.186,134.988,17179.084,2318.965
883.000,CR,252.245,52.774,45918.893,6197.179,135.571,17097.040,2317.867
884.000,CR,252.245,52.774,45894.728,6200.998,136.129,17020.732,2317.021
885.000,CR,252.245,52.774,45871.745,6204.631,136.660,16948.017,2316.123
886.000,CR,252.245,52.774,45850.015,6208.068,137.163,16857.549,2312.228
887.000,CR,252.245,52.774,45829.611,6211.297,137.635,16738.681,2303.821
888.000,CR,252.245,52.774,45810.604,6214.305,138.074,16652.989,2299.350
889.000,CR,252.245,52.774,45793.065,6217.082,138.480,16565.870,2294.044
890.000,CR,252.245,52.774,45777.067,6219.616,138.850,16476.928,2287.829
891.000,CR,252.245,52.774,45762.681,6221.895,139.184,16427.658,2286.459
892.000,CR,252.245,52.774,45749.979,6223.908,139.478,16330.326,2277.716
893.000,CR,252.245,52.774,45739.034,6225.642,139.731,16257.422,2271.670
894.000,CR,252.245,52.774,45729.916,6227.088,139.942,16228.528,2271.061
895.000,CR,252.245,52.774,45722.698,6228.232,140.110,16158.553,2263.971
896.000,CR,252.245,52.774,45717.452,6229.064,140.231,16155.845,2265.555
897.000,CR,252.245,52.774,45714.252,6229.571,140.305,16163.559,2267.836
898.000,CR,252.245,52.774,45713.169,6229.743,140.331,16197.682,2273.030
899.000,CR,252.245,52.774,45713.169,6229.743,140.331,16210.091,2274.771
900.000,CR,252.245,52.774,45713.169,6229.743,140.331,16217.826,2275.857
901.000,CR,252.245,52.774,45713.169,6229.743,140.331,16236.409,2278.465
902.000,CR,252.245,52.774,45713.169,6229.743,140.331,16325.620,2290.984
903.000,CR,252.245,52.774,45713.169,6229.743,140.331,16420.289,2304.269
904.000,CR,252.245,52.774,45713.169,6229.743,140.331,16443.169,2307.479
905.000,CR,252.245,52.774,45713.169,6229.743,140.331,16452.019,2308.721
906.000,CR,252.245,52.774,45713.169,6229.743,140.331,16433.604,2306.137
907.000,CR,252.245,52.774,45713.169,6229.743,140.331,16394.560,2300.658
908.000,CR,252.245,52.774,45713.169,6229.743,140.331,16451.726,2308.680
909.000,CR,252.245,52.774,45713.169,6229.743,140.331,16430.756,2305.737
910.000,CR,252.245,52.774,45713.169,6229.743,140.331,16411.877,2303.088
911.000,CR,252.245,52.774,45713.169,6229.743,140.331,16420.843,2304.346
912.000,CR,252.245,52.774,45713.169,6229.743,140.331,16400.926,2301.551
913.000,CR,252.245,52.774,45713.169,6229.743,140.331,16383.703,2299.135
914.000,CR,252.245,52.774,45713.169,6229.743,140.331,16402.544,2301.778
915.000,CR,252.245,52.774,45713.169,6229.743,140.331,16436.479,2306.541
916.000,CR,252.245,52.774,45713.169,6229.743,140.331,16400.683,2301.517
917.000,CR,252.245,52.774,45713.169,6229.743,140.331,16425.808,2305.043
918.000,CR,252.245,52.774,45713.169,6229.743,140.331,16356.081,2295.258
919.000,CR,252.245,52.774,45713.169,6229.743,140.331,16400.967,2301.557
920.000,CR,252.245,52.774,45713.169,6229.743,140.331,16419.304,2304.130
921.000,CR,252.245,52.774,45713.169,6229.743,140.331,16459.051,2309.708
922.000,CR,252.245,52.774,45713.169,6229.743,140.331,16481.411,2312.846
923.000,CR,252.245,52.774,45713.169,6229.743,140.331,16544.338,2321.676
924.000,CR,252.245,52.774,45713.169,6229.743,140.331,16557.512,2323.525
925.000,CR,252.245,52.774,45713.169,6229.743,140.331,16506.832,2316.413
926.000,CR,252.245,52.774,45713.169,6229.743,140.331,16466.245,2310.718
927.000,CR,252.245,52.774,45713.169,6229.743,140.331,16430.380,2305.685
928.000,CR,252.245,52.774,45713.169,6229.743,140.331,16391.112,2300.174
929.000,CR,252.245,52.774,45713.169,6229.743,140.331,16303.297,2287.851
930.000,CR,252.245,52.774,45713.169,6229.743,140.331,16298.270,2287.146
931.000,CR,252.245,52.774,45713.169,6229.743,140.331,16279.323,2284.487
932.000,CR,252.245,52.774,45713.169,6229.743,140.331,16237.584,2278.629
933.000,CR,252.245,52.774,45713.169,6229.743,140.331,16077.633,2256.183
934.000,CR,252.245,52.774,45713.169,6229.743,140.331,16094.642,2258.570
935.000,CR,252.245,52.774,45713.169,6229.743,140.331,16075.786,2255.924
936.000,CR,252.245,52.774,45713.169,6229.743,140.331,16045.388,2251.658
937.000,CR,252.245,52.774,45713.169,6229.743,140.331,16060.224,2253.740
938.000,CR,252.245,52.774,45713.169,6229.743,140.331,16055.657,2253.100
939.000,CR,252.245,52.774,45713.169,6229.743,140.331,16065.851,2254.530
940.000,CR,252.245,52.774,45713.169,6229.743,140.331,16127.655,2263.203
941.000,CR,252.245,52.774,45713.169,6229.743,140.331,16103.971,2259.879
942.000,CR,252.245,52.774,45713.169,6229.743,140.331,16132.114,2263.829
943.000,CR,252.245,52.774,45713.169,6229.743,140.331,16152.933,2266.750
944.000,CR,252.245,52.774,45713.169,6229.743,140.331,16227.186,2277.170
945.000,CR,252.245,52.774,45713.169,6229.743,140.331,16278.928,2284.431
946.000,CR,252.245,52.774,45713.169,6229.743,140.331,16261.464,2281.981
947.000,CR,252.245,52.774,45713.169,6229.743,140.331,16256.170,2281.238
948.000,CR,252.245,52.774,45713.169,6229.743,140.331,16281.572,2284.802
949.000,CR,252.245,52.774,45713.169,6229.743,140.331,16303.593,2287.893
950.000,CR,252.245,52.774,45713.169,6229.743,140.331,16357.291,2295.428
951.000,CR,252.245,52.774,45713.169,6229.743,140.331,16424.787,2304.900
952.000,CR,252.245,52.774,45713.169,6229.743,140.331,16427.764,2305.318
953.000,CR,252.245,52.774,45713.169,6229.743,140.331,16441.113,2307.191
954.000,CR,252.245,52.774,45713.169,6229.743,140.331,16317.103,2289.788
955.000,CR,252.245,52.774,45713.169,6229.743,140.331,16326.009,2291.038
956.000,CR,252.245,52.774,45713.169,6229.743,140.331,16280.574,2284.662
957.000,CR,252.245,52.774,45713.169,6229.743,140.331,16260.949,2281.908
958.000,CR,252.245,52.774,45713.169,6229.743,140.331,16206.429,2274.257
959.000,CR,252.245,52.774,45713.169,6229.743,140.331,16121.157,2262.291
960.000,CR,252.245,52.774,45713.169,6229.743,140.331,16152.358,2266.670
961.000,CR,252.245,52.774,45713.169,6229.743,140.331,16112.453,2261.070
962.000,CR,252.245,52.774,45713.169,6229.743,140.331,16068.342,2254.880
963.000,CR,252.245,52.774,45713.169,6229.743,140.331,16078.229,2256.267
964.000,CR,252.245,52.774,45713.169,6229.743,140.331,16043.604,2251.408
965.000,CR,252.245,52.774,45713.169,6229.743,140.331,16062.184,2254.016
966.000,CR,252.245,52.774,45713.169,6229.743,140.331,16040.287,2250.943
967.000,CR,252.245,52.774,45713.169,6229.743,140.331,16042.438,2251.245
968.000,CR,252.245,52.774,45713.169,6229.743,140.331,16111.056,2260.874
969.000,CR,252.245,52.774,45713.169,6229.743,140.331,16027.714,2249.178
970.000,CR,252.245,52.774,45713.169,6229.743,140.331,16031.956,2249.774
971.000,CR,252.245,52.774,45713.169,6229.743,140.331,16007.503,2246.342
972.000,CR,252.245,52.774,45713.169,6229.743,140.331,16003.059,2245.718
973.000,CR,252.245,52.774,45713.169,6229.743,140.331,15973.978,2241.637
974.000,CR,252.245,52.774,45713.169,6229.743,140.331,15972.856,2241.480
975.000,CR,252.245,52.774,45713.169,6229.743,140.331,15972.468,2241.426
976.000,CR,252.245,52.774,45713.169,6229.743,140.331,15936.899,2236.434
977.000,CR,252.245,52.774,45713.169,6229.743,140.331,15904.173,2231.842
978.000,CR,252.245,52.774,45713.169,6229.743,140.331,15887.662,2229.525
979.000,CR,252.245,52.774,45713.169,6229.743,140.331,15807.216,2218.236
980.000,CR,252.245,52.774,45713.169,6229.743,140.331,15784.175,2215.002
981.000,CR,252.245,52.774,45713.169,6229.743,140.331,15839.824,2222.812
982.000,CR,252.245,52.774,45713.169,6229.743,140.331,15848.839,2224.077
983.000,CR,252.245,52.774,45713.169,6229.743,140.331,15814.990,2219.327
984.000,CR,252.245,52.774,45713.169,6229.743,140.331,15785.996,2215.258
985.000,CR,252.245,52.774,45713.169,6229.743,140.331,15838.773,2222.664
986.000,CR,252.245,52.774,45713.169,6229.743,140.331,15774.036,2213.579
987.000,CR,252.245,52.774,45713.169,6229.743,140.331,15751.922,2210.476
988.000,CR,252.245,52.774,45713.169,6229.743,140.331,15730.273,2207.438
989.000,CR,252.245,52.774,45713.169,6229.743,140.331,15738.534,2208.598
990.000,CR,252.245,52.774,45713.169,6229.743,140.331,15793.442,2216.303
991.000,CR,252.245,52.774,45713.169,6229.743,140.331,15829.540,2221.368
992.000,CR,252.245,52.774,45713.169,6229.743,140.331,15784.001,2214.978
993.000,CR,252.245,52.774,45713.169,6229.743,140.331,15820.735,2220.133
994.000,CR,252.245,52.774,45713.169,6229.743,140.331,15911.738,2232.903
995.000,CR,252.245,52.774,45713.169,6229.743,140.331,15916.572,2233.582
996.000,CR,252.245,52.774,45713.169,6229.743,140.331,15926.970,2235.041
997.000,CR,252.245,52.774,45713.169,6229.743,140.331,15853.162,2224.683
998.000,CR,252.245,52.774,45713.169,6229.743,140.331,15904.686,2231.914
999.000,CR,252.245,52.774,45713.169,6229.743,140.331,15890.156,2229.875
1000.000,CR,252.245,52.774,45713.169,6229.743,140.331,15894.978,2230.551
1001.000,CR,252.245,52.774,45713.169,6229.743,140.331,15890.915,2229.981
1002.000,CR,252.245,52.774,45713.169,6229.743,140.331,15878.295,2228.210
1003.000,CR,252.245,52.774,45713.169,6229.743,140.331,15926.752,2235.010
1004.000,CR,252.245,52.774,45713.169,6229.743,140.331,15952.744,2238.658
1005.000,CR,252.245,52.774,45713.169,6229.743,140.331,15914.001,2233.221
1006.000,CR,252.245,52.774,45713.169,6229.743,140.331,15886.269,2229.329
1007.000,CR,252.245,52.774,45713.169,6229.743,140.331,15881.924,2228.720
1008.000,CR,252.245,52.774,45713.169,6229.743,140.331,15883.914,2228.999
1009.000,CR,252.245,52.774,45713.169,6229.743,140.331,15906.605,2232.183
1010.000,CR,252.245,52.774,45713.169,6229.743,140.331,15894.649,2230.505
1011.000,CR,252.245,52.774,45713.169,6229.743,140.331,15921.347,2234.252
1012.000,CR,252.245,52.774,45713.169,6229.743,140.331,15904.682,2231.913
1013.000,CR,252.245,52.774,45713.169,6229.743,140.331,15904.472,2231.884
1014.000,CR,252.245,52.774,45713.169,6229.743,140.331,15861.317,2225.828
1015.000,CR,252.245,52.774,45713.169,6229.743,140.331,15850.604,2224.324
1016.000,CR,252.245,52.774,45713.169,6229.743,140.331,15843.227,2223.289
1017.000,CR,252.245,52.774,45713.169,6229.743,140.331,15790.992,2215.959
1018.000,CR,252.245,52.774,45713.169,6229.743,140.331,15756.732,2211.151
1019.000,CR,252.245,52.774,45713.169,6229.743,140.331,15749.515,2210.139
1020.000,CR,252.245,52.774,45713.169,6229.743,140.331,15751.516,2210.419
1021.000,CR,252.245,52.774,45713.169,6229.743,140.331,15760.709,2211.709
1022.000,CR,252.245,52.774,45713.169,6229.743,140.331,15776.592,2213.938
1023.000,CR,252.245,52.774,45713.169,6229.743,140.331,15790.139,2215.839
1024.000,CR,252.245,52.774,45713.169,6229.743,140.331,15755.602,2210.993
1025.000,CR,252.245,52.774,45713.169,6229.743,140.331,15686.749,2201.330
1026.000,CR,252.245,52.774,45713.169,6229.743,140.331,15719.063,2205.865
1027.000,CR,252.245,52.774,45713.169,6229.743,140.331,15683.481,2200.872
1028.000,CR,252.245,52.774,45713.169,6229.743,140.331,15660.738,2197.680
1029.000,CR,252.245,52.774,45713.169,6229.743,140.331,15628.871,2193.209
1030.000,CR,252.245,52.774,45713.169,6229.743,140.331,15649.807,2196.146
1031.000,CR,252.245,52.774,45713.169,6229.743,140.331,15693.470,2202.274
1032.000,CR,252.245,52.774,45713.169,6229.743,140.331,15704.281,2203.791
1033.000,CR,252.245,52.774,45713.169,6229.743,140.331,15771.677,2213.249
1034.000,CR,252.245,52.774,45713.169,6229.743,140.331,15797.232,2216.835
1035.000,CR,252.245,52.774,45713.169,6229.743,140.331,15786.330,2215.305
1036.000,CR,252.245,52.774,45713.169,6229.743,140.331,15803.454,2217.708
1037.000,CR,252.245,52.774,45713.169,6229.743,140.331,15789.685,2215.776
1038.000,CR,252.245,52.774,45713.169,6229.743,140.331,15791.216,2215.990
1039.000,CR,252.245,52.774,45713.169,6229.743,140.331,15875.759,2227.854
1040.000,CR,252.245,52.774,45713.169,6229.743,140.331,15901.681,2231.492
1041.000,CR,252.245,52.774,45713.169,6229.743,140.331,15935.433,2236.228
1042.000,CR,252.245,52.774,45713.169,6229.743,140.331,15985.074,2243.195
1043.000,CR,252.245,52.774,45713.169,6229.743,140.331,15972.070,2241.370
1044.000,CR,252.245,52.774,45713.169,6229.743,140.331,16014.605,2247.339
1045.000,CR,252.245,52.774,45713.169,6229.743,140.331,15969.000,2240.939
1046.000,CR,252.245,52.774,45713.169,6229.743,140.331,16046.726,2251.846
1047.000,CR,252.245,52.774,45713.169,6229.743,140.331,16013.828,2247.230
1048.000,CR,252.245,52.774,45713.169,6229.743,140.331,15983.285,2242.944
1049.000,CR,252.245,52.774,45713.169,6229.743,140.331,15941.099,2237.024
1050.000,CR,252.245,52.774,45713.169,6229.743,140.331,15886.104,2229.306
1051.000,CR,252.245,52.774,45713.169,6229.743,140.331,15873.377,2227.520
1052.000,CR,252.245,52.774,45713.169,6229.743,140.331,15831.462,2221.638
1053.000,CR,252.245,52.774,45713.169,6229.743,140.331,15843.943,2223.390
1054.000,CR,252.245,52.774,45713.169,6229.743,140.331,15840.628,2222.924
1055.000,CR,252.245,52.774,45713.169,6229.743,140.331,15868.469,2226.831
1056.000,CR,252.245,52.774,45713.169,6229.743,140.331,15831.832,2221.690
1057.000,CR,252.245,52.774,45713.169,6229.743,140.331,15838.556,2222.634
1058.000,CR,252.245,52.774,45713.169,6229.743,140.331,15810.594,2218.710
1059.000,CR,252.245,52.774,45713.169,6229.743,140.331,15785.468,2215.184
1060.000,CR,252.245,52.774,45713.169,6229.743,140.331,15785.130,2215.136
1061.000,CR,252.245,52.774,45713.169,6229.743,140.331,15783.358,2214.888
1062.000,CR,252.245,52.774,45713.169,6229.743,140.331,15834.700,2222.093
1063.000,CR,252.245,52.774,45713.169,6229.743,140.331,15840.489,2222.905
1064.000,CR,252.245,52.774,45713.169,6229.743,140.331,15849.232,2224.132
1065.000,CR,252.245,52.774,45713.169,6229.743,140.331,15864.886,2226.329
1066.000,CR,252.245,52.774,45713.169,6229.743,140.331,15841.178,2223.002
1067.000,CR,252.245,52.774,45713.169,6229.743,140.331,15916.052,2233.509
1068.000,CR,252.245,52.774,45713.169,6229.743,140.331,15930.055,2235.474
1069.000,CR,252.245,52.774,45713.169,6229.743,140.331,15913.256,2233.116
1070.000,CR,252.245,52.774,45713.169,6229.743,140.331,15903.283,2231.717
1071.000,CR,252.245,52.774,45713.169,6229.743,140.331,15920.179,2234.088
1072.000,CR,252.245,52.774,45713.169,6229.743,140.331,15958.750,2239.501
1073.000,CR,252.245,52.774,45713.169,6229.743,140.331,15973.492,2241.569
1074.000,CR,252.245,52.774,45713.169,6229.743,140.331,15990.516,2243.958
1075.000,CR,252.245,52.774,45713.169,6229.743,140.331,16040.832,2251.019
1076.000,CR,252.245,52.774,45713.169,6229.743,140.331,16027.040,2249.084
1077.000,CR,252.245,52.774,45713.169,6229.743,140.331,15996.531,2244.802
1078.000,CR,252.245,52.774,45713.169,6229.743,140.331,16008.341,2246.460
1079.000,CR,252.245,52.774,45713.169,6229.743,140.331,15984.525,2243.118
1080.000,CR,252.245,52.774,45713.169,6229.743,140.331,16029.557,2249.437
1081.000,CR,252.245,52.774,45713.169,6229.743,140.331,16045.974,2251.741
1082.000,CR,252.245,52.774,45713.169,6229.743,140.331,16008.391,2246.467
1083.000,CR,252.245,52.774,45713.169,6229.743,140.331,15987.198,2243.493
1084.000,CR,252.245,52.774,45713.169,6229.743,140.331,16045.291,2251.645
1085.000,CR,252.245,52.774,45713.169,6229.743,140.331,16087.117,2257.514
1086.000,CR,252.245,52.774,45713.169,6229.743,140.331,16096.959,2258.895
1087.000,CR,252.245,52.774,45713.169,6229.743,140.331,16070.995,2255.252
1088.000,CR,252.245,52.774,45713.169,6229.743,140.331,16097.858,2259.022
1089.000,CR,252.245,52.774,45713.169,6229.743,140.331,16113.634,2261.236
1090.000,CR,252.245,52.774,45713.169,6229.743,140.331,16070.554,2255.190
1091.000,CR,252.245,52.774,45713.169,6229.743,140.331,16027.903,2249.205
1092.000,CR,252.245,52.774,45713.169,6229.743,140.331,15988.135,2243.624
1093.000,CR,252.245,52.774,45713.169,6229.743,140.331,15910.530,2232.734
1094.000,CR,252.245,52.774,45713.169,6229.743,140.331,15896.951,2230.828
1095.000,CR,252.245,52.774,45713.169,6229.743,140.331,15823.440,2220.512
1096.000,CR,252.245,52.774,45713.169,6229.743,140.331,15831.978,2221.711
1097.000,CR,252.245,52.774,45713.169,6229.743,140.331,15816.992,2219.608
1098.000,CR,252.245,52.774,45713.169,6229.743,140.331,15802.012,2217.505
1099.000,CR,252.245,52.774,45713.169,6229.743,140.331,15793.355,2216.291
1100.000,CR,252.245,52.774,45713.169,6229.743,140.331,15776.190,2213.882
1101.000,CR,252.245,52.774,45713.169,6229.743,140.331,15772.214,2213.324
1102.000,CR,252.245,52.774,45713.169,6229.743,140.331,15798.236,2216.975
1103.000,CR,252.245,52.774,45713.169,6229.743,140.331,15819.127,2219.907
1104.000,CR,252.245,52.774,45713.169,6229.743,140.331,15843.214,2223.287
1105.000,CR,252.245,52.774,45713.169,6229.743,140.331,15875.774,2227.857
1106.000,CR,252.245,52.774,45713.169,6229.743,140.331,15943.186,2237.316
1107.000,CR,252.245,52.774,45713.169,6229.743,140.331,15980.808,2242.596
1108.000,CR,252.245,52.774,45713.169,6229.743,140.331,15976.241,2241.955
1109.000,CR,252.245,52.774,45713.169,6229.743,140.331,16014.896,2247.379
1110.000,CR,252.245,52.774,45713.169,6229.743,140.331,15988.362,2243.656
1111.000,CR,252.245,52.774,45713.169,6229.743,140.331,16005.740,2246.095
1112.000,CR,252.245,52.774,45713.169,6229.743,140.331,16031.440,2249.701
1113.000,CR,252.245,52.774,45713.169,6229.743,140.331,16058.766,2253.536
1114.000,CR,252.245,52.774,45713.169,6229.743,140.331,16042.992,2251.322
1115.000,CR,252.245,52.774,45713.169,6229.743,140.331,16009.998,2246.692
1116.000,CR,252.245,52.774,45713.169,6229.743,140.331,15975.979,2241.918
1117.000,CR,252.245,52.774,45713.169,6229.743,140.331,15946.838,2237.829
1118.000,CR,252.245,52.774,45713.169,6229.743,140.331,15943.818,2237.405
1119.000,CR,252.245,52.774,45713.169,6229.743,140.331,15827.552,2221.090
1120.000,CR,252.245,52.774,45713.169,6229.743,140.331,15743.119,2209.241
1121.000,CR,252.245,52.774,45713.169,6229.743,140.331,15657.986,2197.294
1122.000,CR,252.245,52.774,45713.169,6229.743,140.331,15604.373,2189.771
1123.000,CR,252.245,52.774,45713.169,6229.743,140.331,15528.097,2179.067
1124.000,CR,252.245,52.774,45713.169,6229.743,140.331,15542.138,2181.037
1125.000,CR,252.245,52.774,45713.169,6229.743,140.331,15534.479,2179.962
1126.000,CR,252.245,52.774,45713.169,6229.743,140.331,15518.139,2177.669
1127.000,CR,252.245,52.774,45713.169,6229.743,140.331,15561.145,2183.704
1128.000,CR,252.245,52.774,45713.169,6229.743,140.331,15586.777,2187.301
1129.000,CR,252.245,52.774,45713.169,6229.743,140.331,15604.060,2189.727
1130.000,CR,252.245,52.774,45713.169,6229.743,140.331,15654.940,2196.867
1131.000,CR,252.245,52.774,45713.169,6229.743,140.331,15693.271,2202.246
1132.000,CR,252.245,52.774,45713.169,6229.743,140.331,15711.048,2204.740
1133.000,CR,252.245,52.774,45713.169,6229.743,140.331,15787.982,2215.537
1134.000,CR,252.245,52.774,45713.169,6229.743,140.331,15852.841,2224.638
1135.000,CR,252.245,52.774,45713.169,6229.743,140.331,15862.491,2225.993
1136.000,CR,252.245,52.774,45713.169,6229.743,140.331,15930.965,2235.601
1137.000,CR,252.245,52.774,45713.169,6229.743,140.331,15964.322,2240.282
1138.000,CR,252.245,52.774,45713.169,6229.743,140.331,16027.931,2249.209
1139.000,CR,252.245,52.774,45713.169,6229.743,140.331,16024.449,2248.720
1140.000,CR,252.245,52.774,45713.169,6229.743,140.331,15972.826,2241.476
1141.000,CR,252.245,52.774,45713.169,6229.743,140.331,15968.405,2240.855
1142.000,CR,252.245,52.774,45713.169,6229.743,140.331,15935.601,2236.252
1143.000,CR,252.245,52.774,45713.169,6229.743,140.331,15874.174,2227.632
1144.000,CR,252.245,52.774,45713.169,6229.743,140.331,15794.530,2216.455
1145.000,CR,252.245,52.774,45713.169,6229.743,140.331,15720.396,2206.052
1146.000,CR,252.245,52.774,45713.169,6229.743,140.331,15677.472,2200.029
1147.000,CR,252.245,52.774,45713.169,6229.743,140.331,15611.686,2190.797
1148.000,CR,252.245,52.774,45713.169,6229.743,140.331,15579.184,2186.236
1149.000,CR,252.245,52.774,45713.169,6229.743,140.331,15599.629,2189.105
1150.000,CR,252.245,52.774,45713.169,6229.743,140.331,15590.113,2187.769
1151.000,CR,252.245,52.774,45713.169,6229.743,140.331,15592.735,2188.137
1152.000,CR,252.245,52.774,45713.169,6229.743,140.331,15531.507,2179.545
1153.000,CR,252.245,52.774,45713.169,6229.743,140.331,15535.106,2180.050
1154.000,CR,252.245,52.774,45713.169,6229.743,140.331,15516.478,2177.436
1155.000,CR,252.245,52.774,45713.169,6229.743,140.331,15543.660,2181.251
1156.000,CR,252.245,52.774,45713.169,6229.743,140.331,15565.537,2184.321
1157.000,CR,252.245,52.774,45713.169,6229.743,140.331,15589.084,2187.625
1158.000,CR,252.245,52.774,45713.169,6229.743,140.331,15592.180,2188.060
1159.000,CR,252.245,52.774,45713.169,6229.743,140.331,15599.779,2189.126
1160.000,CR,252.245,52.774,45713.169,6229.743,140.331,15614.889,2191.246
1161.000,CR,252.245,52.774,45713.169,6229.743,140.331,15575.383,2185.702
1162.000,CR,252.245,52.774,45713.169,6229.743,140.331,15624.544,2192.601
1163.000,CR,252.245,52.774,45713.169,6229.743,140.331,15606.110,2190.014
1164.000,CR,252.245,52.774,45713.169,6229.743,140.331,15582.324,2186.677
1165.000,CR,252.245,52.774,45713.169,6229.743,140.331,15585.508,2187.123
1166.000,CR,252.245,52.774,45713.169,6229.743,140.331,15584.491,2186.981
1167.000,CR,252.245,52.774,45713.169,6229.743,140.331,15528.437,2179.115
1168.000,CR,252.245,52.774,45713.169,6229.743,140.331,15506.804,2176.079
1169.000,CR,252.245,52.774,45713.169,6229.743,140.331,15502.236,2175.438
1170.000,CR,252.245,52.774,45713.169,6229.743,140.331,15519.738,2177.894
1171.000,CR,252.245,52.774,45713.169,6229.743,140.331,15507.919,2176.235
1172.000,CR,252.245,52.774,45713.169,6229.743,140.331,15609.843,2190.538
1173.000,CR,252.245,52.774,45713.169,6229.743,140.331,15632.774,2193.756
1174.000,CR,252.245,52.774,45713.169,6229.743,140.331,15709.667,2204.547
1175.000,CR,252.245,52.774,45713.169,6229.743,140.331,15810.466,2218.692
1176.000,CR,252.245,52.774,45713.169,6229.743,140.331,15799.892,2217.208
1177.000,CR,252.245,52.774,45713.169,6229.743,140.331,15893.036,2230.279
1178.000,CR,252.245,52.774,45713.169,6229.743,140.331,15992.596,2244.250
1179.000,CR,252.245,52.774,45713.169,6229.743,140.331,16049.803,2252.278
1180.000,CR,252.245,52.774,45713.169,6229.743,140.331,16096.125,2258.778
1181.000,CR,252.245,52.774,45713.169,6229.743,140.331,16133.804,2264.066
1182.000,CR,252.245,52.774,45713.169,6229.743,140.331,16147.889,2266.043
1183.000,CR,252.245,52.774,45713.169,6229.743,140.331,16186.904,2271.517
1184.000,CR,252.245,52.774,45713.169,6229.743,140.331,16187.479,2271.598
1185.000,CR,252.245,52.774,45713.169,6229.743,140.331,16220.010,2276.163
1186.000,CR,252.245,52.774,45713.169,6229.743,140.331,16302.410,2287.727
1187.000,CR,252.245,52.774,45713.169,6229.743,140.331,16280.992,2284.721
1188.000,CR,252.245,52.774,45713.169,6229.743,140.331,16289.485,2285.913
1189.000,CR,252.245,52.774,45713.169,6229.743,140.331,16241.032,2279.113
1190.000,CR,252.245,52.774,45713.169,6229.743,140.331,16219.575,2276.102
1191.000,CR,252.245,52.774,45713.169,6229.743,140.331,16236.899,2278.533
1192.000,CR,252.245,52.774,45713.169,6229.743,140.331,16144.621,2265.584
1193.000,CR,252.245,52.774,45713.169,6229.743,140.331,16092.595,2258.283
1194.000,CR,252.245,52.774,45713.169,6229.743,140.331,16030.361,2249.550
1195.000,CR,252.245,52.774,45713.169,6229.743,140.331,15995.955,2244.721
1196.000,CR,252.245,52.774,45713.169,6229.743,140.331,15923.993,2234.623
1197.000,CR,252.245,52.774,45713.169,6229.743,140.331,15860.105,2225.658
1198.000,CR,252.245,52.774,45713.169,6229.743,140.331,15833.965,2221.989
1199.000,CR,252.245,52.774,45713.169,6229.743,140.331,15810.223,2218.658
1200.000,CR,252.245,52.774,45713.169,6229.743,140.331,15798.474,2217.009
1201.000,CR,252.245,52.774,45713.169,6229.743,140.331,15823.687,2220.547
1202.000,CR,252.245,52.774,45713.169,6229.743,140.331,15850.887,2224.364
1203.000,CR,252.245,52.774,45713.169,6229.743,140.331,15803.122,2217.661
1204.000,CR,252.245,52.774,45713.169,6229.743,140.331,15797.163,2216.825
1205.000,CR,252.245,52.774,45713.169,6229.743,140.331,15758.327,2211.375
1206.000,CR,252.245,52.774,45713.169,6229.743,140.331,15779.402,2214.333
1207.000,CR,252.245,52.774,45713.169,6229.743,140.331,15812.488,2218.976
1208.000,CR,252.245,52.774,45713.169,6229.743,140.331,15843.477,2223.324
1209.000,CR,252.245,52.774,45713.169,6229.743,140.331,15874.231,2227.640
1210.000,CR,252.245,52.774,45713.169,6229.743,140.331,15945.255,2237.607
1211.000,CR,252.245,52.774,45713.169,6229.743,140.331,15972.176,2241.385
1212.000,CR,252.245,52.774,45713.169,6229.743,140.331,16016.943,2247.667
1213.000,CR,252.245,52.774,45713.169,6229.743,140.331,16105.540,2260.100
1214.000,CR,252.245,52.774,45713.169,6229.743,140.331,16148.638,2266.148
1215.000,CR,252.245,52.774,45713.169,6229.743,140.331,16115.727,2261.529
1216.000,CR,252.245,52.774,45713.169,6229.743,140.331,16137.333,2264.561
1217.000,CR,252.245,52.774,45713.169,6229.743,140.331,16143.454,2265.420
1218.000,CR,252.245,52.774,45713.169,6229.743,140.331,16140.508,2265.007
1219.000,CR,252.245,52.774,45713.169,6229.743,140.331,16092.666,2258.293
1220.000,CR,252.245,52.774,45713.169,6229.743,140.331,16018.427,2247.875
1221.000,CR,252.245,52.774,45713.169,6229.743,140.331,15943.776,2237.399
1222.000,CR,252.245,52.774,45713.169,6229.743,140.331,15897.708,2230.934
1223.000,CR,252.245,52.774,45713.169,6229.743,140.331,15869.992,2227.045
1224.000,CR,252.245,52.774,45713.169,6229.743,140.331,15878.505,2228.240
1225.000,CR,252.245,52.774,45713.169,6229.743,140.331,15836.896,2222.401
1226.000,CR,252.245,52.774,45713.169,6229.743,140.331,15746.173,2209.669
1227.000,CR,252.245,52.774,45713.169,6229.743,140.331,15765.690,2212.408
1228.000,CR,252.245,52.774,45713.169,6229.743,140.331,15761.362,2211.801
1229.000,CR,252.245,52.774,45713.169,6229.743,140.331,15771.396,2213.209
1230.000,CR,252.245,52.774,45713.169,6229.743,140.331,15720.837,2206.114
1231.000,CR,252.245,52.774,45713.169,6229.743,140.331,15748.648,2210.017
1232.000,CR,252.245,52.774,45713.169,6229.743,140.331,15782.193,2214.724
1233.000,CR,252.245,52.774,45713.169,6229.743,140.331,15803.866,2217.766
1234.000,CR,252.245,52.774,45713.169,6229.743,140.331,15778.716,2214.236
1235.000,CR,252.245,52.774,45713.169,6229.743,140.331,15827.263,2221.049
1236.000,CR,252.245,52.774,45713.169,6229.743,140.331,15863.316,2226.108
1237.000,CR,252.245,52.774,45713.169,6229.743,140.331,15914.391,2233.276
1238.000,CR,252.245,52.774,45713.169,6229.743,140.331,15982.702,2242.862
1239.000,CR,252.245,52.774,45713.169,6229.743,140.331,16040.317,2250.947
1240.000,CR,252.245,52.774,45713.169,6229.743,140.331,16059.446,2253.631
1241.000,CR,252.245,52.774,45713.169,6229.743,140.331,16085.807,2257.331
1242.000,CR,252.245,52.774,45713.169,6229.743,140.331,16075.459,2255.878
1243.000,CR,252.245,52.774,45713.169,6229.743,140.331,16076.373,2256.007
1244.000,CR,252.245,52.774,45713.169,6229.743,140.331,16112.700,2261.104
1245.000,CR,252.245,52.774,45713.169,6229.743,140.331,16147.564,2265.997
1246.000,CR,252.245,52.774,45713.169,6229.743,140.331,16119.821,2262.104
1247.000,CR,252.245,52.774,45713.169,6229.743,140.331,16096.525,2258.835
1248.000,CR,252.245,52.774,45713.169,6229.743,140.331,16141.532,2265.151
1249.000,CR,252.245,52.774,45713.169,6229.743,140.331,16130.319,2263.577
1250.000,CR,252.245,52.774,45713.169,6229.743,140.331,16142.596,2265.300
1251.000,CR,252.245,52.774,45713.169,6229.743,140.331,16119.180,2262.014
1252.000,CR,252.245,52.774,45713.169,6229.743,140.331,16154.820,2267.015
1253.000,CR,252.245,52.774,45713.169,6229.743,140.331,16156.973,2267.317
1254.000,CR,252.245,52.774,45713.169,6229.743,140.331,16133.686,2264.049
1255.000,CR,252.245,52.774,45713.169,6229.743,140.331,16112.267,2261.044
1256.000,CR,252.245,52.774,45713.169,6229.743,140.331,16116.113,2261.583
1257.000,CR,252.245,52.774,45713.169,6229.743,140.331,16109.495,2260.655
1258.000,CR,252.245,52.774,45713.169,6229.743,140.331,16102.663,2259.696
1259.000,CR,252.245,52.774,45713.169,6229.743,140.331,16042.356,2251.233
1260.000,CR,252.245,52.774,45713.169,6229.743,140.331,15965.342,2240.426
1261.000,CR,252.245,52.774,45713.169,6229.743,140.331,15948.288,2238.032
1262.000,CR,252.245,52.774,45713.169,6229.743,140.331,15887.634,2229.521
1263.000,CR,252.245,52.774,45713.169,6229.743,140.331,15856.686,2225.178
1264.000,CR,252.245,52.774,45713.169,6229.743,140.331,15850.184,2224.265
1265.000,CR,252.245,52.774,45713.169,6229.743,140.331,15827.749,2221.117
1266.000,CR,252.245,52.774,45713.169,6229.743,140.331,15860.929,2225.773
1267.000,CR,252.245,52.774,45713.169,6229.743,140.331,15843.006,2223.258
1268.000,CR,252.245,52.774,45713.169,6229.743,140.331,15841.748,2223.082
1269.000,CR,252.245,52.774,45713.169,6229.743,140.331,15827.583,2221.094
1270.000,CR,252.245,52.774,45713.169,6229.743,140.331,15814.636,2219.277
1271.000,CR,252.245,52.774,45713.169,6229.743,140.331,15857.763,2225.329
1272.000,CR,252.245,52.774,45713.169,6229.743,140.331,15858.800,2225.474
1273.000,CR,252.245,52.774,45713.169,6229.743,140.331,15872.544,2227.403
1274.000,CR,252.245,52.774,45713.169,6229.743,140.331,15883.906,2228.998
1275.000,CR,252.245,52.774,45713.169,6229.743,140.331,15919.274,2233.961
1276.000,CR,252.245,52.774,45713.169,6229.743,140.331,15918.143,2233.802
1277.000,CR,252.245,52.774,45713.169,6229.743,140.331,15978.309,2242.245
1278.000,CR,252.245,52.774,45713.169,6229.743,140.331,16071.579,2255.334
1279.000,CR,252.245,52.774,45713.169,6229.743,140.331,16110.671,2260.820
1280.000,CR,252.245,52.774,45713.169,6229.743,140.331,16124.992,2262.829
1281.000,CR,252.245,52.774,45713.169,6229.743,140.331,16163.477,2268.230
1282.000,CR,252.245,52.774,45713.169,6229.743,140.331,16173.565,2269.646
1283.000,CR,252.245,52.774,45713.169,6229.743,140.331,16275.285,2283.920
1284.000,CR,252.245,52.774,45713.169,6229.743,140.331,16333.815,2292.134
1285.000,CR,252.245,52.774,45713.169,6229.743,140.331,16378.024,2298.338
1286.000,CR,252.245,52.774,45713.169,6229.743,140.331,16436.956,2306.607
1287.000,CR,252.245,52.774,45713.169,6229.743,140.331,16484.990,2313.348
1288.000,CR,252.245,52.774,45713.169,6229.743,140.331,16541.321,2321.253
1289.000,CR,252.245,52.774,45713.169,6229.743,140.331,16581.114,2326.837
1290.000,CR,252.245,52.774,45713.169,6229.743,140.331,16575.232,2326.012
1291.000,CR,252.245,52.774,45713.169,6229.743,140.331,16603.756,2330.015
1292.000,CR,252.245,52.774,45713.169,6229.743,140.331,16572.976,2325.695
1293.000,CR,252.245,52.774,45713.169,6229.743,140.331,16521.937,2318.533
1294.000,CR,252.245,52.774,45713.169,6229.743,140.331,16519.189,2318.147
1295.000,CR,252.245,52.774,45713.169,6229.743,140.331,16475.981,2312.084
1296.000,CR,252.245,52.774,45713.169,6229.743,140.331,16455.990,2309.278
1297.000,CR,252.245,52.774,45713.169,6229.743,140.331,16440.439,2307.096
1298.000,CR,252.245,52.774,45713.169,6229.743,140.331,16433.195,2306.080
1299.000,CR,252.245,52.774,45713.169,6229.743,140.331,16392.709,2300.398
1300.000,CR,252.245,52.774,45713.169,6229.743,140.331,16367.727,2296.892
1301.000,CR,252.245,52.774,45713.169,6229.743,140.331,16297.555,2287.045
1302.000,CR,252.245,52.774,45713.169,6229.743,140.331,16259.342,2281.683
1303.000,CR,252.245,52.774,45713.169,6229.743,140.331,16243.438,2279.451
1304.000,CR,252.245,52.774,45713.169,6229.743,140.331,16209.744,2274.723
1305.000,CR,252.245,52.774,45713.169,6229.743,140.331,16165.331,2268.490
1306.000,CR,252.245,52.774,45713.169,6229.743,140.331,16170.559,2269.224
1307.000,CR,252.245,52.774,45713.169,6229.743,140.331,16152.490,2266.688
1308.000,CR,252.245,52.774,45713.169,6229.743,140.331,16140.204,2264.964
1309.000,CR,252.245,52.774,45713.169,6229.743,140.331,16143.995,2265.496
1310.000,CR,252.245,52.774,45713.169,6229.743,140.331,16121.182,2262.295
1311.000,CR,252.245,52.774,45713.169,6229.743,140.331,16114.321,2261.332
1312.000,CR,252.245,52.774,45713.169,6229.743,140.331,16230.692,2277.662
1313.000,CR,252.245,52.774,45713.169,6229.743,140.331,16229.181,2277.450
1314.000,CR,252.245,52.774,45713.169,6229.743,140.331,16233.143,2278.006
1315.000,CR,252.245,52.774,45713.169,6229.743,140.331,16252.337,2280.700
1316.000,CR,252.245,52.774,45713.169,6229.743,140.331,16224.161,2276.746
1317.000,CR,252.245,52.774,45713.169,6229.743,140.331,16305.735,2288.193
1318.000,CR,252.245,52.774,45713.169,6229.743,140.331,16323.400,2290.672
1319.000,CR,252.245,52.774,45713.169,6229.743,140.331,16323.287,2290.656
1320.000,CR,252.245,52.774,45713.169,6229.743,140.331,16321.768,2290.443
1321.000,CR,252.245,52.774,45713.169,6229.743,140.331,16281.187,2284.748
1322.000,CR,252.245,52.774,45713.169,6229.743,140.331,16281.530,2284.796
1323.000,CR,252.245,52.774,45713.169,6229.743,140.331,16262.359,2282.106
1324.000,CR,252.245,52.774,45713.169,6229.743,140.331,16232.648,2277.937
1325.000,CR,252.245,52.774,45713.169,6229.743,140.331,16214.802,2275.432
1326.000,CR,252.245,52.774,45713.169,6229.743,140.331,16204.828,2274.033
1327.000,CR,252.245,52.774,45713.169,6229.743,140.331,16230.909,2277.693
1328.000,CR,252.245,52.774,45713.169,6229.743,140.331,16228.239,2277.318
1329.000,CR,252.245,52.774,45713.169,6229.743,140.331,16179.005,2270.409
1330.000,CR,252.245,52.774,45713.169,6229.743,140.331,16200.527,2273.429
1331.000,CR,252.245,52.774,45713.169,6229.743,140.331,16203.986,2273.915
1332.000,CR,252.245,52.774,45713.169,6229.743,140.331,16212.711,2275.139
1333.000,CR,252.245,52.774,45713.169,6229.743,140.331,16174.426,2269.767
1334.000,CR,252.245,52.774,45713.169,6229.743,140.331,16137.361,2264.565
1335.000,CR,252.245,52.774,45713.169,6229.743,140.331,16108.429,2260.505
1336.000,CR,252.245,52.774,45713.169,6229.743,140.331,16094.982,2258.618
1337.000,CR,252.245,52.774,45713.169,6229.743,140.331,16134.216,2264.124
1338.000,CR,252.245,52.774,45713.169,6229.743,140.331,16144.943,2265.629
1339.000,CR,252.245,52.774,45713.169,6229.743,140.331,16117.734,2261.811
1340.000,CR,252.245,52.774,45713.169,6229.743,140.331,16117.378,2261.761
1341.000,CR,252.245,52.774,45713.169,6229.743,140.331,16125.555,2262.908
1342.000,CR,252.245,52.774,45713.169,6229.743,140.331,16111.310,2260.909
1343.000,CR,252.245,52.774,45713.169,6229.743,140.331,16094.743,2258.585
1344.000,CR,252.245,52.774,45713.169,6229.743,140.331,16119.576,2262.069
1345.000,CR,252.245,52.774,45713.169,6229.743,140.331,16108.916,2260.573
1346.000,CR,252.245,52.774,45713.169,6229.743,140.331,16130.298,2263.574
1347.000,CR,252.245,52.774,45713.169,6229.743,140.331,16119.209,2262.018
1348.000,CR,252.245,52.774,45713.169,6229.743,140.331,16104.357,2259.934
1349.000,CR,252.245,52.774,45713.169,6229.743,140.331,16124.617,2262.777
1350.000,CR,252.245,52.774,45713.169,6229.743,140.331,16139.965,2264.931
1351.000,CR,252.245,52.774,45713.169,6229.743,140.331,16198.175,2273.099
1352.000,CR,252.245,52.774,45713.169,6229.743,140.331,16245.006,2279.671
1353.000,CR,252.245,52.774,45713.169,6229.743,140.331,16270.073,2283.189
1354.000,CR,252.245,52.774,45713.169,6229.743,140.331,16274.707,2283.839
1355.000,CR,252.245,52.774,45713.169,6229.743,140.331,16320.554,2290.273
1356.000,CR,252.245,52.774,45713.169,6229.743,140.331,16343.934,2293.554
1357.000,CR,252.245,52.774,45713.169,6229.743,140.331,16322.244,2290.510
1358.000,CR,252.245,52.774,45713.169,6229.743,140.331,16287.656,2285.656
1359.000,CR,252.245,52.774,45713.169,6229.743,140.331,16239.048,2278.835
1360.000,CR,252.245,52.774,45713.169,6229.743,140.331,16232.723,2277.947
1361.000,CR,252.245,52.774,45713.169,6229.743,140.331,16208.118,2274.495
1362.000,CR,252.245,52.774,45713.169,6229.743,140.331,16222.205,2276.471
1363.000,CR,252.245,52.774,45713.169,6229.743,140.331,16187.901,2271.657
1364.000,CR,252.245,52.774,45713.169,6229.743,140.331,16185.810,2271.364
1365.000,CR,252.245,52.774,45713.169,6229.743,140.331,16152.510,2266.691
1366.000,CR,252.245,52.774,45713.169,6229.743,140.331,16139.207,2264.824
1367.000,CR,252.245,52.774,45713.169,6229.743,140.331,16169.296,2269.047
1368.000,CR,252.245,52.774,45713.169,6229.743,140.331,16233.072,2277.996
1369.000,CR,252.245,52.774,45713.169,6229.743,140.331,16274.694,2283.837
1370.000,CR,252.245,52.774,45713.169,6229.743,140.331,16262.084,2282.068
1371.000,CR,252.245,52.774,45713.169,6229.743,140.331,16289.176,2285.869
1372.000,CR,252.245,52.774,45713.169,6229.743,140.331,16243.257,2279.426
1373.000,CR,252.245,52.774,45713.169,6229.743,140.331,16178.027,2270.272
1374.000,CR,252.245,52.774,45713.169,6229.743,140.331,16209.453,2274.682
1375.000,CR,252.245,52.774,45713.169,6229.743,140.331,16274.254,2283.775
1376.000,CR,252.245,52.774,45713.169,6229.743,140.331,16252.136,2280.672
1377.000,CR,252.245,52.774,45713.169,6229.743,140.331,16319.122,2290.072
1378.000,CR,252.245,52.774,45713.169,6229.743,140.331,16301.905,2287.656
1379.000,CR,252.245,52.774,45713.169,6229.743,140.331,16342.020,2293.285
1380.000,CR,252.245,52.774,45713.169,6229.743,140.331,16281.835,2284.839
1381.000,CR,252.245,52.774,45713.169,6229.743,140.331,16254.821,2281.048
1382.000,CR,252.245,52.774,45713.169,6229.743,140.331,16262.841,2282.174
1383.000,CR,252.245,52.774,45713.169,6229.743,140.331,16328.256,2291.353
1384.000,CR,252.245,52.774,45713.169,6229.743,140.331,16316.805,2289.747
1385.000,CR,252.245,52.774,45713.169,6229.743,140.331,16362.020,2296.092
1386.000,CR,252.245,52.774,45713.169,6229.743,140.331,16342.227,2293.314
1387.000,CR,252.245,52.774,45713.169,6229.743,140.331,16317.084,2289.786
1388.000,CR,252.245,52.774,45713.169,6229.743,140.331,16241.551,2279.186
1389.000,CR,252.245,52.774,45713.169,6229.743,140.331,16267.995,2282.897
1390.000,CR,252.245,52.774,45713.169,6229.743,140.331,16242.767,2279.357
1391.000,CR,252.245,52.774,45713.169,6229.743,140.331,16132.109,2263.828
1392.000,CR,252.245,52.774,45713.169,6229.743,140.331,16102.844,2259.721
1393.000,CR,252.245,52.774,45713.169,6229.743,140.331,16081.273,2256.694
1394.000,CR,252.245,52.774,45713.169,6229.743,140.331,16053.137,2252.746
1395.000,CR,252.245,52.774,45713.169,6229.743,140.331,15994.282,2244.487
1396.000,CR,252.245,52.774,45713.169,6229.743,140.331,15934.585,2236.109
1397.000,CR,252.245,52.774,45713.169,6229.743,140.331,15943.644,2237.381
1398.000,CR,252.245,52.774,45713.169,6229.743,140.331,15974.686,2241.737
1399.000,CR,252.245,52.774,45713.169,6229.743,140.331,16002.701,2245.668
1400.000,CR,252.245,52.774,45713.169,6229.743,140.331,15991.465,2244.091
1401.000,CR,252.245,52.774,45713.169,6229.743,140.331,16023.539,2248.592
1402.000,CR,252.245,52.774,45713.169,6229.743,140.331,16077.185,2256.121
1403.000,CR,252.245,52.774,45713.169,6229.743,140.331,16125.950,2262.964
1404.000,CR,252.245,52.774,45713.169,6229.743,140.331,16160.040,2267.748
1405.000,CR,252.245,52.774,45713.169,6229.743,140.331,16225.398,2276.919
1406.000,CR,252.245,52.774,45713.169,6229.743,140.331,16278.022,2284.304
1407.000,CR,252.245,52.774,45713.169,6229.743,140.331,16294.525,2286.620
1408.000,CR,252.245,52.774,45713.169,6229.743,140.331,16332.740,2291.983
1409.000,CR,252.245,52.774,45713.169,6229.743,140.331,16331.309,2291.782
1410.000,CR,252.245,52.774,45713.169,6229.743,140.331,16329.267,2291.495
1411.000,CR,252.245,52.774,45713.169,6229.743,140.331,16346.568,2293.923
1412.000,CR,252.245,52.774,45713.169,6229.743,140.331,16373.834,2297.750
1413.000,CR,252.245,52.774,45713.169,6229.743,140.331,16275.745,2283.985
1414.000,CR,252.245,52.774,45713.169,6229.743,140.331,16237.775,2278.656
1415.000,CR,252.245,52.774,45713.169,6229.743,140.331,16216.718,2275.701
1416.000,CR,252.245,52.774,45713.169,6229.743,140.331,16163.360,2268.214
1417.000,CR,252.245,52.774,45713.169,6229.743,140.331,16140.507,2265.007
1418.000,CR,252.245,52.774,45713.169,6229.743,140.331,16107.407,2260.362
1419.000,CR,252.245,52.774,45713.169,6229.743,140.331,16160.575,2267.823
1420.000,CR,252.245,52.774,45713.169,6229.743,140.331,16116.940,2261.699
1421.000,CR,252.245,52.774,45713.169,6229.743,140.331,16157.051,2267.328
1422.000,CR,252.245,52.774,45713.169,6229.743,140.331,16096.255,2258.797
1423.000,CR,252.245,52.774,45713.169,6229.743,140.331,16089.737,2257.882
1424.000,CR,252.245,52.774,45713.169,6229.743,140.331,16171.928,2269.416
1425.000,CR,252.245,52.774,45713.169,6229.743,140.331,16200.960,2273.490
1426.000,CR,252.245,52.774,45713.169,6229.743,140.331,16184.496,2271.180
1427.000,CR,252.245,52.774,45713.169,6229.743,140.331,16176.943,2270.120
1428.000,CR,252.245,52.774,45713.169,6229.743,140.331,16167.718,2268.825
1429.000,CR,252.245,52.774,45713.169,6229.743,140.331,16196.305,2272.837
1430.000,CR,252.245,52.774,45713.169,6229.743,140.331,16234.094,2278.140
1431.000,CR,252.245,52.774,45713.169,6229.743,140.331,16215.938,2275.592
1432.000,CR,252.245,52.774,45713.169,6229.743,140.331,16258.758,2281.601
1433.000,CR,252.245,52.774,45713.169,6229.743,140.331,16246.505,2279.881
1434.000,CR,252.245,52.774,45713.169,6229.743,140.331,16212.429,2275.099
1435.000,CR,252.245,52.774,45713.169,6229.743,140.331,16262.872,2282.178
1436.000,CR,252.245,52.774,45713.169,6229.743,140.331,16261.844,2282.034
1437.000,CR,252.245,52.774,45713.169,6229.743,140.331,16220.648,2276.253
1438.000,CR,252.245,52.774,45713.169,6229.743,140.331,16191.099,2272.106
1439.000,CR,252.245,52.774,45713.169,6229.743,140.331,16183.850,2271.089
1440.000,CR,252.245,52.774,45713.169,6229.743,140.331,16134.919,2264.222
1441.000,CR,252.245,52.774,45713.169,6229.743,140.331,16189.052,2271.819
1442.000,CR,252.245,52.774,45713.169,6229.743,140.331,16126.619,2263.058
1443.000,CR,252.245,52.774,45713.169,6229.743,140.331,16090.928,2258.049
1444.000,CR,252.245,52.774,45713.169,6229.743,140.331,16101.043,2259.469
1445.000,CR,252.245,52.774,45713.169,6229.743,140.331,16096.580,2258.842
1446.000,CR,252.245,52.774,45713.169,6229.743,140.331,16086.095,2257.371
1447.000,CR,252.245,52.774,45713.169,6229.743,140.331,16040.657,2250.995
1448.000,CR,252.245,52.774,45713.169,6229.743,140.331,16028.457,2249.283
1449.000,CR,252.245,52.774,45713.169,6229.743,140.331,15990.027,2243.890
1450.000,CR,252.245,52.774,45713.169,6229.743,140.331,15989.190,2243.772
1451.000,CR,252.245,52.774,45713.169,6229.743,140.331,15978.821,2242.317
1452.000,CR,252.245,52.774,45713.169,6229.743,140.331,15997.997,2245.008
1453.000,CR,252.245,52.774,45713.169,6229.743,140.331,15955.300,2239.016
1454.000,CR,252.245,52.774,45713.169,6229.743,140.331,15956.828,2239.231
1455.000,CR,252.245,52.774,45713.169,6229.743,140.331,15956.283,2239.154
1456.000,CR,252.245,52.774,45713.169,6229.743,140.331,15883.532,2228.945
1457.000,CR,252.245,52.774,45713.169,6229.743,140.331,15862.428,2225.984
1458.000,CR,252.245,52.774,45713.169,6229.743,140.331,15851.432,2224.441
1459.000,CR,252.245,52.774,45713.169,6229.743,140.331,15879.058,2228.317
1460.000,CR,252.245,52.774,45713.169,6229.743,140.331,15893.859,2230.394
1461.000,CR,252.245,52.774,45713.169,6229.743,140.331,15945.900,2237.697
1462.000,CR,252.245,52.774,45713.169,6229.743,140.331,15945.645,2237.662
1463.000,CR,252.245,52.774,45713.169,6229.743,140.331,15945.664,2237.664
1464.000,CR,252.245,52.774,45713.169,6229.743,140.331,15979.376,2242.395
1465.000,CR,252.245,52.774,45713.169,6229.743,140.331,16073.434,2255.594
1466.000,CR,252.245,52.774,45713.169,6229.743,140.331,16064.364,2254.321
1467.000,CR,252.245,52.774,45713.169,6229.743,140.331,16114.511,2261.359
1468.000,CR,252.245,52.774,45713.169,6229.743,140.331,16103.143,2259.763
1469.000,CR,252.245,52.774,45713.169,6229.743,140.331,16145.249,2265.672
1470.000,CR,252.245,52.774,45713.169,6229.743,140.331,16142.006,2265.217
1471.000,CR,252.245,52.774,45713.169,6229.743,140.331,16201.421,2273.555
1472.000,CR,252.245,52.774,45713.169,6229.743,140.331,16230.261,2277.602
1473.000,CR,252.245,52.774,45713.169,6229.743,140.331,16258.351,2281.544
1474.000,CR,252.245,52.774,45713.169,6229.743,140.331,16255.146,2281.094
1475.000,CR,252.245,52.774,45713.169,6229.743,140.331,16285.910,2285.411
1476.000,CR,252.245,52.774,45713.169,6229.743,140.331,16283.033,2285.007
1477.000,CR,252.245,52.774,45713.169,6229.743,140.331,16313.628,2289.301
1478.000,CR,252.245,52.774,45713.169,6229.743,140.331,16249.605,2280.316
1479.000,CR,252.245,52.774,45713.169,6229.743,140.331,16175.457,2269.911
1480.000,CR,252.245,52.774,45713.169,6229.743,140.331,16104.653,2259.975
1481.000,CR,252.245,52.774,45713.169,6229.743,140.331,16069.515,2255.044
1482.000,CR,252.245,52.774,45713.169,6229.743,140.331,16030.167,2249.522
1483.000,CR,252.245,52.774,45713.169,6229.743,140.331,16028.662,2249.311
1484.000,CR,252.245,52.774,45713.169,6229.743,140.331,16021.113,2248.252
1485.000,CR,252.245,52.774,45713.169,6229.743,140.331,16036.059,2250.349
1486.000,CR,252.245,52.774,45713.169,6229.743,140.331,15969.651,2241.030
1487.000,CR,252.245,52.774,45713.169,6229.743,140.331,15872.827,2227.443
1488.000,CR,252.245,52.774,45713.169,6229.743,140.331,15868.448,2226.828
1489.000,CR,252.245,52.774,45713.169,6229.743,140.331,15863.658,2226.156
1490.000,CR,252.245,52.774,45713.169,6229.743,140.331,15924.167,2234.647
1491.000,CR,252.245,52.774,45713.169,6229.743,140.331,15879.576,2228.390
1492.000,CR,252.245,52.774,45713.169,6229.743,140.331,15803.001,2217.644
1493.000,CR,252.245,52.774,45713.169,6229.743,140.331,15857.822,2225.337
1494.000,CR,252.245,52.774,45713.169,6229.743,140.331,15890.128,2229.871
1495.000,CR,252.245,52.774,45713.169,6229.743,140.331,15938.496,2236.658
1496.000,CR,252.245,52.774,45713.169,6229.743,140.331,15930.417,2235.524
1497.000,CR,252.245,52.774,45713.169,6229.743,140.331,15945.233,2237.604
1498.000,CR,252.245,52.774,45713.169,6229.743,140.331,15930.029,2235.470
1499.000,CR,252.245,52.774,45713.169,6229.743,140.331,15966.666,2240.611
1500.000,CR,252.245,52.774,45713.169,6229.743,140.331,15968.190,2240.825
1501.000,CR,252.245,52.774,45713.169,6229.743,140.331,15934.111,2236.043
1502.000,CR,252.245,52.774,45713.169,6229.743,140.331,15934.662,2236.120
1503.000,CR,252.245,52.774,45713.169,6229.743,140.331,15880.380,2228.503
1504.000,CR,252.245,52.774,45713.169,6229.743,140.331,15851.123,2224.397
1505.000,CR,252.245,52.774,45713.169,6229.743,140.331,15826.784,2220.982
1506.000,CR,252.245,52.774,45713.169,6229.743,140.331,15773.399,2213.490
1507.000,CR,252.245,52.774,45713.169,6229.743,140.331,15734.293,2208.002
1508.000,CR,252.245,52.774,45713.169,6229.743,140.331,15701.788,2203.441
1509.000,CR,252.245,52.774,45713.169,6229.743,140.331,15706.824,2204.148
1510.000,CR,252.245,52.774,45713.169,6229.743,140.331,15717.753,2205.681
1511.000,CR,252.245,52.774,45713.169,6229.743,140.331,15675.392,2199.737
1512.000,CR,252.245,52.774,45713.169,6229.743,140.331,15646.764,2195.719
1513.000,CR,252.245,52.774,45713.169,6229.743,140.331,15629.305,2193.269
1514.000,CR,252.245,52.774,45713.169,6229.743,140.331,15667.599,2198.643
1515.000,CR,252.245,52.774,45713.169,6229.743,140.331,15652.601,2196.538
1516.000,CR,252.245,52.774,45713.169,6229.743,140.331,15687.794,2201.477
1517.000,CR,252.245,52.774,45713.169,6229.743,140.331,15704.549,2203.828
1518.000,CR,252.245,52.774,45713.169,6229.743,140.331,15737.025,2208.386
1519.000,CR,252.245,52.774,45713.169,6229.743,140.331,15736.314,2208.286
1520.000,CR,252.245,52.774,45713.169,6229.743,140.331,15776.026,2213.859
1521.000,CR,252.245,52.774,45713.169,6229.743,140.331,15772.237,2213.327
1522.000,CR,252.245,52.774,45713.169,6229.743,140.331,15828.738,2221.256
1523.000,CR,252.245,52.774,45713.169,6229.743,140.331,15837.684,2222.511
1524.000,CR,252.245,52.774,45713.169,6229.743,140.331,15858.986,2225.501
1525.000,CR,252.245,52.774,45713.169,6229.743,140.331,15868.824,2226.881
1526.000,CR,252.245,52.774,45713.169,6229.743,140.331,15825.400,2220.788
1527.000,CR,252.245,52.774,45713.169,6229.743,140.331,15823.222,2220.482
1528.000,CR,252.245,52.774,45713.169,6229.743,140.331,15831.578,2221.654
1529.000,CR,252.245,52.774,45713.169,6229.743,140.331,15872.726,2227.429
1530.000,CR,252.245,52.774,45713.169,6229.743,140.331,15872.815,2227.441
1531.000,CR,252.245,52.774,45713.169,6229.743,140.331,15900.644,2231.347
1532.000,CR,252.245,52.774,45713.169,6229.743,140.331,15894.709,2230.514
1533.000,CR,252.245,52.774,45713.169,6229.743,140.331,15929.495,2235.395
1534.000,CR,252.245,52.774,45713.169,6229.743,140.331,15965.533,2240.452
1535.000,CR,252.245,52.774,45713.169,6229.743,140.331,15985.020,2243.187
1536.000,CR,252.245,52.774,45713.169,6229.743,140.331,16030.066,2249.508
1537.000,CR,252.245,52.774,45713.169,6229.743,140.331,15999.555,2245.227
1538.000,CR,252.245,52.774,45713.169,6229.743,140.331,16009.069,2246.562
1539.000,CR,252.245,52.774,45713.169,6229.743,140.331,16072.259,2255.429
1540.000,CR,252.245,52.774,45713.169,6229.743,140.331,16158.567,2267.541
1541.000,CR,252.245,52.774,45713.169,6229.743,140.331,16139.581,2264.877
1542.000,CR,252.245,52.774,45713.169,6229.743,140.331,16098.889,2259.166
1543.000,CR,252.245,52.774,45713.169,6229.743,140.331,16075.185,2255.840
1544.000,CR,252.245,52.774,45713.169,6229.743,140.331,16094.767,2258.588
1545.000,CR,252.245,52.774,45713.169,6229.743,140.331,16056.252,2253.183
1546.000,CR,252.245,52.774,45713.169,6229.743,140.331,16059.518,2253.641
1547.000,CR,252.245,52.774,45713.169,6229.743,140.331,16040.382,2250.956
1548.000,CR,252.245,52.774,45713.169,6229.743,140.331,16011.722,2246.934
1549.000,CR,252.245,52.774,45713.169,6229.743,140.331,15984.466,2243.109
1550.000,CR,252.245,52.774,45713.169,6229.743,140.331,15980.113,2242.498
1551.000,CR,252.245,52.774,45713.169,6229.743,140.331,16005.770,2246.099
1552.000,CR,252.245,52.774,45713.169,6229.743,140.331,15980.669,2242.576
1553.000,CR,252.245,52.774,45713.169,6229.743,140.331,15993.552,2244.384
1554.000,CR,252.245,52.774,45713.169,6229.743,140.331,15962.753,2240.062
1555.000,CR,252.245,52.774,45713.169,6229.743,140.331,15881.764,2228.697
1556.000,CR,252.245,52.774,45713.169,6229.743,140.331,15888.638,2229.662
1557.000,CR,252.245,52.774,45713.169,6229.743,140.331,15898.268,2231.013
1558.000,CR,252.245,52.774,45713.169,6229.743,140.331,15873.183,2227.493
1559.000,CR,252.245,52.774,45713.169,6229.743,140.331,15876.577,2227.969
1560.000,CR,252.245,52.774,45713.169,6229.743,140.331,15884.826,2229.127
1561.000,CR,252.245,52.774,45713.169,6229.743,140.331,15860.066,2225.652
1562.000,CR,252.245,52.774,45713.169,6229.743,140.331,15879.789,2228.420
1563.000,CR,252.245,52.774,45713.169,6229.743,140.331,15887.147,2229.452
1564.000,CR,252.245,52.774,45713.169,6229.743,140.331,15842.822,2223.232
1565.000,CR,252.245,52.774,45713.169,6229.743,140.331,15828.462,2221.217
1566.000,CR,252.245,52.774,45713.169,6229.743,140.331,15819.900,2220.016
1567.000,CR,252.245,52.774,45713.169,6229.743,140.331,15800.976,2217.360
1568.000,CR,252.245,52.774,45713.169,6229.743,140.331,15710.738,2204.697
1569.000,CR,252.245,52.774,45713.169,6229.743,140.331,15664.093,2198.151
1570.000,CR,252.245,52.774,45713.169,6229.743,140.331,15617.608,2191.628
1571.000,CR,252.245,52.774,45713.169,6229.743,140.331,15674.396,2199.597
1572.000,CR,252.245,52.774,45713.169,6229.743,140.331,15683.742,2200.908
1573.000,CR,252.245,52.774,45713.169,6229.743,140.331,15692.115,2202.083
1574.000,CR,252.245,52.774,45713.169,6229.743,140.331,15669.179,2198.865
1575.000,CR,252.245,52.774,45713.169,6229.743,140.331,15645.197,2195.500
1576.000,CR,252.245,52.774,45713.169,6229.743,140.331,15614.271,2191.160
1577.000,CR,252.245,52.774,45713.169,6229.743,140.331,15627.372,2192.998
1578.000,CR,252.245,52.774,45713.169,6229.743,140.331,15611.362,2190.751
1579.000,CR,252.245,52.774,45713.169,6229.743,140.331,15607.247,2190.174
1580.000,CR,252.245,52.774,45713.169,6229.743,140.331,15625.167,2192.689
1581.000,CR,252.245,52.774,45713.169,6229.743,140.331,15639.605,2194.715
1582.000,CR,252.245,52.774,45713.169,6229.743,140.331,15646.259,2195.649
1583.000,CR,252.245,52.774,45713.169,6229.743,140.331,15689.222,2201.678
1584.000,CR,252.245,52.774,45713.169,6229.743,140.331,15687.973,2201.502
1585.000,CR,252.245,52.774,45713.169,6229.743,140.331,15680.033,2200.388
1586.000,CR,252.245,52.774,45713.169,6229.743,140.331,15730.732,2207.503
1587.000,CR,252.245,52.774,45713.169,6229.743,140.331,15733.031,2207.825
1588.000,CR,252.245,52.774,45713.169,6229.743,140.331,15753.895,2210.753
1589.000,CR,252.245,52.774,45713.169,6229.743,140.331,15767.080,2212.603
1590.000,CR,252.245,52.774,45713.169,6229.743,140.331,15812.580,2218.988
1591.000,CR,252.245,52.774,45713.169,6229.743,140.331,15852.165,2224.543
1592.000,CR,252.245,52.774,45713.169,6229.743,140.331,15893.481,2230.341
1593.000,CR,252.245,52.774,45713.169,6229.743,140.331,15929.825,2235.442
1594.000,CR,252.245,52.774,45713.169,6229.743,140.331,15964.233,2240.270
1595.000,CR,252.245,52.774,45713.169,6229.743,140.331,15979.015,2242.344
1596.000,CR,252.245,52.774,45713.169,6229.743,140.331,15997.948,2245.001
1597.000,CR,252.245,52.774,45713.169,6229.743,140.331,15966.534,2240.593
1598.000,CR,252.245,52.774,45713.169,6229.743,140.331,15950.580,2238.354
1599.000,CR,252.245,52.774,45713.169,6229.743,140.331,15944.179,2237.456
1600.000,CR,252.245,52.774,45713.169,6229.743,140.331,15938.166,2236.612
1601.000,CR,252.245,52.774,45713.169,6229.743,140.331,15908.248,2232.414
1602.000,CR,252.245,52.774,45713.169,6229.743,140.331,15889.050,2229.719
1603.000,CR,252.245,52.774,45713.169,6229.743,140.331,15881.370,2228.642
1604.000,CR,252.245,52.774,45713.169,6229.743,140.331,15840.338,2222.884
1605.000,CR,252.245,52.774,45713.169,6229.743,140.331,15815.036,2219.333
1606.000,CR,252.245,52.774,45713.169,6229.743,140.331,15774.784,2213.685
1607.000,CR,252.245,52.774,45713.169,6229.743,140.331,15772.963,2213.429
1608.000,CR,252.245,52.774,45713.169,6229.743,140.331,15760.290,2211.651
1609.000,CR,252.245,52.774,45713.169,6229.743,140.331,15723.196,2206.445
1610.000,CR,252.245,52.774,45713.169,6229.743,140.331,15761.759,2211.857
1611.000,CR,252.245,52.774,45713.169,6229.743,140.331,15754.461,2210.833
1612.000,CR,252.245,52.774,45713.169,6229.743,140.331,15710.936,2204.725
1613.000,CR,252.245,52.774,45713.169,6229.743,140.331,15758.686,2211.425
1614.000,CR,252.245,52.774,45713.169,6229.743,140.331,15704.980,2203.889
1615.000,CR,252.245,52.774,45713.169,6229.743,140.331,15726.196,2206.866
1616.000,CR,252.245,52.774,45713.169,6229.743,140.331,15723.050,2206.425
1617.000,CR,252.245,52.774,45713.169,6229.743,140.331,15691.558,2202.005
1618.000,CR,252.245,52.774,45713.169,6229.743,140.331,15701.492,2203.399
1619.000,CR,252.245,52.774,45713.169,6229.743,140.331,15791.283,2216.000
1620.000,CR,252.245,52.774,45713.169,6229.743,140.331,15803.642,2217.734
1621.000,CR,252.245,52.774,45713.169,6229.743,140.331,15871.402,2227.243
1622.000,CR,252.245,52.774,45713.169,6229.743,140.331,15905.102,2231.972
1623.000,CR,252.245,52.774,45713.169,6229.743,140.331,15942.140,2237.170
1624.000,CR,252.245,52.774,45713.169,6229.743,140.331,16025.445,2248.860
1625.000,CR,252.245,52.774,45713.169,6229.743,140.331,16093.615,2258.426
1626.000,CR,252.245,52.774,45713.169,6229.743,140.331,16119.506,2262.060
1627.000,CR,252.245,52.774,45713.169,6229.743,140.331,16152.843,2266.738
1628.000,CR,252.245,52.774,45713.169,6229.743,140.331,16134.354,2264.143
1629.000,CR,252.245,52.774,45713.169,6229.743,140.331,16150.019,2266.341
1630.000,CR,252.245,52.774,45713.169,6229.743,140.331,16125.891,2262.955
1631.000,CR,252.245,52.774,45713.169,6229.743,140.331,16153.255,2266.796
1632.000,CR,252.245,52.774,45713.169,6229.743,140.331,16133.094,2263.966
1633.000,CR,252.245,52.774,45713.169,6229.743,140.331,16127.405,2263.168
1634.000,CR,252.245,52.774,45713.169,6229.743,140.331,16085.643,2257.307
1635.000,CR,252.245,52.774,45713.169,6229.743,140.331,16037.666,2250.575
1636.000,CR,252.245,52.774,45713.169,6229.743,140.331,15981.361,2242.674
1637.000,CR,252.245,52.774,45713.169,6229.743,140.331,15976.942,2242.053
1638.000,CR,252.245,52.774,45713.169,6229.743,140.331,15973.056,2241.508
1639.000,CR,252.245,52.774,45713.169,6229.743,140.331,15956.546,2239.191
1640.000,CR,252.245,52.774,45713.169,6229.743,140.331,15942.413,2237.208
1641.000,CR,252.245,52.774,45713.169,6229.743,140.331,15993.073,2244.317
1642.000,CR,252.245,52.774,45713.169,6229.743,140.331,15996.148,2244.749
1643.000,CR,252.245,52.774,45713.169,6229.743,140.331,16026.015,2248.940
1644.000,CR,252.245,52.774,45713.169,6229.743,140.331,16055.333,2253.054
1645.000,CR,252.245,52.774,45713.169,6229.743,140.331,16085.387,2257.272
1646.000,CR,252.245,52.774,45713.169,6229.743,140.331,16063.371,2254.182
1647.000,CR,252.245,52.774,45713.169,6229.743,140.331,16121.036,2262.274
1648.000,CR,252.245,52.774,45713.169,6229.743,140.331,16184.079,2271.121
1649.000,CR,252.245,52.774,45713.169,6229.743,140.331,16212.902,2275.166
1650.000,CR,252.245,52.774,45713.169,6229.743,140.331,16229.364,2277.476
1651.000,CR,252.245,52.774,45713.169,6229.743,140.331,16250.909,2280.499
1652.000,CR,252.245,52.774,45713.169,6229.743,140.331,16245.717,2279.771
1653.000,CR,252.245,52.774,45713.169,6229.743,140.331,16275.789,2283.991
1654.000,CR,252.245,52.774,45713.169,6229.743,140.331,16284.795,2285.255
1655.000,CR,252.245,52.774,45713.169,6229.743,140.331,16279.409,2284.499
1656.000,CR,252.245,52.774,45713.169,6229.743,140.331,16230.805,2277.678
1657.000,CR,252.245,52.774,45713.169,6229.743,140.331,16183.213,2271.000
1658.000,CR,252.245,52.774,45713.169,6229.743,140.331,16231.880,2277.829
1659.000,CR,252.245,52.774,45713.169,6229.743,140.331,16225.265,2276.901
1660.000,CR,252.245,52.774,45713.169,6229.743,140.331,16214.927,2275.450
1661.000,CR,252.245,52.774,45713.169,6229.743,140.331,16232.950,2277.979
1662.000,CR,252.245,52.774,45713.169,6229.743,140.331,16218.116,2275.898
1663.000,CR,252.245,52.774,45713.169,6229.743,140.331,16181.379,2270.742
1664.000,CR,252.245,52.774,45713.169,6229.743,140.331,16123.137,2262.569
1665.000,CR,252.245,52.774,45713.169,6229.743,140.331,16114.944,2261.419
1666.000,CR,252.245,52.774,45713.169,6229.743,140.331,16063.838,2254.248
1667.000,CR,252.245,52.774,45713.169,6229.743,140.331,16029.962,2249.494
1668.000,CR,252.245,52.774,45713.169,6229.743,140.331,16003.667,2245.804
1669.000,CR,252.245,52.774,45713.169,6229.743,140.331,15959.217,2239.566
1670.000,CR,252.245,52.774,45713.169,6229.743,140.331,15870.851,2227.166
1671.000,CR,252.245,52.774,45713.169,6229.743,140.331,15825.328,2220.777
1672.000,CR,252.245,52.774,45713.169,6229.743,140.331,15811.321,2218.812
1673.000,CR,252.245,52.774,45713.169,6229.743,140.331,15853.687,2224.757
1674.000,CR,252.245,52.774,45713.169,6229.743,140.331,15867.478,2226.692
1675.000,CR,252.245,52.774,45713.169,6229.743,140.331,15844.607,2223.483
1676.000,CR,252.245,52.774,45713.169,6229.743,140.331,15814.247,2219.222
1677.000,CR,252.245,52.774,45713.169,6229.743,140.331,15801.384,2217.417
1678.000,CR,252.245,52.774,45713.169,6229.743,140.331,15773.677,2213.529
1679.000,CR,252.245,52.774,45713.169,6229.743,140.331,15809.261,2218.523
1680.000,CR,252.245,52.774,45713.169,6229.743,140.331,15849.436,2224.160
1681.000,CR,252.245,52.774,45713.169,6229.743,140.331,15883.296,2228.912
1682.000,CR,252.245,52.774,45713.169,6229.743,140.331,15924.983,2234.762
1683.000,CR,252.245,52.774,45713.169,6229.743,140.331,15926.689,2235.001
1684.000,CR,252.245,52.774,45713.169,6229.743,140.331,15915.498,2233.431
1685.000,CR,252.245,52.774,45713.169,6229.743,140.331,15948.767,2238.100
1686.000,CR,252.245,52.774,45713.169,6229.743,140.331,15976.933,2242.052
1687.000,CR,252.245,52.774,45713.169,6229.743,140.331,15967.709,2240.758
1688.000,CR,252.245,52.774,45713.169,6229.743,140.331,15997.089,2244.881
1689.000,CR,252.245,52.774,45713.169,6229.743,140.331,16103.986,2259.882
1690.000,CR,252.245,52.774,45713.169,6229.743,140.331,16101.273,2259.501
1691.000,CR,252.245,52.774,45713.169,6229.743,140.331,16177.838,2270.245
1692.000,CR,252.245,52.774,45713.169,6229.743,140.331,16227.351,2277.193
1693.000,CR,252.245,52.774,45713.169,6229.743,140.331,16280.880,2284.705
1694.000,CR,252.245,52.774,45713.169,6229.743,140.331,16328.040,2291.323
1695.000,CR,252.245,52.774,45713.169,6229.743,140.331,16313.076,2289.223
1696.000,CR,252.245,52.774,45713.169,6229.743,140.331,16301.514,2287.601
1697.000,CR,252.245,52.774,45713.169,6229.743,140.331,16278.184,2284.327
1698.000,CR,252.245,52.774,45713.169,6229.743,140.331,16306.672,2288.325
1699.000,CR,252.245,52.774,45713.169,6229.743,140.331,16262.989,2282.195
1700.000,CR,252.245,52.774,45713.169,6229.743,140.331,16317.122,2289.791
1701.000,CR,252.245,52.774,45713.169,6229.743,140.331,16324.817,2290.871
1702.000,CR,252.245,52.774,45713.169,6229.743,140.331,16297.044,2286.973
1703.000,CR,252.245,52.774,45713.169,6229.743,140.331,16230.391,2277.620
1704.000,CR,252.245,52.774,45713.169,6229.743,140.331,16224.338,2276.771
1705.000,CR,252.245,52.774,45713.169,6229.743,140.331,16192.057,2272.241
1706.000,CR,252.245,52.774,45713.169,6229.743,140.331,16182.235,2270.862
1707.000,CR,252.245,52.774,45713.169,6229.743,140.331,16142.404,2265.273
1708.000,CR,252.245,52.774,45713.169,6229.743,140.331,16158.040,2267.467
1709.000,CR,252.245,52.774,45713.169,6229.743,140.331,16138.052,2264.662
1710.000,CR,252.245,52.774,45713.169,6229.743,140.331,16155.681,2267.136
1711.000,CR,252.245,52.774,45713.169,6229.743,140.331,16149.606,2266.284
1712.000,CR,252.245,52.774,45713.169,6229.743,140.331,16084.466,2257.142
1713.000,CR,252.245,52.774,45713.169,6229.743,140.331,16067.474,2254.758
1714.000,CR,252.245,52.774,45713.169,6229.743,140.331,16038.301,2250.664
1715.000,CR,252.245,52.774,45713.169,6229.743,140.331,15995.361,2244.638
1716.000,CR,252.245,52.774,45713.169,6229.743,140.331,15971.388,2241.274
1717.000,CR,252.245,52.774,45713.169,6229.743,140.331,15962.350,2240.006
1718.000,CR,252.245,52.774,45713.169,6229.743,140.331,15923.040,2234.489
1719.000,CR,252.245,52.774,45713.169,6229.743,140.331,15886.061,2229.300
1720.000,CR,252.245,52.774,45713.169,6229.743,140.331,15875.493,2227.817
1721.000,CR,252.245,52.774,45713.169,6229.743,140.331,15814.619,2219.275
1722.000,CR,252.245,52.774,45713.169,6229.743,140.331,15714.045,2205.161
1723.000,CR,252.245,52.774,45713.169,6229.743,140.331,15688.564,2201.585
1724.000,CR,252.245,52.774,45713.169,6229.743,140.331,15618.991,2191.822
1725.000,CR,252.245,52.774,45713.169,6229.743,140.331,15678.850,2200.222
1726.000,CR,252.245,52.774,45713.169,6229.743,140.331,15663.610,2198.083
1727.000,CR,252.245,52.774,45713.169,6229.743,140.331,15635.633,2194.157
1728.000,CR,252.245,52.774,45713.169,6229.743,140.331,15601.451,2189.361
1729.000,CR,252.245,52.774,45713.169,6229.743,140.331,15603.105,2189.593
1730.000,CR,252.245,52.774,45713.169,6229.743,140.331,15590.891,2187.879
1731.000,CR,252.245,52.774,45713.169,6229.743,140.331,15620.246,2191.998
1732.000,CR,252.245,52.774,45713.169,6229.743,140.331,15659.495,2197.506
1733.000,CR,252.245,52.774,45713.169,6229.743,140.331,15714.018,2205.157
1734.000,CR,252.245,52.774,45713.169,6229.743,140.331,15764.981,2212.309
1735.000,CR,252.245,52.774,45713.169,6229.743,140.331,15851.103,2224.394
1736.000,CR,252.245,52.774,45713.169,6229.743,140.331,15928.601,2235.270
1737.000,CR,252.245,52.774,45713.169,6229.743,140.331,15926.673,2234.999
1738.000,CR,252.245,52.774,45713.169,6229.743,140.331,15987.369,2243.517
1739.000,CR,252.245,52.774,45713.169,6229.743,140.331,15974.282,2241.680
1740.000,CR,252.245,52.774,45713.169,6229.743,140.331,15963.217,2240.127
1741.000,CR,252.245,52.774,45713.169,6229.743,140.331,15946.999,2237.852
1742.000,CR,252.245,52.774,45713.169,6229.743,140.331,15943.274,2237.329
1743.000,CR,252.245,52.774,45713.169,6229.743,140.331,15952.203,2238.582
1744.000,CR,252.245,52.774,45713.169,6229.743,140.331,15942.820,2237.265
1745.000,CR,252.245,52.774,45713.169,6229.743,140.331,15993.106,2244.322
1746.000,CR,252.245,52.774,45713.169,6229.743,140.331,15975.962,2241.916
1747.000,CR,252.245,52.774,45713.169,6229.743,140.331,15929.091,2235.339
1748.000,CR,252.245,52.774,45713.169,6229.743,140.331,15884.787,2229.121
1749.000,CR,252.245,52.774,45713.169,6229.743,140.331,15922.882,2234.467
1750.000,CR,252.245,52.774,45713.169,6229.743,140.331,15926.496,2234.974
1751.000,CR,252.245,52.774,45713.169,6229.743,140.331,15908.050,2232.386
1752.000,CR,252.245,52.774,45713.169,6229.743,140.331,15884.064,2229.020
1753.000,CR,252.245,52.774,45713.169,6229.743,140.331,15816.636,2219.558
1754.000,CR,252.245,52.774,45713.169,6229.743,140.331,15848.531,2224.033
1755.000,CR,252.245,52.774,45713.169,6229.743,140.331,15813.572,2219.128
1756.000,CR,252.245,52.774,45713.169,6229.743,140.331,15862.815,2226.038
1757.000,CR,252.245,52.774,45713.169,6229.743,140.331,15896.192,2230.722
1758.000,CR,252.245,52.774,45713.169,6229.743,140.331,15952.479,2238.621
1759.000,CR,252.245,52.774,45713.169,6229.743,140.331,15957.027,2239.259
1760.000,CR,252.245,52.774,45713.169,6229.743,140.331,16012.989,2247.112
1761.000,CR,252.245,52.774,45713.169,6229.743,140.331,16085.932,2257.348
1762.000,CR,252.245,52.774,45713.169,6229.743,140.331,16079.923,2256.505
1763.000,CR,252.245,52.774,45713.169,6229.743,140.331,16102.909,2259.730
1764.000,CR,252.245,52.774,45713.169,6229.743,140.331,16084.113,2257.093
1765.000,CR,252.245,52.774,45713.169,6229.743,140.331,16083.076,2256.947
1766.000,CR,252.245,52.774,45713.169,6229.743,140.331,16045.226,2251.636
1767.000,CR,252.245,52.774,45713.169,6229.743,140.331,16030.245,2249.533
1768.000,CR,252.245,52.774,45713.169,6229.743,140.331,16021.028,2248.240
1769.000,CR,252.245,52.774,45713.169,6229.743,140.331,15993.174,2244.331
1770.000,CR,252.245,52.774,45713.169,6229.743,140.331,15983.791,2243.015
1771.000,CR,252.245,52.774,45713.169,6229.743,140.331,15989.428,2243.806
1772.000,CR,252.245,52.774,45713.169,6229.743,140.331,15984.923,2243.173
1773.000,CR,252.245,52.774,45713.169,6229.743,140.331,15925.256,2234.800
1774.000,CR,252.245,52.774,45713.169,6229.743,140.331,15850.230,2224.272
1775.000,CR,252.245,52.774,45713.169,6229.743,140.331,15877.634,2228.118
1776.000,CR,252.245,52.774,45713.169,6229.743,140.331,15879.049,2228.316
1777.000,CR,252.245,52.774,45713.169,6229.743,140.331,15856.614,2225.168
1778.000,CR,252.245,52.774,45713.169,6229.743,140.331,15832.388,2221.768
1779.000,CR,252.245,52.774,45713.169,6229.743,140.331,15834.936,2222.126
1780.000,CR,252.245,52.774,45713.169,6229.743,140.331,15781.323,2214.602
1781.000,CR,252.245,52.774,45713.169,6229.743,140.331,15766.412,2212.510
1782.000,CR,252.245,52.774,45713.169,6229.743,140.331,15771.771,2213.262
1783.000,CR,252.245,52.774,45713.169,6229.743,140.331,15790.493,2215.889
1784.000,CR,252.245,52.774,45713.169,6229.743,140.331,15737.326,2208.428
1785.000,CR,252.245,52.774,45713.169,6229.743,140.331,15713.566,2205.094
1786.000,CR,252.245,52.774,45713.169,6229.743,140.331,15665.317,2198.323
1787.000,CR,252.245,52.774,45713.169,6229.743,140.331,15695.464,2202.553
1788.000,CR,252.245,52.774,45713.169,6229.743,140.331,15664.916,2198.267
1789.000,CR,252.245,52.774,45713.169,6229.743,140.331,15713.834,2205.131
1790.000,CR,252.245,52.774,45713.169,6229.743,140.331,15773.783,2213.544
1791.000,CR,252.245,52.774,45713.169,6229.743,140.331,15785.076,2215.129
1792.000,CR,252.245,52.774,45713.169,6229.743,140.331,15764.058,2212.179
1793.000,CR,252.245,52.774,45713.169,6229.743,140.331,15828.673,2221.247
1794.000,CR,252.245,52.774,45713.169,6229.743,140.331,15895.860,2230.675
1795.000,CR,252.245,52.774,45713.169,6229.743,140.331,15940.856,2236.990
1796.000,CR,252.245,52.774,45713.169,6229.743,140.331,15962.428,2240.017
1797.000,CR,252.245,52.774,45713.169,6229.743,140.331,15979.616,2242.429
1798.000,CR,252.245,52.774,45713.169,6229.743,140.331,15912.892,2233.065
1799.000,CR,252.245,52.774,45713.169,6229.743,140.331,15937.739,2236.552
1800.000,CR,252.245,52.774,45713.169,6229.743,140.331,15908.056,2232.387
1801.000,CR,252.245,52.774,45713.169,6229.743,140.331,15911.298,2232.842
1802.000,CR,252.245,52.774,45713.169,6229.743,140.331,15899.070,2231.126
1803.000,CR,252.245,52.774,45713.169,6229.743,140.331,15922.479,2234.411
1804.000,CR,252.245,52.774,45713.169,6229.743,140.331,15927.024,2235.048
1805.000,CR,252.245,52.774,45713.169,6229.743,140.331,15971.560,2241.298
1806.000,CR,252.245,52.774,45713.169,6229.743,140.331,16031.036,2249.644
1807.000,CR,252.245,52.774,45713.169,6229.743,140.331,16092.359,2258.250
1808.000,CR,252.245,52.774,45713.169,6229.743,140.331,16141.082,2265.087
1809.000,CR,252.245,52.774,45713.169,6229.743,140.331,16145.224,2265.669
1810.000,CR,252.245,52.774,45713.169,6229.743,140.331,16104.604,2259.968
1811.000,CR,252.245,52.774,45713.169,6229.743,140.331,16173.176,2269.591
1812.000,CR,252.245,52.774,45713.169,6229.743,140.331,16137.868,2264.636
1813.000,CR,252.245,52.774,45713.169,6229.743,140.331,16117.504,2261.779
1814.000,CR,252.245,52.774,45713.169,6229.743,140.331,16136.484,2264.442
1815.000,CR,252.245,52.774,45713.169,6229.743,140.331,16165.264,2268.481
1816.000,CR,252.245,52.774,45713.169,6229.743,140.331,16156.087,2267.193
1817.000,CR,252.245,52.774,45713.169,6229.743,140.331,16204.189,2273.943
1818.000,CR,252.245,52.774,45713.169,6229.743,140.331,16186.222,2271.422
1819.000,CR,252.245,52.774,45713.169,6229.743,140.331,16217.948,2275.874
1820.000,CR,252.245,52.774,45713.169,6229.743,140.331,16207.024,2274.341
1821.000,CR,252.245,52.774,45713.169,6229.743,140.331,16163.683,2268.259
1822.000,CR,252.245,52.774,45713.169,6229.743,140.331,16219.058,2276.030
1823.000,CR,252.245,52.774,45713.169,6229.743,140.331,16230.847,2277.684
1824.000,CR,252.245,52.774,45713.169,6229.743,140.331,16231.353,2277.755
1825.000,CR,252.245,52.774,45713.169,6229.743,140.331,16278.697,2284.399
1826.000,CR,252.245,52.774,45713.169,6229.743,140.331,16225.752,2276.969
1827.000,CR,252.245,52.774,45713.169,6229.743,140.331,16128.490,2263.320
1828.000,CR,252.245,52.774,45713.169,6229.743,140.331,16079.043,2256.381
1829.000,CR,252.245,52.774,45713.169,6229.743,140.331,16020.403,2248.152
1830.000,CR,252.245,52.774,45713.169,6229.743,140.331,16031.515,2249.712
1831.000,CR,252.245,52.774,45713.169,6229.743,140.331,15991.715,2244.127
1832.000,CR,252.245,52.774,45713.169,6229.743,140.331,15976.559,2242.000
1833.000,CR,252.245,52.774,45713.169,6229.743,140.331,16010.959,2246.827
1834.000,CR,252.245,52.774,45713.169,6229.743,140.331,16017.480,2247.742
1835.000,CR,252.245,52.774,45713.169,6229.743,140.331,16048.160,2252.048
1836.000,CR,252.245,52.774,45713.169,6229.743,140.331,16017.930,2247.805
1837.000,CR,252.245,52.774,45713.169,6229.743,140.331,16073.277,2255.572
1838.000,CR,252.245,52.774,45713.169,6229.743,140.331,16061.811,2253.963
1839.000,CR,252.245,52.774,45713.169,6229.743,140.331,16079.746,2256.480
1840.000,CR,252.245,52.774,45713.169,6229.743,140.331,16115.377,2261.480
1841.000,CR,252.245,52.774,45713.169,6229.743,140.331,16084.282,2257.116
1842.000,CR,252.245,52.774,45713.169,6229.743,140.331,16082.359,2256.847
1843.000,CR,252.245,52.774,45713.169,6229.743,140.331,16037.389,2250.536
1844.000,CR,252.245,52.774,45713.169,6229.743,140.331,16026.721,2249.039
1845.000,CR,252.245,52.774,45713.169,6229.743,140.331,16031.508,2249.711
1846.000,CR,252.245,52.774,45713.169,6229.743,140.331,16034.238,2250.094
1847.000,CR,252.245,52.774,45713.169,6229.743,140.331,16040.403,2250.959
1848.000,CR,252.245,52.774,45713.169,6229.743,140.331,16036.701,2250.439
1849.000,CR,252.245,52.774,45713.169,6229.743,140.331,16073.771,2255.642
1850.000,CR,252.245,52.774,45713.169,6229.743,140.331,16099.329,2259.228
1851.000,CR,252.245,52.774,45713.169,6229.743,140.331,16099.430,2259.242
1852.000,CR,252.245,52.774,45713.169,6229.743,140.331,16203.539,2273.852
1853.000,CR,252.245,52.774,45713.169,6229.743,140.331,16227.979,2277.282
1854.000,CR,252.245,52.774,45713.169,6229.743,140.331,16240.261,2279.005
1855.000,CR,252.245,52.774,45713.169,6229.743,140.331,16277.880,2284.284
1856.000,CR,252.245,52.774,45713.169,6229.743,140.331,16269.916,2283.167
1857.000,CR,252.245,52.774,45713.169,6229.743,140.331,16279.073,2284.452
1858.000,CR,252.245,52.774,45713.169,6229.743,140.331,16270.222,2283.210
1859.000,CR,252.245,52.774,45713.169,6229.743,140.331,16298.216,2287.138
1860.000,CR,252.245,52.774,45713.169,6229.743,140.331,16382.806,2299.009
1861.000,CR,252.245,52.774,45713.169,6229.743,140.331,16365.568,2296.589
1862.000,CR,252.245,52.774,45713.169,6229.743,140.331,16349.807,2294.378
1863.000,CR,252.245,52.774,45713.169,6229.743,140.331,16301.525,2287.602
1864.000,CR,252.245,52.774,45713.169,6229.743,140.331,16297.796,2287.079
1865.000,CR,252.245,52.774,45713.169,6229.743,140.331,16275.053,2283.888
1866.000,CR,252.245,52.774,45713.169,6229.743,140.331,16241.614,2279.195
1867.000,CR,252.245,52.774,45713.169,6229.743,140.331,16197.176,2272.959
1868.000,CR,252.245,52.774,45713.169,6229.743,140.331,16239.395,2278.884
1869.000,CR,252.245,52.774,45713.169,6229.743,140.331,16191.650,2272.184
1870.000,CR,252.245,52.774,45713.169,6229.743,140.331,16195.627,2272.742
1871.000,CR,252.245,52.774,45713.169,6229.743,140.331,16228.099,2277.298
1872.000,CR,252.245,52.774,45713.169,6229.743,140.331,16243.641,2279.479
1873.000,CR,252.245,52.774,45713.169,6229.743,140.331,16255.316,2281.118
1874.000,CR,252.245,52.774,45713.169,6229.743,140.331,16278.118,2284.318
1875.000,CR,252.245,52.774,45713.169,6229.743,140.331,16277.710,2284.260
1876.000,CR,252.245,52.774,45713.169,6229.743,140.331,16279.074,2284.452
1877.000,CR,252.245,52.774,45713.169,6229.743,140.331,16195.916,2272.782
1878.000,CR,252.245,52.774,45713.169,6229.743,140.331,16155.056,2267.048
1879.000,CR,252.245,52.774,45713.169,6229.743,140.331,16139.073,2264.805
1880.000,CR,252.245,52.774,45713.169,6229.743,140.331,16133.999,2264.093
1881.000,CR,252.245,52.774,45713.169,6229.743,140.331,16068.868,2254.954
1882.000,CR,252.245,52.774,45713.169,6229.743,140.331,16070.600,2255.196
1883.000,CR,252.245,52.774,45713.169,6229.743,140.331,16050.538,2252.381
1884.000,CR,252.245,52.774,45713.169,6229.743,140.331,15992.408,2244.224
1885.000,CR,252.245,52.774,45713.169,6229.743,140.331,15999.928,2245.279
1886.000,CR,252.245,52.774,45713.169,6229.743,140.331,16012.513,2247.045
1887.000,CR,252.245,52.774,45713.169,6229.743,140.331,15996.709,2244.827
1888.000,CR,252.245,52.774,45713.169,6229.743,140.331,16015.705,2247.493
1889.000,CR,252.245,52.774,45713.169,6229.743,140.331,16022.574,2248.457
1890.000,CR,252.245,52.774,45713.169,6229.743,140.331,16063.359,2254.180
1891.000,CR,252.245,52.774,45713.169,6229.743,140.331,16066.659,2254.643
1892.000,CR,252.245,52.774,45713.169,6229.743,140.331,16025.405,2248.854
1893.000,CR,252.245,52.774,45713.169,6229.743,140.331,16022.907,2248.504
1894.000,CR,252.245,52.774,45713.169,6229.743,140.331,16081.376,2256.709
1895.000,CR,252.245,52.774,45713.169,6229.743,140.331,16115.166,2261.451
1896.000,CR,252.245,52.774,45713.169,6229.743,140.331,16152.330,2266.666
1897.000,CR,252.245,52.774,45713.169,6229.743,140.331,16189.699,2271.910
1898.000,CR,252.245,52.774,45713.169,6229.743,140.331,16228.407,2277.342
1899.000,CR,252.245,52.774,45713.169,6229.743,140.331,16265.564,2282.556
1900.000,CR,252.245,52.774,45713.169,6229.743,140.331,16288.028,2285.708
1901.000,CR,252.245,52.774,45713.169,6229.743,140.331,16375.255,2297.949
1902.000,CR,252.245,52.774,45713.169,6229.743,140.331,16367.176,2296.815
1903.000,CR,252.245,52.774,45713.169,6229.743,140.331,16400.808,2301.535
1904.000,CR,252.245,52.774,45713.169,6229.743,140.331,16430.647,2305.722
1905.000,CR,252.245,52.774,45713.169,6229.743,140.331,16493.748,2314.577
1906.000,CR,252.245,52.774,45713.169,6229.743,140.331,16494.731,2314.715
1907.000,CR,252.245,52.774,45713.169,6229.743,140.331,16544.538,2321.705
1908.000,CR,252.245,52.774,45713.169,6229.743,140.331,16570.306,2325.321
1909.000,CR,252.245,52.774,45713.169,6229.743,140.331,16584.577,2327.323
1910.000,CR,252.245,52.774,45713.169,6229.743,140.331,16553.631,2322.980
1911.000,CR,252.245,52.774,45713.169,6229.743,140.331,16555.281,2323.212
1912.000,CR,252.245,52.774,45713.169,6229.743,140.331,16529.103,2319.539
1913.000,CR,252.245,52.774,45713.169,6229.743,140.331,16508.436,2316.638
1914.000,CR,252.245,52.774,45713.169,6229.743,140.331,16385.582,2299.398
1915.000,CR,252.245,52.774,45713.169,6229.743,140.331,16363.899,2296.355
1916.000,CR,252.245,52.774,45713.169,6229.743,140.331,16305.266,2288.127
1917.000,CR,252.245,52.774,45713.169,6229.743,140.331,16237.355,2278.597
1918.000,CR,252.245,52.774,45713.169,6229.743,140.331,16186.339,2271.438
1919.000,CR,252.245,52.774,45713.169,6229.743,140.331,16112.891,2261.131
1920.000,CR,252.245,52.774,45713.169,6229.743,140.331,16154.974,2267.037
1921.000,CR,252.245,52.774,45713.169,6229.743,140.331,16110.511,2260.797
1922.000,CR,252.245,52.774,45713.169,6229.743,140.331,16020.544,2248.172
1923.000,CR,252.245,52.774,45713.169,6229.743,140.331,16005.135,2246.010
1924.000,CR,252.245,52.774,45713.169,6229.743,140.331,15948.060,2238.000
1925.000,CR,252.245,52.774,45713.169,6229.743,140.331,15993.638,2244.396
1926.000,CR,252.245,52.774,45713.169,6229.743,140.331,15965.578,2240.459
1927.000,CR,252.245,52.774,45713.169,6229.743,140.331,15936.478,2236.375
1928.000,CR,252.245,52.774,45713.169,6229.743,140.331,15917.780,2233.751
1929.000,CR,252.245,52.774,45713.169,6229.743,140.331,15927.881,2235.169
1930.000,CR,252.245,52.774,45713.169,6229.743,140.331,15982.457,2242.827
1931.000,CR,252.245,52.774,45713.169,6229.743,140.331,16001.366,2245.481
1932.000,CR,252.245,52.774,45713.169,6229.743,140.331,16025.631,2248.886
1933.000,CR,252.245,52.774,45713.169,6229.743,140.331,16004.252,2245.886
1934.000,CR,252.245,52.774,45713.169,6229.743,140.331,16024.648,2248.748
1935.000,CR,252.245,52.774,45713.169,6229.743,140.331,15970.173,2241.103
1936.000,CR,252.245,52.774,45713.169,6229.743,140.331,15936.040,2236.314
1937.000,CR,252.245,52.774,45713.169,6229.743,140.331,15930.838,2235.584
1938.000,CR,252.245,52.774,45713.169,6229.743,140.331,15933.729,2235.989
1939.000,CR,252.245,52.774,45713.169,6229.743,140.331,15909.219,2232.550
1940.000,CR,252.245,52.774,45713.169,6229.743,140.331,15901.024,2231.400
1941.000,CR,252.245,52.774,45713.169,6229.743,140.331,15915.659,2233.454
1942.000,CR,252.245,52.774,45713.169,6229.743,140.331,15955.712,2239.074
1943.000,CR,252.245,52.774,45713.169,6229.743,140.331,15959.781,2239.645
1944.000,CR,252.245,52.774,45713.169,6229.743,140.331,15938.751,2236.694
1945.000,CR,252.245,52.774,45713.169,6229.743,140.331,15884.740,2229.115
1946.000,CR,252.245,52.774,45713.169,6229.743,140.331,15829.626,2221.380
1947.000,CR,252.245,52.774,45713.169,6229.743,140.331,15796.917,2216.790
1948.000,CR,252.245,52.774,45713.169,6229.743,140.331,15825.959,2220.866
1949.000,CR,252.245,52.774,45713.169,6229.743,140.331,15845.775,2223.647
1950.000,CR,252.245,52.774,45713.169,6229.743,140.331,15803.970,2217.780
1951.000,CR,252.245,52.774,45713.169,6229.743,140.331,15744.727,2209.467
1952.000,CR,252.245,52.774,45713.169,6229.743,140.331,15681.824,2200.639
1953.000,CR,252.245,52.774,45713.169,6229.743,140.331,15692.448,2202.130
1954.000,CR,252.245,52.774,45713.169,6229.743,140.331,15626.468,2192.871
1955.000,CR,252.245,52.774,45713.169,6229.743,140.331,15575.811,2185.762
1956.000,CR,252.245,52.774,45713.169,6229.743,140.331,15597.295,2188.777
1957.000,CR,252.245,52.774,45713.169,6229.743,140.331,15586.614,2187.278
1958.000,CR,252.245,52.774,45713.169,6229.743,140.331,15619.727,2191.925
1959.000,CR,252.245,52.774,45713.169,6229.743,140.331,15591.798,2188.006
1960.000,CR,252.245,52.774,45713.169,6229.743,140.331,15588.444,2187.535
1961.000,CR,252.245,52.774,45713.169,6229.743,140.331,15580.432,2186.411
1962.000,CR,252.245,52.774,45713.169,6229.743,140.331,15611.819,2190.815
1963.000,CR,252.245,52.774,45713.169,6229.743,140.331,15623.993,2192.524
1964.000,CR,252.245,52.774,45713.169,6229.743,140.331,15630.006,2193.368
1965.000,CR,252.245,52.774,45713.169,6229.743,140.331,15667.504,2198.630
1966.000,CR,252.245,52.774,45713.169,6229.743,140.331,15658.123,2197.313
1967.000,CR,252.245,52.774,45713.169,6229.743,140.331,15710.691,2204.690
1968.000,CR,252.245,52.774,45713.169,6229.743,140.331,15728.233,2207.152
1969.000,CR,252.245,52.774,45713.169,6229.743,140.331,15744.975,2209.501
1970.000,CR,252.245,52.774,45713.169,6229.743,140.331,15745.638,2209.594
1971.000,CR,252.245,52.774,45713.169,6229.743,140.331,15752.850,2210.607
1972.000,CR,252.245,52.774,45713.169,6229.743,140.331,15786.133,2215.277
1973.000,CR,252.245,52.774,45713.169,6229.743,140.331,15803.623,2217.731
1974.000,CR,252.245,52.774,45713.169,6229.743,140.331,15884.963,2229.146
1975.000,CR,252.245,52.774,45713.169,6229.743,140.331,15900.315,2231.300
1976.000,CR,252.245,52.774,45713.169,6229.743,140.331,15970.477,2241.146
1977.000,CR,252.245,52.774,45713.169,6229.743,140.331,16010.381,2246.746
1978.000,CR,252.245,52.774,45713.169,6229.743,140.331,16016.048,2247.541
1979.000,CR,252.245,52.774,45713.169,6229.743,140.331,16068.271,2254.870
1980.000,CR,252.245,52.774,45713.169,6229.743,140.331,16076.703,2256.053
1981.000,CR,252.245,52.774,45713.169,6229.743,140.331,16092.060,2258.208
1982.000,CR,252.245,52.774,45713.169,6229.743,140.331,16080.395,2256.571
1983.000,CR,252.245,52.774,45713.169,6229.743,140.331,16074.479,2255.741
1984.000,CR,252.245,52.774,45713.169,6229.743,140.331,16030.518,2249.572
1985.000,CR,252.245,52.774,45713.169,6229.743,140.331,15998.160,2245.031
1986.000,CR,252.245,52.774,45713.169,6229.743,140.331,15948.557,2238.070
1987.000,CR,252.245,52.774,45713.169,6229.743,140.331,15908.903,2232.505
1988.000,CR,252.245,52.774,45713.169,6229.743,140.331,15863.306,2226.107
1989.000,CR,252.245,52.774,45713.169,6229.743,140.331,15826.360,2220.922
1990.000,CR,252.245,52.774,45713.169,6229.743,140.331,15838.359,2222.606
1991.000,CR,252.245,52.774,45713.169,6229.743,140.331,15793.284,2216.281
1992.000,CR,252.245,52.774,45713.169,6229.743,140.331,15834.085,2222.006
1993.000,CR,252.245,52.774,45713.169,6229.743,140.331,15896.561,2230.774
1994.000,CR,252.245,52.774,45713.169,6229.743,140.331,15905.087,2231.970
1995.000,CR,252.245,52.774,45713.169,6229.743,140.331,15913.446,2233.143
1996.000,CR,252.245,52.774,45713.169,6229.743,140.331,15997.803,2244.981
1997.000,CR,252.245,52.774,45713.169,6229.743,140.331,16011.326,2246.879
1998.000,CR,252.245,52.774,45713.169,6229.743,140.331,16123.302,2262.592
1999.000,CR,252.245,52.774,45713.169,6229.743,140.331,16145.457,2265.701
2000.000,CR,252.245,52.774,45713.169,6229.743,140.331,16224.406,2276.780
2001.000,CR,252.245,52.774,45713.169,6229.743,140.331,16242.404,2279.306
2002.000,CR,252.245,52.774,45713.169,6229.743,140.331,16299.337,2287.295
2003.000,CR,252.245,52.774,45713.169,6229.743,140.331,16260.775,2281.884
2004.000,CR,252.245,52.774,45713.169,6229.743,140.331,16256.317,2281.258
2005.000,CR,252.245,52.774,45713.169,6229.743,140.331,16300.103,2287.403
2006.000,CR,252.245,52.774,45713.169,6229.743,140.331,16308.784,2288.621
2007.000,CR,252.245,52.774,45713.169,6229.743,140.331,16304.340,2287.997
2008.000,CR,252.245,52.774,45713.169,6229.743,140.331,16298.096,2287.121
2009.000,CR,252.245,52.774,45713.169,6229.743,140.331,16291.482,2286.193
2010.000,CR,252.245,52.774,45713.169,6229.743,140.331,16326.401,2291.093
2011.000,CR,252.245,52.774,45713.169,6229.743,140.331,16299.695,2287.346
2012.000,CR,252.245,52.774,45713.169,6229.743,140.331,16323.770,2290.724
2013.000,CR,252.245,52.774,45713.169,6229.743,140.331,16309.059,2288.660
2014.000,CR,252.245,52.774,45713.169,6229.743,140.331,16347.353,2294.033
2015.000,CR,252.245,52.774,45713.169,6229.743,140.331,16329.895,2291.583
2016.000,CR,252.245,52.774,45713.169,6229.743,140.331,16289.406,2285.902
2017.000,CR,252.245,52.774,45713.169,6229.743,140.331,16228.275,2277.323
2018.000,CR,252.245,52.774,45713.169,6229.743,140.331,16173.733,2269.669
2019.000,CR,252.245,52.774,45713.169,6229.743,140.331,16171.984,2269.424
2020.000,CR,252.245,52.774,45713.169,6229.743,140.331,16089.781,2257.888
2021.000,CR,252.245,52.774,45713.169,6229.743,140.331,16049.800,2252.278
2022.000,CR,252.245,52.774,45713.169,6229.743,140.331,16010.715,2246.793
2023.000,CR,252.245,52.774,45713.169,6229.743,140.331,16086.188,2257.384
2024.000,CR,252.245,52.774,45713.169,6229.743,140.331,16083.177,2256.962
2025.000,CR,252.245,52.774,45713.169,6229.743,140.331,16066.244,2254.585
2026.000,CR,252.245,52.774,45713.169,6229.743,140.331,16065.407,2254.468
2027.000,CR,252.245,52.774,45713.169,6229.743,140.331,16062.308,2254.033
2028.000,CR,252.245,52.774,45713.169,6229.743,140.331,16039.887,2250.887
2029.000,CR,252.245,52.774,45713.169,6229.743,140.331,16057.251,2253.323
2030.000,CR,252.245,52.774,45713.169,6229.743,140.331,16093.821,2258.455
2031.000,CR,252.245,52.774,45713.169,6229.743,140.331,16107.244,2260.339
2032.000,CR,252.245,52.774,45713.169,6229.743,140.331,16125.784,2262.941
2033.000,CR,252.245,52.774,45713.169,6229.743,140.331,16117.399,2261.764
2034.000,CR,252.245,52.774,45713.169,6229.743,140.331,16108.882,2260.569
2035.000,CR,252.245,52.774,45713.169,6229.743,140.331,16091.090,2258.072
2036.000,CR,252.245,52.774,45713.169,6229.743,140.331,16118.120,2261.865
2037.000,CR,252.245,52.774,45713.169,6229.743,140.331,16092.286,2258.240
2038.000,CR,252.245,52.774,45713.169,6229.743,140.331,16099.015,2259.184
2039.000,CR,252.245,52.774,45713.169,6229.743,140.331,16056.957,2253.282
2040.000,CR,252.245,52.774,45713.169,6229.743,140.331,16048.945,2252.158
2041.000,CR,252.245,52.774,45713.169,6229.743,140.331,16015.452,2247.458
2042.000,CR,252.245,52.774,45713.169,6229.743,140.331,15991.609,2244.112
2043.000,CR,252.245,52.774,45713.169,6229.743,140.331,15993.506,2244.378
2044.000,CR,252.245,52.774,45713.169,6229.743,140.331,15986.698,2243.423
2045.000,CR,252.245,52.774,45713.169,6229.743,140.331,15994.925,2244.577
2046.000,CR,252.245,52.774,45713.169,6229.743,140.331,16040.086,2250.915
2047.000,CR,252.245,52.774,45713.169,6229.743,140.331,16015.087,2247.406
2048.000,CR,252.245,52.774,45713.169,6229.743,140.331,15979.190,2242.369
2049.000,CR,252.245,52.774,45713.169,6229.743,140.331,15990.968,2244.022
2050.000,CR,252.245,52.774,45713.169,6229.743,140.331,15987.416,2243.523
2051.000,CR,252.245,52.774,45713.169,6229.743,140.331,16001.129,2245.448
2052.000,CR,252.245,52.774,45713.169,6229.743,140.331,15993.770,2244.415
2053.000,CR,252.245,52.774,45713.169,6229.743,140.331,16024.533,2248.732
2054.000,CR,252.245,52.774,45713.169,6229.743,140.331,16091.507,2258.130
2055.000,CR,252.245,52.774,45713.169,6229.743,140.331,16109.255,2260.621
2056.000,CR,252.245,52.774,45713.169,6229.743,140.331,16140.996,2265.075
2057.000,CR,252.245,52.774,45713.169,6229.743,140.331,16146.639,2265.867
2058.000,CR,252.245,52.774,45713.169,6229.743,140.331,16237.882,2278.671
2059.000,CR,252.245,52.774,45713.169,6229.743,140.331,16279.804,2284.554
2060.000,CR,252.245,52.774,45713.169,6229.743,140.331,16265.680,2282.572
2061.000,CR,252.245,52.774,45713.169,6229.743,140.331,16307.902,2288.497
2062.000,CR,252.245,52.774,45713.169,6229.743,140.331,16258.828,2281.611
2063.000,CR,252.245,52.774,45713.169,6229.743,140.331,16262.812,2282.170
2064.000,CR,252.245,52.774,45713.169,6229.743,140.331,16266.488,2282.686
2065.000,CR,252.245,52.774,45713.169,6229.743,140.331,16258.937,2281.626
2066.000,CR,252.245,52.774,45713.169,6229.743,140.331,16198.702,2273.173
2067.000,CR,252.245,52.774,45713.169,6229.743,140.331,16145.634,2265.726
2068.000,CR,252.245,52.774,45713.169,6229.743,140.331,16080.564,2256.595
2069.000,CR,252.245,52.774,45713.169,6229.743,140.331,16116.786,2261.678
2070.000,CR,252.245,52.774,45713.169,6229.743,140.331,16120.675,2262.224
2071.000,CR,252.245,52.774,45713.169,6229.743,140.331,16099.495,2259.251
2072.000,CR,252.245,52.774,45713.169,6229.743,140.331,16084.375,2257.130
2073.000,CR,252.245,52.774,45713.169,6229.743,140.331,16137.843,2264.633
2074.000,CR,252.245,52.774,45713.169,6229.743,140.331,16144.502,2265.567
2075.000,CR,252.245,52.774,45713.169,6229.743,140.331,16187.011,2271.533
2076.000,CR,252.245,52.774,45713.169,6229.743,140.331,16202.911,2273.764
2077.000,CR,252.245,52.774,45713.169,6229.743,140.331,16179.157,2270.430
2078.000,CR,252.245,52.774,45713.169,6229.743,140.331,16175.881,2269.971
2079.000,CR,252.245,52.774,45713.169,6229.743,140.331,16186.838,2271.508
2080.000,CR,252.245,52.774,45713.169,6229.743,140.331,16223.751,2276.688
2081.000,CR,252.245,52.774,45713.169,6229.743,140.331,16238.100,2278.702
2082.000,CR,252.245,52.774,45713.169,6229.743,140.331,16246.502,2279.881
2083.000,CR,252.245,52.774,45713.169,6229.743,140.331,16285.675,2285.378
2084.000,CR,252.245,52.774,45713.169,6229.743,140.331,16314.118,2289.369
2085.000,CR,252.245,52.774,45713.169,6229.743,140.331,16337.500,2292.651
2086.000,CR,252.245,52.774,45713.169,6229.743,140.331,16306.451,2288.294
2087.000,CR,252.245,52.774,45713.169,6229.743,140.331,16321.814,2290.449
2088.000,CR,252.245,52.774,45713.169,6229.743,140.331,16305.781,2288.200
2089.000,CR,252.245,52.774,45713.169,6229.743,140.331,16318.371,2289.966
2090.000,CR,252.245,52.774,45713.169,6229.743,140.331,16296.892,2286.952
2091.000,CR,252.245,52.774,45713.169,6229.743,140.331,16272.259,2283.495
2092.000,CR,252.245,52.774,45713.169,6229.743,140.331,16313.061,2289.221
2093.000,CR,252.245,52.774,45713.169,6229.743,140.331,16312.972,2289.209
2094.000,CR,252.245,52.774,45713.169,6229.743,140.331,16313.952,2289.346
2095.000,CR,252.245,52.774,45713.169,6229.743,140.331,16285.338,2285.331
2096.000,CR,252.245,52.774,45713.169,6229.743,140.331,16220.780,2276.271
2097.000,CR,252.245,52.774,45713.169,6229.743,140.331,16158.777,2267.570
2098.000,CR,252.245,52.774,45713.169,6229.743,140.331,16118.341,2261.896
2099.000,CR,252.245,52.774,45713.169,6229.743,140.331,16122.007,2262.410
2100.000,CR,252.245,52.774,45713.169,6229.743,140.331,16087.320,2257.543
2101.000,CR,252.245,52.774,45713.169,6229.743,140.331,16071.986,2255.391
2102.000,CR,252.245,52.774,45713.169,6229.743,140.331,16028.301,2249.261
2103.000,CR,252.245,52.774,45713.169,6229.743,140.331,15989.762,2243.852
2104.000,CR,252.245,52.774,45713.169,6229.743,140.331,15926.670,2234.999
2105.000,CR,252.245,52.774,45713.169,6229.743,140.331,15883.909,2228.998
2106.000,CR,252.245,52.774,45713.169,6229.743,140.331,15876.190,2227.915
2107.000,CR,252.245,52.774,45713.169,6229.743,140.331,15832.358,2221.764
2108.000,CR,252.245,52.774,45713.169,6229.743,140.331,15809.250,2218.521
2109.000,CR,252.245,52.774,45713.169,6229.743,140.331,15834.566,2222.074
2110.000,CR,252.245,52.774,45713.169,6229.743,140.331,15839.009,2222.697
2111.000,CR,252.245,52.774,45713.169,6229.743,140.331,15865.544,2226.421
2112.000,CR,252.245,52.774,45713.169,6229.743,140.331,15910.653,2232.751
2113.000,CR,252.245,52.774,45713.169,6229.743,140.331,15883.120,2228.887
2114.000,CR,252.245,52.774,45713.169,6229.743,140.331,15874.121,2227.625
2115.000,CR,252.245,52.774,45713.169,6229.743,140.331,15858.821,2225.477
2116.000,CR,252.245,52.774,45713.169,6229.743,140.331,15866.070,2226.495
2117.000,CR,252.245,52.774,45713.169,6229.743,140.331,15849.483,2224.167
2118.000,CR,252.245,52.774,45713.169,6229.743,140.331,15816.969,2219.604
2119.000,CR,252.245,52.774,45713.169,6229.743,140.331,15808.229,2218.378
2120.000,CR,252.245,52.774,45713.169,6229.743,140.331,15812.790,2219.018
2121.000,CR,252.245,52.774,45713.169,6229.743,140.331,15810.152,2218.648
2122.000,CR,252.245,52.774,45713.169,6229.743,140.331,15832.674,2221.808
2123.000,CR,252.245,52.774,45713.169,6229.743,140.331,15841.443,2223.039
2124.000,CR,252.245,52.774,45713.169,6229.743,140.331,15880.014,2228.452
2125.000,CR,252.245,52.774,45713.169,6229.743,140.331,15902.621,2231.624
2126.000,CR,252.245,52.774,45713.169,6229.743,140.331,15980.695,2242.580
2127.000,CR,252.245,52.774,45713.169,6229.743,140.331,15986.649,2243.416
2128.000,CR,252.245,52.774,45713.169,6229.743,140.331,16019.410,2248.013
2129.000,CR,252.245,52.774,45713.169,6229.743,140.331,16012.654,2247.065
2130.000,CR,252.245,52.774,45713.169,6229.743,140.331,16022.152,2248.398
2131.000,CR,252.245,52.774,45713.169,6229.743,140.331,16043.215,2251.354
2132.000,CR,252.245,52.774,45713.169,6229.743,140.331,16062.615,2254.076
2133.000,CR,252.245,52.774,45713.169,6229.743,140.331,16131.174,2263.697
2134.000,CR,252.245,52.774,45713.169,6229.743,140.331,16197.155,2272.956
2135.000,CR,252.245,52.774,45713.169,6229.743,140.331,16229.727,2277.527
2136.000,CR,252.245,52.774,45713.169,6229.743,140.331,16322.512,2290.547
2137.000,CR,252.245,52.774,45713.169,6229.743,140.331,16411.690,2303.062
2138.000,CR,252.245,52.774,45713.169,6229.743,140.331,16409.456,2302.748
2139.000,CR,252.245,52.774,45713.169,6229.743,140.331,16450.467,2308.503
2140.000,CR,252.245,52.774,45713.169,6229.743,140.331,16427.185,2305.236
2141.000,CR,252.245,52.774,45713.169,6229.743,140.331,16408.035,2302.549
2142.000,CR,252.245,52.774,45713.169,6229.743,140.331,16344.322,2293.608
2143.000,CR,252.245,52.774,45713.169,6229.743,140.331,16325.316,2290.941
2144.000,CR,252.245,52.774,45713.169,6229.743,140.331,16227.837,2277.262
2145.000,CR,252.245,52.774,45713.169,6229.743,140.331,16133.938,2264.085
2146.000,CR,252.245,52.774,45713.169,6229.743,140.331,16058.144,2253.449
2147.000,CR,252.245,52.774,45713.169,6229.743,140.331,15966.718,2240.619
2148.000,CR,252.245,52.774,45713.169,6229.743,140.331,15896.569,2230.775
2149.000,CR,252.245,52.774,45713.169,6229.743,140.331,15913.847,2233.199
2150.000,CR,252.245,52.774,45713.169,6229.743,140.331,15869.488,2226.974
2151.000,CR,252.245,52.774,45713.169,6229.743,140.331,15770.960,2213.148
2152.000,CR,252.245,52.774,45713.169,6229.743,140.331,15737.866,2208.504
2153.000,CR,252.245,52.774,45713.169,6229.743,140.331,15745.330,2209.551
2154.000,CR,252.245,52.774,45713.169,6229.743,140.331,15704.444,2203.814
2155.000,CR,252.245,52.774,45713.169,6229.743,140.331,15673.015,2199.403
2156.000,CR,252.245,52.774,45713.169,6229.743,140.331,15671.223,2199.152
2157.000,CR,252.245,52.774,45713.169,6229.743,140.331,15660.588,2197.659
2158.000,CR,252.245,52.774,45713.169,6229.743,140.331,15617.066,2191.552
2159.000,CR,252.245,52.774,45713.169,6229.743,140.331,15644.156,2195.353
2160.000,CR,252.245,52.774,45713.169,6229.743,140.331,15619.998,2191.963
2161.000,CR,252.245,52.774,45713.169,6229.743,140.331,15675.213,2199.712
2162.000,CR,252.245,52.774,45713.169,6229.743,140.331,15683.863,2200.926
2163.000,CR,252.245,52.774,45713.169,6229.743,140.331,15709.240,2204.487
2164.000,CR,252.245,52.774,45713.169,6229.743,140.331,15701.005,2203.331
2165.000,CR,252.245,52.774,45713.169,6229.743,140.331,15733.024,2207.824
2166.000,CR,252.245,52.774,45713.169,6229.743,140.331,15755.566,2210.988
2167.000,CR,252.245,52.774,45713.169,6229.743,140.331,15767.088,2212.604
2168.000,CR,252.245,52.774,45713.169,6229.743,140.331,15766.468,2212.517
2169.000,CR,252.245,52.774,45713.169,6229.743,140.331,15735.313,2208.146
2170.000,CR,252.245,52.774,45713.169,6229.743,140.331,15721.861,2206.258
2171.000,CR,252.245,52.774,45713.169,6229.743,140.331,15698.797,2203.021
2172.000,CR,252.245,52.774,45713.169,6229.743,140.331,15645.848,2195.591
2173.000,CR,252.245,52.774,45713.169,6229.743,140.331,15632.173,2193.672
2174.000,CR,252.245,52.774,45713.169,6229.743,140.331,15622.623,2192.332
2175.000,CR,252.245,52.774,45713.169,6229.743,140.331,15609.153,2190.441
2176.000,CR,252.245,52.774,45713.169,6229.743,140.331,15659.799,2197.549
2177.000,CR,252.245,52.774,45713.169,6229.743,140.331,15675.867,2199.803
2178.000,CR,252.245,52.774,45713.169,6229.743,140.331,15754.302,2210.810
2179.000,CR,252.245,52.774,45713.169,6229.743,140.331,15810.732,2218.729
2180.000,CR,252.245,52.774,45713.169,6229.743,140.331,15924.631,2234.713
2181.000,CR,252.245,52.774,45713.169,6229.743,140.331,15990.799,2243.998
2182.000,CR,252.245,52.774,45713.169,6229.743,140.331,15970.556,2241.157
2183.000,CR,252.245,52.774,45713.169,6229.743,140.331,15995.020,2244.590
2184.000,CR,252.245,52.774,45713.169,6229.743,140.331,16044.932,2251.595
2185.000,CR,252.245,52.774,45713.169,6229.743,140.331,16103.436,2259.804
2186.000,CR,252.245,52.774,45713.169,6229.743,140.331,16071.153,2255.274
2187.000,CR,252.245,52.774,45713.169,6229.743,140.331,16083.585,2257.019
2188.000,CR,252.245,52.774,45713.169,6229.743,140.331,16073.072,2255.543
2189.000,CR,252.245,52.774,45713.169,6229.743,140.331,16037.272,2250.520
2190.000,CR,252.245,52.774,45713.169,6229.743,140.331,15947.714,2237.952
2191.000,CR,252.245,52.774,45713.169,6229.743,140.331,15927.257,2235.081
2192.000,CR,252.245,52.774,45713.169,6229.743,140.331,15846.101,2223.693
2193.000,CR,252.245,52.774,45713.169,6229.743,140.331,15838.595,2222.639
2194.000,CR,252.245,52.774,45713.169,6229.743,140.331,15849.946,2224.232
2195.000,CR,252.245,52.774,45713.169,6229.743,140.331,15804.636,2217.874
2196.000,CR,252.245,52.774,45713.169,6229.743,140.331,15767.757,2212.698
2197.000,CR,252.245,52.774,45713.169,6229.743,140.331,15707.075,2204.183
2198.000,CR,252.245,52.774,45713.169,6229.743,140.331,15634.881,2194.052
2199.000,CR,252.245,52.774,45713.169,6229.743,140.331,15588.166,2187.496
2200.000,CR,252.245,52.774,45713.169,6229.743,140.331,15613.423,2191.041
2201.000,CR,252.245,52.774,45713.169,6229.743,140.331,15621.937,2192.235
2202.000,CR,252.245,52.774,45713.169,6229.743,140.331,15610.073,2190.570
2203.000,CR,252.245,52.774,45713.169,6229.743,140.331,15583.859,2186.892
2204.000,CR,252.245,52.774,45713.169,6229.743,140.331,15597.576,2188.817
2205.000,CR,252.245,52.774,45713.169,6229.743,140.331,15588.812,2187.587
2206.000,CR,252.245,52.774,45713.169,6229.743,140.331,15519.936,2177.922
2207.000,CR,252.245,52.774,45713.169,6229.743,140.331,15549.112,2182.016
2208.000,CR,252.245,52.774,45713.169,6229.743,140.331,15568.180,2184.692
2209.000,CR,252.245,52.774,45713.169,6229.743,140.331,15606.636,2190.088
2210.000,CR,252.245,52.774,45713.169,6229.743,140.331,15620.476,2192.030
2211.000,CR,252.245,52.774,45713.169,6229.743,140.331,15629.911,2193.354
2212.000,CR,252.245,52.774,45713.169,6229.743,140.331,15657.216,2197.186
2213.000,CR,252.245,52.774,45713.169,6229.743,140.331,15674.476,2199.608
2214.000,CR,252.245,52.774,45713.169,6229.743,140.331,15719.967,2205.992
2215.000,CR,252.245,52.774,45713.169,6229.743,140.331,15770.644,2213.104
2216.000,CR,252.245,52.774,45713.169,6229.743,140.331,15789.034,2215.684
2217.000,CR,252.245,52.774,45713.169,6229.743,140.331,15783.629,2214.926
2218.000,CR,252.245,52.774,45713.169,6229.743,140.331,15826.225,2220.903
2219.000,CR,252.245,52.774,45713.169,6229.743,140.331,15795.729,2216.624
2220.000,CR,252.245,52.774,45713.169,6229.743,140.331,15844.121,2223.415
2221.000,CR,252.245,52.774,45713.169,6229.743,140.331,15904.780,2231.927
2222.000,CR,252.245,52.774,45713.169,6229.743,140.331,15947.667,2237.945
2223.000,CR,252.245,52.774,45713.169,6229.743,140.331,16013.364,2247.165
2224.000,CR,252.245,52.774,45713.169,6229.743,140.331,16017.015,2247.677
2225.000,CR,252.245,52.774,45713.169,6229.743,140.331,15993.956,2244.441
2226.000,CR,252.245,52.774,45713.169,6229.743,140.331,16003.799,2245.822
2227.000,CR,252.245,52.774,45713.169,6229.743,140.331,15931.426,2235.666
2228.000,CR,252.245,52.774,45713.169,6229.743,140.331,15938.068,2236.598
2229.000,CR,252.245,52.774,45713.169,6229.743,140.331,15938.766,2236.696
2230.000,CR,252.245,52.774,45713.169,6229.743,140.331,15939.756,2236.835
2231.000,CR,252.245,52.774,45713.169,6229.743,140.331,15977.081,2242.073
2232.000,CR,252.245,52.774,45713.169,6229.743,140.331,16003.716,2245.811
2233.000,CR,252.245,52.774,45713.169,6229.743,140.331,15966.553,2240.596
2234.000,CR,252.245,52.774,45713.169,6229.743,140.331,16033.773,2250.029
2235.000,CR,252.245,52.774,45713.169,6229.743,140.331,16084.492,2257.146
2236.000,CR,252.245,52.774,45713.169,6229.743,140.331,16115.207,2261.456
2237.000,CR,252.245,52.774,45713.169,6229.743,140.331,16172.946,2269.559
2238.000,CR,252.245,52.774,45713.169,6229.743,140.331,16195.546,2272.730
2239.000,CR,252.245,52.774,45713.169,6229.743,140.331,16262.373,2282.108
2240.000,CR,252.245,52.774,45713.169,6229.743,140.331,16289.499,2285.915
2241.000,CR,252.245,52.774,45713.169,6229.743,140.331,16274.004,2283.740
2242.000,CR,252.245,52.774,45713.169,6229.743,140.331,16280.196,2284.609
2243.000,CR,252.245,52.774,45713.169,6229.743,140.331,16289.425,2285.904
2244.000,CR,252.245,52.774,45713.169,6229.743,140.331,16289.687,2285.941
2245.000,CR,252.245,52.774,45713.169,6229.743,140.331,16315.327,2289.539
2246.000,CR,252.245,52.774,45713.169,6229.743,140.331,16356.740,2295.351
2247.000,CR,252.245,52.774,45713.169,6229.743,140.331,16381.943,2298.888
2248.000,CR,252.245,52.774,45713.169,6229.743,140.331,16447.986,2308.155
2249.000,CR,252.245,52.774,45713.169,6229.743,140.331,16425.434,2304.991
2250.000,CR,252.245,52.774,45713.169,6229.743,140.331,16445.672,2307.831
2251.000,CR,252.245,52.774,45713.169,6229.743,140.331,16384.677,2299.271
2252.000,CR,252.245,52.774,45713.169,6229.743,140.331,16342.019,2293.285
2253.000,CR,252.245,52.774,45713.169,6229.743,140.331,16220.236,2276.195
2254.000,CR,252.245,52.774,45713.169,6229.743,140.331,16160.578,2267.823
2255.000,CR,252.245,52.774,45713.169,6229.743,140.331,16083.634,2257.026
2256.000,CR,252.245,52.774,45713.169,6229.743,140.331,16032.891,2249.905
2257.000,CR,252.245,52.774,45713.169,6229.743,140.331,15903.447,2231.740
2258.000,CR,252.245,52.774,45713.169,6229.743,140.331,15888.269,2229.610
2259.000,CR,252.245,52.774,45713.169,6229.743,140.331,15853.026,2224.664
2260.000,CR,252.245,52.774,45713.169,6229.743,140.331,15817.312,2219.653
2261.000,CR,252.245,52.774,45713.169,6229.743,140.331,15770.843,2213.131
2262.000,CR,252.245,52.774,45713.169,6229.743,140.331,15778.663,2214.229
2263.000,CR,252.245,52.774,45713.169,6229.743,140.331,15757.855,2211.309
2264.000,CR,252.245,52.774,45713.169,6229.743,140.331,15808.288,2218.386
2265.000,CR,252.245,52.774,45713.169,6229.743,140.331,15789.833,2215.796
2266.000,CR,252.245,52.774,45713.169,6229.743,140.331,15800.863,2217.344
2267.000,CR,252.245,52.774,45713.169,6229.743,140.331,15841.195,2223.004
2268.000,CR,252.245,52.774,45713.169,6229.743,140.331,15826.674,2220.966
2269.000,CR,252.245,52.774,45713.169,6229.743,140.331,15890.935,2229.984
2270.000,CR,252.245,52.774,45713.169,6229.743,140.331,15911.923,2232.929
2271.000,CR,252.245,52.774,45713.169,6229.743,140.331,15960.689,2239.773
2272.000,CR,252.245,52.774,45713.169,6229.743,140.331,16006.889,2246.256
2273.000,CR,252.245,52.774,45713.169,6229.743,140.331,16067.075,2254.702
2274.000,CR,252.245,52.774,45713.169,6229.743,140.331,16065.056,2254.419
2275.000,CR,252.245,52.774,45713.169,6229.743,140.331,16102.760,2259.710
2276.000,CR,252.245,52.774,45713.169,6229.743,140.331,16034.502,2250.131
2277.000,CR,252.245,52.774,45713.169,6229.743,140.331,16072.109,2255.408
2278.000,CR,252.245,52.774,45713.169,6229.743,140.331,16085.374,2257.270
2279.000,CR,252.245,52.774,45713.169,6229.743,140.331,16087.754,2257.604
2280.000,CR,252.245,52.774,45713.169,6229.743,140.331,16062.674,2254.084
2281.000,CR,252.245,52.774,45713.169,6229.743,140.331,16017.704,2247.774
2282.000,CR,252.245,52.774,45713.169,6229.743,140.331,16011.831,2246.949
2283.000,CR,252.245,52.774,45713.169,6229.743,140.331,16034.268,2250.098
2284.000,CR,252.245,52.774,45713.169,6229.743,140.331,16055.893,2253.133
2285.000,CR,252.245,52.774,45713.169,6229.743,140.331,16066.468,2254.617
2286.000,CR,252.245,52.774,45713.169,6229.743,140.331,16088.265,2257.675
2287.000,CR,252.245,52.774,45713.169,6229.743,140.331,16140.189,2264.962
2288.000,CR,252.245,52.774,45713.169,6229.743,140.331,16132.459,2263.877
2289.000,CR,252.245,52.774,45713.169,6229.743,140.331,16134.316,2264.138
2290.000,CR,252.245,52.774,45713.169,6229.743,140.331,16095.460,2258.685
2291.000,CR,252.245,52.774,45713.169,6229.743,140.331,16057.021,2253.291
2292.000,CR,252.245,52.774,45713.169,6229.743,140.331,16047.460,2251.949
2293.000,CR,252.245,52.774,45713.169,6229.743,140.331,16018.109,2247.830
2294.000,CR,252.245,52.774,45713.169,6229.743,140.331,15966.674,2240.612
2295.000,CR,252.245,52.774,45713.169,6229.743,140.331,15954.346,2238.883
2296.000,CR,252.245,52.774,45713.169,6229.743,140.331,15941.230,2237.042
2297.000,CR,252.245,52.774,45713.169,6229.743,140.331,15954.884,2238.958
2298.000,CR,252.245,52.774,45713.169,6229.743,140.331,15932.073,2235.757
2299.000,CR,252.245,52.774,45713.169,6229.743,140.331,15968.748,2240.904
2300.000,CR,252.245,52.774,45713.169,6229.743,140.331,15984.525,2243.118
2301.000,CR,252.245,52.774,45713.169,6229.743,140.331,15971.581,2241.301
2302.000,CR,252.245,52.774,45713.169,6229.743,140.331,15989.590,2243.828
2303.000,CR,252.245,52.774,45713.169,6229.743,140.331,16070.819,2255.227
2304.000,CR,252.245,52.774,45713.169,6229.743,140.331,16154.472,2266.966
2305.000,CR,252.245,52.774,45713.169,6229.743,140.331,16109.016,2260.588
2306.000,CR,252.245,52.774,45713.169,6229.743,140.331,16156.024,2267.184
2307.000,CR,252.245,52.774,45713.169,6229.743,140.331,16112.158,2261.028
2308.000,CR,252.245,52.774,45713.169,6229.743,140.331,16069.502,2255.042
2309.000,CR,252.245,52.774,45713.169,6229.743,140.331,16060.270,2253.747
2310.000,CR,252.245,52.774,45713.169,6229.743,140.331,16035.110,2250.216
2311.000,CR,252.245,52.774,45713.169,6229.743,140.331,15986.828,2243.441
2312.000,CR,252.245,52.774,45713.169,6229.743,140.331,15983.172,2242.928
2313.000,CR,252.245,52.774,45713.169,6229.743,140.331,15997.917,2244.997
2314.000,CR,252.245,52.774,45713.169,6229.743,140.331,15993.222,2244.338
2315.000,CR,252.245,52.774,45713.169,6229.743,140.331,15932.497,2235.816
2316.000,CR,252.245,52.774,45713.169,6229.743,140.331,15927.557,2235.123
2317.000,CR,252.245,52.774,45713.169,6229.743,140.331,15898.842,2231.094
2318.000,CR,252.245,52.774,45713.169,6229.743,140.331,15931.408,2235.664
2319.000,CR,252.245,52.774,45713.169,6229.743,140.331,15913.865,2233.202
2320.000,CR,252.245,52.774,45713.169,6229.743,140.331,15890.391,2229.908
2321.000,CR,252.245,52.774,45713.169,6229.743,140.331,15925.338,2234.812
2322.000,CR,252.245,52.774,45713.169,6229.743,140.331,15958.141,2239.415
2323.000,CR,252.245,52.774,45713.169,6229.743,140.331,15926.701,2235.003
2324.000,CR,252.245,52.774,45713.169,6229.743,140.331,15945.751,2237.676
2325.000,CR,252.245,52.774,45713.169,6229.743,140.331,15963.268,2240.135
2326.000,CR,252.245,52.774,45713.169,6229.743,140.331,16022.952,2248.510
2327.000,CR,252.245,52.774,45713.169,6229.743,140.331,16026.287,2248.978
2328.000,CR,252.245,52.774,45713.169,6229.743,140.331,16044.824,2251.579
2329.000,CR,252.245,52.774,45713.169,6229.743,140.331,16015.600,2247.478
2330.000,CR,252.245,52.774,45713.169,6229.743,140.331,15948.549,2238.069
2331.000,CR,252.245,52.774,45713.169,6229.743,140.331,15981.542,2242.699
2332.000,CR,252.245,52.774,45713.169,6229.743,140.331,16008.316,2246.456
2333.000,CR,252.245,52.774,45713.169,6229.743,140.331,16015.512,2247.466
2334.000,CR,252.245,52.774,45713.169,6229.743,140.331,16006.693,2246.228
2335.000,CR,252.245,52.774,45713.169,6229.743,140.331,16040.359,2250.953
2336.000,CR,252.245,52.774,45713.169,6229.743,140.331,16078.627,2256.323
2337.000,CR,252.245,52.774,45713.169,6229.743,140.331,16084.588,2257.159
2338.000,CR,252.245,52.774,45713.169,6229.743,140.331,16083.123,2256.954
2339.000,CR,252.245,52.774,45713.169,6229.743,140.331,16039.189,2250.789
2340.000,CR,252.245,52.774,45713.169,6229.743,140.331,15970.458,2241.144
2341.000,CR,252.245,52.774,45713.169,6229.743,140.331,15955.884,2239.098
2342.000,CR,252.245,52.774,45713.169,6229.743,140.331,15931.484,2235.674
2343.000,CR,252.245,52.774,45713.169,6229.743,140.331,15955.269,2239.012
2344.000,CR,252.245,52.774,45713.169,6229.743,140.331,15952.952,2238.687
2345.000,CR,252.245,52.774,45713.169,6229.743,140.331,15916.976,2233.638
2346.000,CR,252.245,52.774,45713.169,6229.743,140.331,15914.498,2233.291
2347.000,CR,252.245,52.774,45713.169,6229.743,140.331,15972.327,2241.406
2348.000,CR,252.245,52.774,45713.169,6229.743,140.331,15905.448,2232.021
2349.000,CR,252.245,52.774,45713.169,6229.743,140.331,15927.618,2235.132
2350.000,CR,252.245,52.774,45713.169,6229.743,140.331,15963.884,2240.221
2351.000,CR,252.245,52.774,45713.169,6229.743,140.331,15987.447,2243.528
2352.000,CR,252.245,52.774,45713.169,6229.743,140.331,16046.145,2251.765
2353.000,CR,252.245,52.774,45713.169,6229.743,140.331,16038.366,2250.673
2354.000,CR,252.245,52.774,45713.169,6229.743,140.331,16073.804,2255.646
2355.000,CR,252.245,52.774,45713.169,6229.743,140.331,16169.094,2269.018
2356.000,CR,252.245,52.774,45713.169,6229.743,140.331,16266.017,2282.619
2357.000,CR,252.245,52.774,45713.169,6229.743,140.331,16321.227,2290.367
2358.000,CR,252.245,52.774,45713.169,6229.743,140.331,16309.740,2288.755
2359.000,CR,252.245,52.774,45713.169,6229.743,140.331,16338.742,2292.825
2360.000,CR,252.245,52.774,45713.169,6229.743,140.331,16287.339,2285.612
2361.000,CR,252.245,52.774,45713.169,6229.743,140.331,16273.600,2283.684
2362.000,CR,252.245,52.774,45713.169,6229.743,140.331,16259.680,2281.730
2363.000,CR,252.245,52.774,45713.169,6229.743,140.331,16259.366,2281.686
2364.000,CR,252.245,52.774,45713.169,6229.743,140.331,16197.984,2273.072
2365.000,CR,252.245,52.774,45713.169,6229.743,140.331,16216.710,2275.700
2366.000,CR,252.245,52.774,45713.169,6229.743,140.331,16226.352,2277.053
2367.000,CR,252.245,52.774,45713.169,6229.743,140.331,16216.214,2275.631
2368.000,CR,252.245,52.774,45713.169,6229.743,140.331,16219.297,2276.063
2369.000,CR,252.245,52.774,45713.169,6229.743,140.331,16161.033,2267.887
2370.000,CR,252.245,52.774,45713.169,6229.743,140.331,16093.642,2258.430
2371.000,CR,252.245,52.774,45713.169,6229.743,140.331,16097.194,2258.929
2372.000,CR,252.245,52.774,45713.169,6229.743,140.331,16037.302,2250.524
2373.000,CR,252.245,52.774,45713.169,6229.743,140.331,16033.517,2249.993
2374.000,CR,252.245,52.774,45713.169,6229.743,140.331,16006.883,2246.255
2375.000,CR,252.245,52.774,45713.169,6229.743,140.331,15939.388,2236.783
2376.000,CR,252.245,52.774,45713.169,6229.743,140.331,15923.839,2234.601
2377.000,CR,252.245,52.774,45713.169,6229.743,140.331,15870.638,2227.136
2378.000,CR,252.245,52.774,45713.169,6229.743,140.331,15835.347,2222.183
2379.000,CR,252.245,52.774,45713.169,6229.743,140.331,15831.024,2221.577
2380.000,CR,252.245,52.774,45713.169,6229.743,140.331,15828.951,2221.286
2381.000,CR,252.245,52.774,45713.169,6229.743,140.331,15818.087,2219.761
2382.000,CR,252.245,52.774,45713.169,6229.743,140.331,15813.409,2219.105
2383.000,CR,252.245,52.774,45713.169,6229.743,140.331,15855.855,2225.061
2384.000,CR,252.245,52.774,45713.169,6229.743,140.331,15845.745,2223.643
2385.000,CR,252.245,52.774,45713.169,6229.743,140.331,15733.900,2207.947
2386.000,CR,252.245,52.774,45713.169,6229.743,140.331,15744.449,2209.428
2387.000,CR,252.245,52.774,45713.169,6229.743,140.331,15732.598,2207.764
2388.000,CR,252.245,52.774,45713.169,6229.743,140.331,15710.011,2204.595
2389.000,CR,252.245,52.774,45713.169,6229.743,140.331,15726.830,2206.955
2390.000,CR,252.245,52.774,45713.169,6229.743,140.331,15711.040,2204.739
2391.000,CR,252.245,52.774,45713.169,6229.743,140.331,15777.468,2214.061
2392.000,CR,252.245,52.774,45713.169,6229.743,140.331,15808.417,2218.404
2393.000,CR,252.245,52.774,45713.169,6229.743,140.331,15853.685,2224.757
2394.000,CR,252.245,52.774,45713.169,6229.743,140.331,15858.871,2225.484
2395.000,CR,252.245,52.774,45713.169,6229.743,140.331,15867.622,2226.713
2396.000,CR,252.245,52.774,45713.169,6229.743,140.331,15872.240,2227.361
2397.000,CR,252.245,52.774,45713.169,6229.743,140.331,15909.542,2232.595
2398.000,CR,252.245,52.774,45713.169,6229.743,140.331,15908.029,2232.383
2399.000,CR,252.245,52.774,45713.169,6229.743,140.331,15912.845,2233.059
2400.000,CR,252.245,52.774,45713.169,6229.743,140.331,15938.160,2236.611
2401.000,CR,252.245,52.774,45713.169,6229.743,140.331,15941.714,2237.110
2402.000,CR,252.245,52.774,45713.169,6229.743,140.331,15959.404,2239.592
2403.000,CR,252.245,52.774,45713.169,6229.743,140.331,16006.907,2246.258
2404.000,CR,252.245,52.774,45713.169,6229.743,140.331,16050.811,2252.420
2405.000,CR,252.245,52.774,45713.169,6229.743,140.331,16053.695,2252.824
2406.000,CR,252.245,52.774,45713.169,6229.743,140.331,16042.271,2251.221
2407.000,CR,252.245,52.774,45713.169,6229.743,140.331,16023.112,2248.533
2408.000,CR,252.245,52.774,45713.169,6229.743,140.331,15999.270,2245.187
2409.000,CR,252.245,52.774,45713.169,6229.743,140.331,16019.899,2248.082
2410.000,CR,252.245,52.774,45713.169,6229.743,140.331,15982.769,2242.871
2411.000,CR,252.245,52.774,45713.169,6229.743,140.331,16004.912,2245.978
2412.000,CR,252.245,52.774,45713.169,6229.743,140.331,16006.376,2246.184
2413.000,CR,252.245,52.774,45713.169,6229.743,140.331,16002.302,2245.612
2414.000,CR,252.245,52.774,45713.169,6229.743,140.331,15993.288,2244.347
2415.000,CR,252.245,52.774,45713.169,6229.743,140.331,16000.383,2245.343
2416.000,CR,252.245,52.774,45713.169,6229.743,140.331,16007.281,2246.311
2417.000,CR,252.245,52.774,45713.169,6229.743,140.331,15985.789,2243.295
2418.000,CR,252.245,52.774,45713.169,6229.743,140.331,16065.821,2254.526
2419.000,CR,252.245,52.774,45713.169,6229.743,140.331,16110.491,2260.794
2420.000,CR,252.245,52.774,45713.169,6229.743,140.331,16013.034,2247.118
2421.000,CR,252.245,52.774,45713.169,6229.743,140.331,16026.717,2249.038
2422.000,CR,252.245,52.774,45713.169,6229.743,140.331,16009.828,2246.668
2423.000,CR,252.245,52.774,45713.169,6229.743,140.331,16003.924,2245.840
2424.000,CR,252.245,52.774,45713.169,6229.743,140.331,16005.800,2246.103
2425.000,CR,252.245,52.774,45713.169,6229.743,140.331,16003.724,2245.812
2426.000,CR,252.245,52.774,45713.169,6229.743,140.331,16002.816,2245.684
2427.000,CR,252.245,52.774,45713.169,6229.743,140.331,15943.558,2237.369
2428.000,CR,252.245,52.774,45713.169,6229.743,140.331,15940.583,2236.951
2429.000,CR,252.245,52.774,45713.169,6229.743,140.331,15944.804,2237.544
2430.000,CR,252.245,52.774,45713.169,6229.743,140.331,15930.782,2235.576
2431.000,CR,252.245,52.774,45713.169,6229.743,140.331,15959.350,2239.585
2432.000,CR,252.245,52.774,45713.169,6229.743,140.331,15956.766,2239.222
2433.000,CR,252.245,52.774,45713.169,6229.743,140.331,15946.425,2237.771
2434.000,CR,252.245,52.774,45713.169,6229.743,140.331,15981.463,2242.688
2435.000,CR,252.245,52.774,45713.169,6229.743,140.331,16000.799,2245.401
2436.000,CR,252.245,52.774,45713.169,6229.743,140.331,16024.144,2248.677
2437.000,CR,252.245,52.774,45713.169,6229.743,140.331,16047.690,2251.982
2438.000,CR,252.245,52.774,45713.169,6229.743,140.331,16057.715,2253.388
2439.000,CR,252.245,52.774,45713.169,6229.743,140.331,16080.381,2256.569
2440.000,CR,252.245,52.774,45713.169,6229.743,140.331,16181.094,2270.702
2441.000,CR,252.245,52.774,45713.169,6229.743,140.331,16219.206,2276.051
2442.000,CR,252.245,52.774,45713.169,6229.743,140.331,16266.693,2282.714
2443.000,CR,252.245,52.774,45713.169,6229.743,140.331,16333.376,2292.072
2444.000,CR,252.245,52.774,45713.169,6229.743,140.331,16317.991,2289.913
2445.000,CR,252.245,52.774,45713.169,6229.743,140.331,16299.803,2287.361
2446.000,CR,252.245,52.774,45713.169,6229.743,140.331,16333.372,2292.071
2447.000,CR,252.245,52.774,45713.169,6229.743,140.331,16274.571,2283.820
2448.000,CR,252.245,52.774,45713.169,6229.743,140.331,16291.166,2286.149
2449.000,CR,252.245,52.774,45713.169,6229.743,140.331,16298.366,2287.159
2450.000,CR,252.245,52.774,45713.169,6229.743,140.331,16253.138,2280.812
2451.000,CR,252.245,52.774,45713.169,6229.743,140.331,16157.590,2267.404
2452.000,CR,252.245,52.774,45713.169,6229.743,140.331,16109.950,2260.719
2453.000,CR,252.245,52.774,45713.169,6229.743,140.331,16021.850,2248.355
2454.000,CR,252.245,52.774,45713.169,6229.743,140.331,15986.665,2243.418
2455.000,CR,252.245,52.774,45713.169,6229.743,140.331,15968.724,2240.900
2456.000,CR,252.245,52.774,45713.169,6229.743,140.331,15970.071,2241.089
2457.000,CR,252.245,52.774,45713.169,6229.743,140.331,15964.099,2240.251
2458.000,CR,252.245,52.774,45713.169,6229.743,140.331,15946.099,2237.725
2459.000,CR,252.245,52.774,45713.169,6229.743,140.331,15887.254,2229.467
2460.000,CR,252.245,52.774,45713.169,6229.743,140.331,15895.230,2230.587
2461.000,CR,252.245,52.774,45713.169,6229.743,140.331,15883.731,2228.973
2462.000,CR,252.245,52.774,45713.169,6229.743,140.331,15855.595,2225.025
2463.000,CR,252.245,52.774,45713.169,6229.743,140.331,15887.895,2229.557
2464.000,CR,252.245,52.774,45713.169,6229.743,140.331,15884.508,2229.082
2465.000,CR,252.245,52.774,45713.169,6229.743,140.331,15862.187,2225.950
2466.000,CR,252.245,52.774,45713.169,6229.743,140.331,15877.623,2228.116
2467.000,CR,252.245,52.774,45713.169,6229.743,140.331,15859.115,2225.519
2468.000,CR,252.245,52.774,45713.169,6229.743,140.331,15854.375,2224.853
2469.000,CR,252.245,52.774,45713.169,6229.743,140.331,15910.548,2232.736
2470.000,CR,252.245,52.774,45713.169,6229.743,140.331,15881.797,2228.702
2471.000,CR,252.245,52.774,45713.169,6229.743,140.331,15899.843,2231.234
2472.000,CR,252.245,52.774,45713.169,6229.743,140.331,15958.120,2239.412
2473.000,CR,252.245,52.774,45713.169,6229.743,140.331,15969.637,2241.028
2474.000,CR,252.245,52.774,45713.169,6229.743,140.331,15900.440,2231.318
2475.000,CR,252.245,52.774,45713.169,6229.743,140.331,15824.165,2220.614
2476.000,CR,252.245,52.774,45713.169,6229.743,140.331,15839.506,2222.767
2477.000,CR,252.245,52.774,45713.169,6229.743,140.331,15880.202,2228.478
2478.000,CR,252.245,52.774,45713.169,6229.743,140.331,15888.288,2229.613
2479.000,CR,252.245,52.774,45713.169,6229.743,140.331,15902.333,2231.584
2480.000,CR,252.245,52.774,45713.169,6229.743,140.331,15942.714,2237.250
2481.000,CR,252.245,52.774,45713.169,6229.743,140.331,15903.321,2231.722
2482.000,CR,252.245,52.774,45713.169,6229.743,140.331,15907.599,2232.322
2483.000,CR,252.245,52.774,45713.169,6229.743,140.331,15908.043,2232.385
2484.000,CR,252.245,52.774,45713.169,6229.743,140.331,15905.747,2232.063
2485.000,CR,252.245,52.774,45713.169,6229.743,140.331,15887.531,2229.506
2486.000,CR,252.245,52.774,45713.169,6229.743,140.331,15883.052,2228.878
2487.000,CR,252.245,52.774,45713.169,6229.743,140.331,15906.995,2232.238
2488.000,CR,252.245,52.774,45713.169,6229.743,140.331,15877.017,2228.031
2489.000,CR,252.245,52.774,45713.169,6229.743,140.331,15881.698,2228.688
2490.000,CR,252.245,52.774,45713.169,6229.743,140.331,15847.529,2223.893
2491.000,CR,252.245,52.774,45713.169,6229.743,140.331,15845.307,2223.581
2492.000,CR,252.245,52.774,45713.169,6229.743,140.331,15860.018,2225.645
2493.000,CR,252.245,52.774,45713.169,6229.743,140.331,15869.356,2226.956
2494.000,CR,252.245,52.774,45713.169,6229.743,140.331,15876.721,2227.989
2495.000,CR,252.245,52.774,45713.169,6229.743,140.331,15896.114,2230.711
2496.000,CR,252.245,52.774,45713.169,6229.743,140.331,15915.568,2233.441
2497.000,CR,252.245,52.774,45713.169,6229.743,140.331,15928.583,2235.267
2498.000,CR,252.245,52.774,45713.169,6229.743,140.331,15883.974,2229.007
2499.000,CR,252.245,52.774,45713.169,6229.743,140.331,15884.731,2229.113
2500.000,CR,252.245,52.774,45713.169,6229.743,140.331,15888.357,2229.622
2501.000,CR,252.245,52.774,45713.169,6229.743,140.331,15875.699,2227.846
2502.000,CR,252.245,52.774,45713.169,6229.743,140.331,15829.832,2221.409
2503.000,CR,252.245,52.774,45713.169,6229.743,140.331,15812.674,2219.002
2504.000,CR,252.245,52.774,45713.169,6229.743,140.331,15795.161,2216.544
2505.000,CR,252.245,52.774,45713.169,6229.743,140.331,15792.039,2216.106
2506.000,CR,252.245,52.774,45713.169,6229.743,140.331,15741.332,2208.990
2507.000,CR,252.245,52.774,45713.169,6229.743,140.331,15708.936,2204.444
2508.000,CR,252.245,52.774,45713.169,6229.743,140.331,15739.724,2208.765
2509.000,CR,252.245,52.774,45713.169,6229.743,140.331,15683.234,2200.837
2510.000,CR,252.245,52.774,45713.169,6229.743,140.331,15687.220,2201.397
2511.000,CR,252.245,52.774,45713.169,6229.743,140.331,15678.783,2200.213
2512.000,CR,252.245,52.774,45713.169,6229.743,140.331,15715.140,2205.315
2513.000,CR,252.245,52.774,45713.169,6229.743,140.331,15728.341,2207.167
2514.000,CR,252.245,52.774,45713.169,6229.743,140.331,15726.412,2206.896
2515.000,CR,252.245,52.774,45713.169,6229.743,140.331,15722.482,2206.345
2516.000,CR,252.245,52.774,45713.169,6229.743,140.331,15766.791,2212.563
2517.000,CR,252.245,52.774,45713.169,6229.743,140.331,15778.221,2214.167
2518.000,CR,252.245,52.774,45713.169,6229.743,140.331,15827.064,2221.021
2519.000,CR,252.245,52.774,45713.169,6229.743,140.331,15876.716,2227.989
2520.000,CR,252.245,52.774,45713.169,6229.743,140.331,15881.600,2228.674
2521.000,CR,252.245,52.774,45713.169,6229.743,140.331,15915.399,2233.417
2522.000,CR,252.245,52.774,45713.169,6229.743,140.331,15943.705,2237.389
2523.000,CR,252.245,52.774,45713.169,6229.743,140.331,16002.197,2245.597
2524.000,CR,252.245,52.774,45713.169,6229.743,140.331,16051.312,2252.490
2525.000,CR,252.245,52.774,45713.169,6229.743,140.331,16070.908,2255.240
2526.000,CR,252.245,52.774,45713.169,6229.743,140.331,16149.868,2266.320
2527.000,CR,252.245,52.774,45713.169,6229.743,140.331,16063.074,2254.140
2528.000,CR,252.245,52.774,45713.169,6229.743,140.331,16052.272,2252.624
2529.000,CR,252.245,52.774,45713.169,6229.743,140.331,16062.824,2254.105
2530.000,CR,252.245,52.774,45713.169,6229.743,140.331,16086.883,2257.482
2531.000,CR,252.245,52.774,45713.169,6229.743,140.331,16049.569,2252.245
2532.000,CR,252.245,52.774,45713.169,6229.743,140.331,16094.951,2258.614
2533.000,CR,252.245,52.774,45713.169,6229.743,140.331,16077.754,2256.200
2534.000,CR,252.245,52.774,45713.169,6229.743,140.331,16087.605,2257.583
2535.000,CR,252.245,52.774,45713.169,6229.743,140.331,16130.510,2263.604
2536.000,CR,252.245,52.774,45713.169,6229.743,140.331,16145.773,2265.746
2537.000,CR,252.245,52.774,45713.169,6229.743,140.331,16086.791,2257.469
2538.000,CR,252.245,52.774,45713.169,6229.743,140.331,16093.576,2258.421
2539.000,CR,252.245,52.774,45713.169,6229.743,140.331,16060.555,2253.787
2540.000,CR,252.245,52.774,45713.169,6229.743,140.331,16047.106,2251.900
2541.000,CR,252.245,52.774,45713.169,6229.743,140.331,16023.233,2248.550
2542.000,CR,252.245,52.774,45713.169,6229.743,140.331,15980.019,2242.485
2543.000,CR,252.245,52.774,45713.169,6229.743,140.331,16000.709,2245.389
2544.000,CR,252.245,52.774,45713.169,6229.743,140.331,16030.042,2249.505
2545.000,CR,252.245,52.774,45713.169,6229.743,140.331,16054.191,2252.894
2546.000,CR,252.245,52.774,45713.169,6229.743,140.331,16079.215,2256.406
2547.000,CR,252.245,52.774,45713.169,6229.743,140.331,16109.430,2260.646
2548.000,CR,252.245,52.774,45713.169,6229.743,140.331,16141.566,2265.155
2549.000,CR,252.245,52.774,45713.169,6229.743,140.331,16227.331,2277.191
2550.000,CR,252.245,52.774,45713.169,6229.743,140.331,16210.785,2274.869
2551.000,CR,252.245,52.774,45713.169,6229.743,140.331,16268.069,2282.907
2552.000,CR,252.245,52.774,45713.169,6229.743,140.331,16321.944,2290.468
2553.000,CR,252.245,52.774,45713.169,6229.743,140.331,16376.560,2298.132
2554.000,CR,252.245,52.774,45713.169,6229.743,140.331,16341.071,2293.152
2555.000,CR,252.245,52.774,45713.169,6229.743,140.331,16408.969,2302.680
2556.000,CR,252.245,52.774,45713.169,6229.743,140.331,16436.945,2306.606
2557.000,CR,252.245,52.774,45713.169,6229.743,140.331,16457.169,2309.444
2558.000,CR,252.245,52.774,45713.169,6229.743,140.331,16565.620,2324.663
2559.000,CR,252.245,52.774,45713.169,6229.743,140.331,16541.351,2321.257
2560.000,CR,252.245,52.774,45713.169,6229.743,140.331,16532.295,2319.986
2561.000,CR,252.245,52.774,45713.169,6229.743,140.331,16539.818,2321.042
2562.000,CR,252.245,52.774,45713.169,6229.743,140.331,16593.004,2328.506
2563.000,CR,252.245,52.774,45713.169,6229.743,140.331,16606.224,2330.361
2564.000,CR,252.245,52.774,45713.169,6229.743,140.331,16548.113,2322.206
2565.000,CR,252.245,52.774,45713.169,6229.743,140.331,16629.150,2333.578
2566.000,CR,252.245,52.774,45713.169,6229.743,140.331,16560.000,2323.874
2567.000,CR,252.245,52.774,45713.169,6229.743,140.331,16577.873,2326.382
2568.000,CR,252.245,52.774,45713.169,6229.743,140.331,16584.117,2327.259
2569.000,CR,252.245,52.774,45713.169,6229.743,140.331,16543.537,2321.564
2570.000,CR,252.245,52.774,45713.169,6229.743,140.331,16495.678,2314.848
2571.000,CR,252.245,52.774,45713.169,6229.743,140.331,16497.004,2315.034
2572.000,CR,252.245,52.774,45713.169,6229.743,140.331,16505.171,2316.180
2573.000,CR,252.245,52.774,45713.169,6229.743,140.331,16481.536,2312.863
2574.000,CR,252.245,52.774,45713.169,6229.743,140.331,16493.708,2314.572
2575.000,CR,252.245,52.774,45713.169,6229.743,140.331,16488.184,2313.796
2576.000,CR,252.245,52.774,45713.169,6229.743,140.331,16479.737,2312.611
2577.000,CR,252.245,52.774,45713.169,6229.743,140.331,16538.928,2320.917
2578.000,CR,252.245,52.774,45713.169,6229.743,140.331,16500.394,2315.510
2579.000,CR,252.245,52.774,45713.169,6229.743,140.331,16558.679,2323.689
2580.000,CR,252.245,52.774,45713.169,6229.743,140.331,16592.449,2328.428
2581.000,CR,252.245,52.774,45713.169,6229.743,140.331,16610.761,2330.998
2582.000,CR,252.245,52.774,45713.169,6229.743,140.331,16592.537,2328.440
2583.000,CR,252.245,52.774,45713.169,6229.743,140.331,16530.711,2319.764
2584.000,CR,252.245,52.774,45713.169,6229.743,140.331,16555.783,2323.282
2585.000,CR,252.245,52.774,45713.169,6229.743,140.331,16490.693,2314.148
2586.000,CR,252.245,52.774,45713.169,6229.743,140.331,16468.652,2311.055
2587.000,CR,252.245,52.774,45713.169,6229.743,140.331,16427.910,2305.338
2588.000,CR,252.245,52.774,45713.169,6229.743,140.331,16365.188,2296.536
2589.000,CR,252.245,52.774,45713.169,6229.743,140.331,16411.624,2303.053
2590.000,CR,252.245,52.774,45713.169,6229.743,140.331,16436.666,2306.567
2591.000,CR,252.245,52.774,45713.169,6229.743,140.331,16459.791,2309.812
2592.000,CR,252.245,52.774,45713.169,6229.743,140.331,16524.914,2318.951
2593.000,CR,252.245,52.774,45713.169,6229.743,140.331,16525.821,2319.078
2594.000,CR,252.245,52.774,45713.169,6229.743,140.331,16509.186,2316.744
2595.000,CR,252.245,52.774,45713.169,6229.743,140.331,16542.639,2321.438
2596.000,CR,252.245,52.774,45713.169,6229.743,140.331,16542.926,2321.478
2597.000,CR,252.245,52.774,45713.169,6229.743,140.331,16468.487,2311.032
2598.000,CR,252.245,52.774,45713.169,6229.743,140.331,16446.765,2307.984
2599.000,CR,252.245,52.774,45713.169,6229.743,140.331,16450.518,2308.511
2600.000,CR,252.245,52.774,45713.169,6229.743,140.331,16436.154,2306.495
2601.000,CR,252.245,52.774,45713.169,6229.743,140.331,16377.761,2298.301
2602.000,CR,252.245,52.774,45713.169,6229.743,140.331,16363.158,2296.251
2603.000,CR,252.245,52.774,45713.169,6229.743,140.331,16382.076,2298.906
2604.000,CR,252.245,52.774,45713.169,6229.743,140.331,16393.723,2300.541
2605.000,CR,252.245,52.774,45713.169,6229.743,140.331,16353.800,2294.938
2606.000,CR,252.245,52.774,45713.169,6229.743,140.331,16330.810,2291.712
2607.000,CR,252.245,52.774,45713.169,6229.743,140.331,16323.663,2290.709
2608.000,CR,252.245,52.774,45713.169,6229.743,140.331,16329.451,2291.521
2609.000,CR,252.245,52.774,45713.169,6229.743,140.331,16334.698,2292.258
2610.000,CR,252.245,52.774,45713.169,6229.743,140.331,16307.980,2288.508
2611.000,CR,252.245,52.774,45713.169,6229.743,140.331,16343.705,2293.522
2612.000,CR,252.245,52.774,45713.169,6229.743,140.331,16303.982,2287.947
2613.000,CR,252.245,52.774,45713.169,6229.743,140.331,16301.416,2287.587
2614.000,CR,252.245,52.774,45713.169,6229.743,140.331,16291.880,2286.249
2615.000,CR,252.245,52.774,45713.169,6229.743,140.331,16219.509,2276.093
2616.000,CR,252.245,52.774,45713.169,6229.743,140.331,16228.434,2277.346
2617.000,CR,252.245,52.774,45713.169,6229.743,140.331,16230.783,2277.675
2618.000,CR,252.245,52.774,45713.169,6229.743,140.331,16237.487,2278.616
2619.000,CR,252.245,52.774,45713.169,6229.743,140.331,16192.417,2272.291
2620.000,CR,252.245,52.774,45713.169,6229.743,140.331,16158.449,2267.524
2621.000,CR,252.245,52.774,45713.169,6229.743,140.331,16141.626,2265.164
2622.000,CR,252.245,52.774,45713.169,6229.743,140.331,16116.106,2261.582
2623.000,CR,252.245,52.774,45713.169,6229.743,140.331,16072.153,2255.414
2624.000,CR,252.245,52.774,45713.169,6229.743,140.331,16071.925,2255.382
2625.000,CR,252.245,52.774,45713.169,6229.743,140.331,16084.749,2257.182
2626.000,CR,252.245,52.774,45713.169,6229.743,140.331,16092.287,2258.240
2627.000,CR,252.245,52.774,45713.169,6229.743,140.331,16109.510,2260.657
2628.000,CR,252.245,52.774,45713.169,6229.743,140.331,16117.970,2261.844
2629.000,CR,252.245,52.774,45713.169,6229.743,140.331,16129.653,2263.484
2630.000,CR,252.245,52.774,45713.169,6229.743,140.331,16094.500,2258.550
2631.000,CR,252.245,52.774,45713.169,6229.743,140.331,16055.262,2253.044
2632.000,CR,252.245,52.774,45713.169,6229.743,140.331,16046.736,2251.848
2633.000,CR,252.245,52.774,45713.169,6229.743,140.331,15981.357,2242.673
2634.000,CR,252.245,52.774,45713.169,6229.743,140.331,15916.802,2233.614
2635.000,CR,252.245,52.774,45713.169,6229.743,140.331,15885.491,2229.220
2636.000,CR,252.245,52.774,45713.169,6229.743,140.331,15895.669,2230.648
2637.000,CR,252.245,52.774,45713.169,6229.743,140.331,15888.096,2229.586
2638.000,CR,252.245,52.774,45713.169,6229.743,140.331,15886.577,2229.373
2639.000,CR,252.245,52.774,45713.169,6229.743,140.331,15887.718,2229.533
2640.000,CR,252.245,52.774,45713.169,6229.743,140.331,15892.218,2230.164
2641.000,CR,252.245,52.774,45713.169,6229.743,140.331,15949.678,2238.228
2642.000,CR,252.245,52.774,45713.169,6229.743,140.331,16053.830,2252.843
2643.000,CR,252.245,52.774,45713.169,6229.743,140.331,16080.255,2256.551
2644.000,CR,252.245,52.774,45713.169,6229.743,140.331,16105.220,2260.055
2645.000,CR,252.245,52.774,45713.169,6229.743,140.331,16103.250,2259.778
2646.000,CR,252.245,52.774,45713.169,6229.743,140.331,16071.372,2255.305
2647.000,CR,252.245,52.774,45713.169,6229.743,140.331,16031.304,2249.682
2648.000,CR,252.245,52.774,45713.169,6229.743,140.331,16007.413,2246.329
2649.000,CR,252.245,52.774,45713.169,6229.743,140.331,16039.519,2250.835
2650.000,CR,252.245,52.774,45713.169,6229.743,140.331,16087.107,2257.513
2651.000,CR,252.245,52.774,45713.169,6229.743,140.331,16159.659,2267.694
2652.000,CR,252.245,52.774,45713.169,6229.743,140.331,16158.548,2267.538
2653.000,CR,252.245,52.774,45713.169,6229.743,140.331,16202.618,2273.723
2654.000,CR,252.245,52.774,45713.169,6229.743,140.331,16196.180,2272.819
2655.000,CR,252.245,52.774,45713.169,6229.743,140.331,16136.780,2264.484
2656.000,CR,252.245,52.774,45713.169,6229.743,140.331,16093.659,2258.432
2657.000,CR,252.245,52.774,45713.169,6229.743,140.331,16059.286,2253.609
2658.000,CR,252.245,52.774,45713.169,6229.743,140.331,16048.518,2252.098
2659.000,CR,252.245,52.774,45713.169,6229.743,140.331,16003.837,2245.828
2660.000,CR,252.245,52.774,45713.169,6229.743,140.331,15957.457,2239.319
2661.000,CR,252.245,52.774,45713.169,6229.743,140.331,15910.134,2232.678
2662.000,CR,252.245,52.774,45713.169,6229.743,140.331,15893.228,2230.306
2663.000,CR,252.245,52.774,45713.169,6229.743,140.331,15825.942,2220.864
2664.000,CR,252.245,52.774,45713.169,6229.743,140.331,15808.793,2218.457
2665.000,CR,252.245,52.774,45713.169,6229.743,140.331,15755.628,2210.996
2666.000,CR,252.245,52.774,45713.169,6229.743,140.331,15678.665,2200.196
2667.000,CR,252.245,52.774,45713.169,6229.743,140.331,15621.141,2192.124
2668.000,CR,252.245,52.774,45713.169,6229.743,140.331,15573.762,2185.475
2669.000,CR,252.245,52.774,45713.169,6229.743,140.331,15553.305,2182.604
2670.000,CR,252.245,52.774,45713.169,6229.743,140.331,15466.290,2170.393
2671.000,CR,252.245,52.774,45713.169,6229.743,140.331,15485.109,2173.034
2672.000,CR,252.245,52.774,45713.169,6229.743,140.331,15500.115,2175.140
2673.000,CR,252.245,52.774,45713.169,6229.743,140.331,15478.520,2172.110
2674.000,CR,252.245,52.774,45713.169,6229.743,140.331,15521.126,2178.088
2675.000,CR,252.245,52.774,45713.169,6229.743,140.331,15603.690,2189.675
2676.000,CR,252.245,52.774,45713.169,6229.743,140.331,15650.049,2196.180
2677.000,CR,252.245,52.774,45713.169,6229.743,140.331,15688.367,2201.558
2678.000,CR,252.245,52.774,45713.169,6229.743,140.331,15738.087,2208.535
2679.000,CR,252.245,52.774,45713.169,6229.743,140.331,15715.294,2205.336
2680.000,CR,252.245,52.774,45713.169,6229.743,140.331,15753.573,2210.708
2681.000,CR,252.245,52.774,45713.169,6229.743,140.331,15780.799,2214.529
2682.000,CR,252.245,52.774,45713.169,6229.743,140.331,15808.083,2218.357
2683.000,CR,252.245,52.774,45713.169,6229.743,140.331,15843.876,2223.380
2684.000,CR,252.245,52.774,45713.169,6229.743,140.331,15835.657,2222.227
2685.000,CR,252.245,52.774,45713.169,6229.743,140.331,15828.076,2221.163
2686.000,CR,252.245,52.774,45713.169,6229.743,140.331,15807.185,2218.231
2687.000,CR,252.245,52.774,45713.169,6229.743,140.331,15776.419,2213.914
2688.000,CR,252.245,52.774,45713.169,6229.743,140.331,15756.559,2211.127
2689.000,CR,252.245,52.774,45713.169,6229.743,140.331,15751.590,2210.430
2690.000,CR,252.245,52.774,45713.169,6229.743,140.331,15686.674,2201.320
2691.000,CR,252.245,52.774,45713.169,6229.743,140.331,15624.919,2192.654
2692.000,CR,252.245,52.774,45713.169,6229.743,140.331,15641.422,2194.970
2693.000,CR,252.245,52.774,45713.169,6229.743,140.331,15628.557,2193.164
2694.000,CR,252.245,52.774,45713.169,6229.743,140.331,15608.217,2190.310
2695.000,CR,252.245,52.774,45713.169,6229.743,140.331,15553.101,2182.576
2696.000,CR,252.245,52.774,45713.169,6229.743,140.331,15514.987,2177.227
2697.000,CR,252.245,52.774,45713.169,6229.743,140.331,15489.797,2173.692
2698.000,CR,252.245,52.774,45713.169,6229.743,140.331,15446.858,2167.666
2699.000,CR,252.245,52.774,45713.169,6229.743,140.331,15453.690,2168.625
2700.000,CR,252.245,52.774,45713.169,6229.743,140.331,15472.017,2171.197
2701.000,CR,252.245,52.774,45713.169,6229.743,140.331,15405.923,2161.922
2702.000,CR,252.245,52.774,45713.169,6229.743,140.331,15413.910,2163.043
2703.000,CR,252.245,52.774,45713.169,6229.743,140.331,15418.201,2163.645
2704.000,CR,252.245,52.774,45713.169,6229.743,140.331,15403.195,2161.539
2705.000,CR,252.245,52.774,45713.169,6229.743,140.331,15394.934,2160.380
2706.000,CR,252.245,52.774,45713.169,6229.743,140.331,15429.125,2165.178
2707.000,CR,252.245,52.774,45713.169,6229.743,140.331,15470.575,2170.995
2708.000,CR,252.245,52.774,45713.169,6229.743,140.331,15534.190,2179.922
2709.000,CR,252.245,52.774,45713.169,6229.743,140.331,15553.439,2182.623
2710.000,CR,252.245,52.774,45713.169,6229.743,140.331,15619.075,2191.834
2711.000,CR,252.245,52.774,45713.169,6229.743,140.331,15630.789,2193.478
2712.000,CR,252.245,52.774,45713.169,6229.743,140.331,15629.604,2193.311
2713.000,CR,252.245,52.774,45713.169,6229.743,140.331,15587.484,2187.401
2714.000,CR,252.245,52.774,45713.169,6229.743,140.331,15641.357,2194.961
2715.000,CR,252.245,52.774,45713.169,6229.743,140.331,15678.500,2200.173
2716.000,CR,252.245,52.774,45713.169,6229.743,140.331,15671.547,2199.197
2717.000,CR,252.245,52.774,45713.169,6229.743,140.331,15694.533,2202.423
2718.000,CR,252.245,52.774,45713.169,6229.743,140.331,15668.941,2198.832
2719.000,CR,252.245,52.774,45713.169,6229.743,140.331,15717.905,2205.703
2720.000,CR,252.245,52.774,45713.169,6229.743,140.331,15708.753,2204.418
2721.000,CR,252.245,52.774,45713.169,6229.743,140.331,15726.581,2206.920
2722.000,CR,252.245,52.774,45713.169,6229.743,140.331,15677.521,2200.036
2723.000,CR,252.245,52.774,45713.169,6229.743,140.331,15672.843,2199.379
2724.000,CR,252.245,52.774,45713.169,6229.743,140.331,15742.587,2209.166
2725.000,CR,252.245,52.774,45713.169,6229.743,140.331,15801.713,2217.463
2726.000,CR,252.245,52.774,45713.169,6229.743,140.331,15876.165,2227.911
2727.000,CR,252.245,52.774,45713.169,6229.743,140.331,15941.698,2237.108
2728.000,CR,252.245,52.774,45713.169,6229.743,140.331,15957.919,2239.384
2729.000,CR,252.245,52.774,45713.169,6229.743,140.331,15975.793,2241.892
2730.000,CR,252.245,52.774,45713.169,6229.743,140.331,16004.443,2245.913
2731.000,CR,252.245,52.774,45713.169,6229.743,140.331,15992.493,2244.236
2732.000,CR,252.245,52.774,45713.169,6229.743,140.331,16012.876,2247.096
2733.000,CR,252.245,52.774,45713.169,6229.743,140.331,16005.770,2246.099
2734.000,CR,252.245,52.774,45713.169,6229.743,140.331,16001.775,2245.538
2735.000,CR,252.245,52.774,45713.169,6229.743,140.331,15979.068,2242.352
2736.000,CR,252.245,52.774,45713.169,6229.743,140.331,16000.318,2245.334
2737.000,CR,252.245,52.774,45713.169,6229.743,140.331,15980.760,2242.589
2738.000,CR,252.245,52.774,45713.169,6229.743,140.331,16074.047,2255.680
2739.000,CR,252.245,52.774,45713.169,6229.743,140.331,16055.367,2253.059
2740.000,CR,252.245,52.774,45713.169,6229.743,140.331,16081.901,2256.782
2741.000,CR,252.245,52.774,45713.169,6229.743,140.331,16080.102,2256.530
2742.000,CR,252.245,52.774,45713.169,6229.743,140.331,15995.933,2244.718
2743.000,CR,252.245,52.774,45713.169,6229.743,140.331,16024.898,2248.783
2744.000,CR,252.245,52.774,45713.169,6229.743,140.331,16063.042,2254.136
2745.000,CR,252.245,52.774,45713.169,6229.743,140.331,16106.855,2260.284
2746.000,CR,252.245,52.774,45713.169,6229.743,140.331,16064.007,2254.271
2747.000,CR,252.245,52.774,45713.169,6229.743,140.331,16010.316,2246.737
2748.000,CR,252.245,52.774,45713.169,6229.743,140.331,15974.074,2241.651
2749.000,CR,252.245,52.774,45713.169,6229.743,140.331,15944.021,2237.434
2750.000,CR,252.245,52.774,45713.169,6229.743,140.331,15931.222,2235.638
2751.000,CR,252.245,52.774,45713.169,6229.743,140.331,15910.375,2232.712
2752.000,CR,252.245,52.774,45713.169,6229.743,140.331,15908.304,2232.421
2753.000,CR,252.245,52.774,45713.169,6229.743,140.331,15888.230,2229.604
2754.000,CR,252.245,52.774,45713.169,6229.743,140.331,15936.637,2236.397
2755.000,CR,252.245,52.774,45713.169,6229.743,140.331,15926.150,2234.926
2756.000,CR,252.245,52.774,45713.169,6229.743,140.331,15978.270,2242.240
2757.000,CR,252.245,52.774,45713.169,6229.743,140.331,15917.841,2233.760
2758.000,CR,252.245,52.774,45713.169,6229.743,140.331,15888.710,2229.672
2759.000,CR,252.245,52.774,45713.169,6229.743,140.331,15898.283,2231.015
2760.000,CR,252.245,52.774,45713.169,6229.743,140.331,15877.517,2228.101
2761.000,CR,252.245,52.774,45713.169,6229.743,140.331,15830.795,2221.545
2762.000,CR,252.245,52.774,45713.169,6229.743,140.331,15791.186,2215.986
2763.000,CR,252.245,52.774,45713.169,6229.743,140.331,15742.753,2209.190
2764.000,CR,252.245,52.774,45713.169,6229.743,140.331,15723.734,2206.521
2765.000,CR,252.245,52.774,45713.169,6229.743,140.331,15709.313,2204.497
2766.000,CR,252.245,52.774,45713.169,6229.743,140.331,15735.849,2208.221
2767.000,CR,252.245,52.774,45713.169,6229.743,140.331,15704.190,2203.778
2768.000,CR,252.245,52.774,45713.169,6229.743,140.331,15716.587,2205.518
2769.000,CR,252.245,52.774,45713.169,6229.743,140.331,15753.146,2210.648
2770.000,CR,252.245,52.774,45713.169,6229.743,140.331,15785.480,2215.185
2771.000,CR,252.245,52.774,45713.169,6229.743,140.331,15793.354,2216.290
2772.000,CR,252.245,52.774,45713.169,6229.743,140.331,15837.930,2222.546
2773.000,CR,252.245,52.774,45713.169,6229.743,140.331,15892.053,2230.141
2774.000,CR,252.245,52.774,45713.169,6229.743,140.331,15938.140,2236.608
2775.000,CR,252.245,52.774,45713.169,6229.743,140.331,16020.513,2248.168
2776.000,CR,252.245,52.774,45713.169,6229.743,140.331,16070.280,2255.152
2777.000,CR,252.245,52.774,45713.169,6229.743,140.331,16106.426,2260.224
2778.000,CR,252.245,52.774,45713.169,6229.743,140.331,16132.403,2263.869
2779.000,CR,252.245,52.774,45713.169,6229.743,140.331,16176.803,2270.100
2780.000,CR,252.245,52.774,45713.169,6229.743,140.331,16200.035,2273.360
2781.000,CR,252.245,52.774,45713.169,6229.743,140.331,16221.142,2276.322
2782.000,CR,252.245,52.774,45713.169,6229.743,140.331,16266.559,2282.696
2783.000,CR,252.245,52.774,45713.169,6229.743,140.331,16336.445,2292.503
2784.000,CR,252.245,52.774,45713.169,6229.743,140.331,16327.987,2291.316
2785.000,CR,252.245,52.774,45713.169,6229.743,140.331,16345.661,2293.796
2786.000,CR,252.245,52.774,45713.169,6229.743,140.331,16358.900,2295.654
2787.000,CR,252.245,52.774,45713.169,6229.743,140.331,16353.375,2294.879
2788.000,CR,252.245,52.774,45713.169,6229.743,140.331,16350.633,2294.494
2789.000,CR,252.245,52.774,45713.169,6229.743,140.331,16307.983,2288.509
2790.000,CR,252.245,52.774,45713.169,6229.743,140.331,16258.507,2281.566
2791.000,CR,252.245,52.774,45713.169,6229.743,140.331,16279.552,2284.519
2792.000,CR,252.245,52.774,45713.169,6229.743,140.331,16254.819,2281.048
2793.000,CR,252.245,52.774,45713.169,6229.743,140.331,16231.581,2277.787
2794.000,CR,252.245,52.774,45713.169,6229.743,140.331,16246.347,2279.859
2795.000,CR,252.245,52.774,45713.169,6229.743,140.331,16192.123,2272.250
2796.000,CR,252.245,52.774,45713.169,6229.743,140.331,16175.538,2269.923
2797.000,CR,252.245,52.774,45713.169,6229.743,140.331,16083.071,2256.947
2798.000,CR,252.245,52.774,45713.169,6229.743,140.331,16035.020,2250.204
2799.000,CR,252.245,52.774,45713.169,6229.743,140.331,15954.875,2238.957
2800.000,CR,252.245,52.774,45713.169,6229.743,140.331,15873.608,2227.553
2801.000,CR,252.245,52.774,45713.169,6229.743,140.331,15888.445,2229.635
2802.000,CR,252.245,52.774,45713.169,6229.743,140.331,15873.088,2227.480
2803.000,CR,252.245,52.774,45713.169,6229.743,140.331,15889.056,2229.720
2804.000,CR,252.245,52.774,45713.169,6229.743,140.331,15862.550,2226.001
2805.000,CR,252.245,52.774,45713.169,6229.743,140.331,15835.158,2222.157
2806.000,CR,252.245,52.774,45713.169,6229.743,140.331,15802.133,2217.522
2807.000,CR,252.245,52.774,45713.169,6229.743,140.331,15802.697,2217.602
2808.000,CR,252.245,52.774,45713.169,6229.743,140.331,15881.977,2228.727
2809.000,CR,252.245,52.774,45713.169,6229.743,140.331,15899.164,2231.139
2810.000,CR,252.245,52.774,45713.169,6229.743,140.331,15925.178,2234.789
2811.000,CR,252.245,52.774,45713.169,6229.743,140.331,15954.462,2238.899
2812.000,CR,252.245,52.774,45713.169,6229.743,140.331,15982.013,2242.765
2813.000,CR,252.245,52.774,45713.169,6229.743,140.331,16056.314,2253.192
2814.000,CR,252.245,52.774,45713.169,6229.743,140.331,16107.522,2260.378
2815.000,CR,252.245,52.774,45713.169,6229.743,140.331,16145.997,2265.777
2816.000,CR,252.245,52.774,45713.169,6229.743,140.331,16168.947,2268.998
2817.000,CR,252.245,52.774,45713.169,6229.743,140.331,16161.114,2267.898
2818.000,CR,252.245,52.774,45713.169,6229.743,140.331,16165.593,2268.527
2819.000,CR,252.245,52.774,45713.169,6229.743,140.331,16092.797,2258.312
2820.000,CR,252.245,52.774,45713.169,6229.743,140.331,16050.037,2252.311
2821.000,CR,252.245,52.774,45713.169,6229.743,140.331,16012.329,2247.019
2822.000,CR,252.245,52.774,45713.169,6229.743,140.331,15945.763,2237.678
2823.000,CR,252.245,52.774,45713.169,6229.743,140.331,15876.532,2227.963
2824.000,CR,252.245,52.774,45713.169,6229.743,140.331,15868.676,2226.860
2825.000,CR,252.245,52.774,45713.169,6229.743,140.331,15805.116,2217.941
2826.000,CR,252.245,52.774,45713.169,6229.743,140.331,15745.783,2209.615
2827.000,CR,252.245,52.774,45713.169,6229.743,140.331,15711.461,2204.798
2828.000,CR,252.245,52.774,45713.169,6229.743,140.331,15688.226,2201.538
2829.000,CR,252.245,52.774,45713.169,6229.743,140.331,15714.439,2205.216
2830.000,CR,252.245,52.774,45713.169,6229.743,140.331,15717.021,2205.579
2831.000,CR,252.245,52.774,45713.169,6229.743,140.331,15776.632,2213.944
2832.000,CR,252.245,52.774,45713.169,6229.743,140.331,15785.908,2215.246
2833.000,CR,252.245,52.774,45713.169,6229.743,140.331,15808.572,2218.426
2834.000,CR,252.245,52.774,45713.169,6229.743,140.331,15807.158,2218.227
2835.000,CR,252.245,52.774,45713.169,6229.743,140.331,15851.308,2224.423
2836.000,CR,252.245,52.774,45713.169,6229.743,140.331,15872.690,2227.424
2837.000,CR,252.245,52.774,45713.169,6229.743,140.331,15948.772,2238.100
2838.000,CR,252.245,52.774,45713.169,6229.743,140.331,15980.875,2242.605
2839.000,CR,252.245,52.774,45713.169,6229.743,140.331,15961.736,2239.920
2840.000,CR,252.245,52.774,45713.169,6229.743,140.331,16021.959,2248.371
2841.000,CR,252.245,52.774,45713.169,6229.743,140.331,16028.932,2249.349
2842.000,CR,252.245,52.774,45713.169,6229.743,140.331,16012.940,2247.105
2843.000,CR,252.245,52.774,45713.169,6229.743,140.331,16009.097,2246.566
2844.000,CR,252.245,52.774,45713.169,6229.743,140.331,16003.065,2245.719
2845.000,CR,252.245,52.774,45713.169,6229.743,140.331,16067.207,2254.720
2846.000,CR,252.245,52.774,45713.169,6229.743,140.331,16128.390,2263.306
2847.000,CR,252.245,52.774,45713.169,6229.743,140.331,16183.127,2270.988
2848.000,CR,252.245,52.774,45713.169,6229.743,140.331,16224.558,2276.801
2849.000,CR,252.245,52.774,45713.169,6229.743,140.331,16240.727,2279.071
2850.000,CR,252.245,52.774,45713.169,6229.743,140.331,16280.297,2284.623
2851.000,CR,252.245,52.774,45713.169,6229.743,140.331,16233.716,2278.087
2852.000,CR,252.245,52.774,45713.169,6229.743,140.331,16235.104,2278.282
2853.000,CR,252.245,52.774,45713.169,6229.743,140.331,16247.879,2280.074
2854.000,CR,252.245,52.774,45713.169,6229.743,140.331,16218.804,2275.994
2855.000,CR,252.245,52.774,45713.169,6229.743,140.331,16192.118,2272.249
2856.000,CR,252.245,52.774,45713.169,6229.743,140.331,16223.789,2276.694
2857.000,CR,252.245,52.774,45713.169,6229.743,140.331,16221.078,2276.313
2858.000,CR,252.245,52.774,45713.169,6229.743,140.331,16221.434,2276.363
2859.000,CR,252.245,52.774,45713.169,6229.743,140.331,16196.455,2272.858
2860.000,CR,252.245,52.774,45713.169,6229.743,140.331,16154.125,2266.918
2861.000,CR,252.245,52.774,45713.169,6229.743,140.331,16211.060,2274.907
2862.000,CR,252.245,52.774,45713.169,6229.743,140.331,16245.227,2279.702
2863.000,CR,252.245,52.774,45713.169,6229.743,140.331,16301.381,2287.582
2864.000,CR,252.245,52.774,45713.169,6229.743,140.331,16351.872,2294.668
2865.000,CR,252.245,52.774,45713.169,6229.743,140.331,16387.310,2299.641
2866.000,CR,252.245,52.774,45713.169,6229.743,140.331,16381.216,2298.785
2867.000,CR,252.245,52.774,45713.169,6229.743,140.331,16397.944,2301.133
2868.000,CR,252.245,52.774,45713.169,6229.743,140.331,16403.936,2301.974
2869.000,CR,252.245,52.774,45713.169,6229.743,140.331,16407.482,2302.471
2870.000,CR,252.245,52.774,45713.169,6229.743,140.331,16428.076,2305.361
2871.000,CR,252.245,52.774,45713.169,6229.743,140.331,16389.382,2299.931
2872.000,CR,252.245,52.774,45713.169,6229.743,140.331,16362.710,2296.188
2873.000,CR,252.245,52.774,45713.169,6229.743,140.331,16426.691,2305.167
2874.000,CR,252.245,52.774,45713.169,6229.743,140.331,16437.957,2306.748
2875.000,CR,252.245,52.774,45713.169,6229.743,140.331,16453.293,2308.900
2876.000,CR,252.245,52.774,45713.169,6229.743,140.331,16442.317,2307.360
2877.000,CR,252.245,52.774,45713.169,6229.743,140.331,16422.573,2304.589
2878.000,CR,252.245,52.774,45713.169,6229.743,140.331,16434.736,2306.296
2879.000,CR,252.245,52.774,45713.169,6229.743,140.331,16424.763,2304.896
2880.000,CR,252.245,52.774,45713.169,6229.743,140.331,16468.464,2311.029
2881.000,CR,252.245,52.774,45713.169,6229.743,140.331,16540.549,2321.145
2882.000,CR,252.245,52.774,45713.169,6229.743,140.331,16542.578,2321.429
2883.000,CR,252.245,52.774,45713.169,6229.743,140.331,16590.086,2328.096
2884.000,CR,252.245,52.774,45713.169,6229.743,140.331,16536.618,2320.593
2885.000,CR,252.245,52.774,45713.169,6229.743,140.331,16565.458,2324.640
2886.000,CR,252.245,52.774,45713.169,6229.743,140.331,16573.122,2325.716
2887.000,CR,252.245,52.774,45713.169,6229.743,140.331,16559.459,2323.798
2888.000,CR,252.245,52.774,45713.169,6229.743,140.331,16574.563,2325.918
2889.000,CR,252.245,52.774,45713.169,6229.743,140.331,16610.922,2331.020
2890.000,CR,252.245,52.774,45713.169,6229.743,140.331,16499.769,2315.422
2891.000,CR,252.245,52.774,45713.169,6229.743,140.331,16483.277,2313.108
2892.000,CR,252.245,52.774,45713.169,6229.743,140.331,16484.636,2313.299
2893.000,CR,252.245,52.774,45713.169,6229.743,140.331,16415.493,2303.596
2894.000,CR,252.245,52.774,45713.169,6229.743,140.331,16349.881,2294.388
2895.000,CR,252.245,52.774,45713.169,6229.743,140.331,16297.794,2287.079
2896.000,CR,252.245,52.774,45713.169,6229.743,140.331,16175.601,2269.931
2897.000,CR,252.245,52.774,45713.169,6229.743,140.331,16058.426,2253.488
2898.000,CR,252.245,52.774,45713.169,6229.743,140.331,15981.804,2242.736
2899.000,CR,252.245,52.774,45713.169,6229.743,140.331,15944.572,2237.511
2900.000,CR,252.245,52.774,45713.169,6229.743,140.331,15929.328,2235.372
2901.000,CR,252.245,52.774,45713.169,6229.743,140.331,15914.306,2233.264
2902.000,CR,252.245,52.774,45713.169,6229.743,140.331,15887.070,2229.442
2903.000,CR,252.245,52.774,45713.169,6229.743,140.331,15857.323,2225.267
2904.000,CR,252.245,52.774,45713.169,6229.743,140.331,15789.509,2215.751
2905.000,CR,252.245,52.774,45713.169,6229.743,140.331,15750.036,2210.212
2906.000,CR,252.245,52.774,45713.169,6229.743,140.331,15817.319,2219.653
2907.000,CR,252.245,52.774,45713.169,6229.743,140.331,15801.711,2217.463
2908.000,CR,252.245,52.774,45713.169,6229.743,140.331,15766.950,2212.585
2909.000,CR,252.245,52.774,45713.169,6229.743,140.331,15814.668,2219.281
2910.000,CR,252.245,52.774,45713.169,6229.743,140.331,15804.570,2217.864
2911.000,CR,252.245,52.774,45713.169,6229.743,140.331,15868.664,2226.859
2912.000,CR,252.245,52.774,45713.169,6229.743,140.331,15921.760,2234.310
2913.000,CR,252.245,52.774,45713.169,6229.743,140.331,15917.719,2233.743
2914.000,CR,252.245,52.774,45713.169,6229.743,140.331,15938.856,2236.709
2915.000,CR,252.245,52.774,45713.169,6229.743,140.331,15988.038,2243.611
2916.000,CR,252.245,52.774,45713.169,6229.743,140.331,16032.397,2249.836
2917.000,CR,252.245,52.774,45713.169,6229.743,140.331,16037.125,2250.499
2918.000,CR,252.245,52.774,45713.169,6229.743,140.331,16114.775,2261.396
2919.000,CR,252.245,52.774,45713.169,6229.743,140.331,16113.467,2261.212
2920.000,CR,252.245,52.774,45713.169,6229.743,140.331,16203.236,2273.809
2921.000,CR,252.245,52.774,45713.169,6229.743,140.331,16248.669,2280.185
2922.000,CR,252.245,52.774,45713.169,6229.743,140.331,16268.770,2283.006
2923.000,CR,252.245,52.774,45713.169,6229.743,140.331,16298.921,2287.237
2924.000,CR,252.245,52.774,45713.169,6229.743,140.331,16252.231,2280.685
2925.000,CR,252.245,52.774,45713.169,6229.743,140.331,16191.917,2272.221
2926.000,CR,252.245,52.774,45713.169,6229.743,140.331,16160.676,2267.837
2927.000,CR,252.245,52.774,45713.169,6229.743,140.331,16201.768,2273.603
2928.000,CR,252.245,52.774,45713.169,6229.743,140.331,16193.694,2272.470
2929.000,CR,252.245,52.774,45713.169,6229.743,140.331,16242.323,2279.295
2930.000,CR,252.245,52.774,45713.169,6229.743,140.331,16182.816,2270.944
2931.000,CR,252.245,52.774,45713.169,6229.743,140.331,16140.307,2264.979
2932.000,CR,252.245,52.774,45713.169,6229.743,140.331,16079.871,2256.498
2933.000,CR,252.245,52.774,45713.169,6229.743,140.331,16092.496,2258.269
2934.000,CR,252.245,52.774,45713.169,6229.743,140.331,16109.991,2260.724
2935.000,CR,252.245,52.774,45713.169,6229.743,140.331,16076.090,2255.967
2936.000,CR,252.245,52.774,45713.169,6229.743,140.331,16043.119,2251.340
2937.000,CR,252.245,52.774,45713.169,6229.743,140.331,15999.316,2245.193
2938.000,CR,252.245,52.774,45713.169,6229.743,140.331,15945.593,2237.654
2939.000,CR,252.245,52.774,45713.169,6229.743,140.331,15899.384,2231.170
2940.000,CR,252.245,52.774,45713.169,6229.743,140.331,15918.284,2233.822
2941.000,CR,252.245,52.774,45713.169,6229.743,140.331,15903.180,2231.702
2942.000,CR,252.245,52.774,45713.169,6229.743,140.331,15888.282,2229.612
2943.000,CR,252.245,52.774,45713.169,6229.743,140.331,15816.152,2219.490
2944.000,CR,252.245,52.774,45713.169,6229.743,140.331,15744.860,2209.485
2945.000,CR,252.245,52.774,45713.169,6229.743,140.331,15798.041,2216.948
2946.000,CR,252.245,52.774,45713.169,6229.743,140.331,15767.001,2212.592
2947.000,CR,252.245,52.774,45713.169,6229.743,140.331,15703.058,2203.619
2948.000,CR,252.245,52.774,45713.169,6229.743,140.331,15661.939,2197.849
2949.000,CR,252.245,52.774,45713.169,6229.743,140.331,15671.513,2199.192
2950.000,CR,252.245,52.774,45713.169,6229.743,140.331,15656.508,2197.087
2951.000,CR,252.245,52.774,45713.169,6229.743,140.331,15639.936,2194.761
2952.000,CR,252.245,52.774,45713.169,6229.743,140.331,15663.855,2198.118
2953.000,CR,252.245,52.774,45713.169,6229.743,140.331,15684.068,2200.954
2954.000,CR,252.245,52.774,45713.169,6229.743,140.331,15759.019,2211.472
2955.000,CR,252.245,52.774,45713.169,6229.743,140.331,15781.462,2214.622
2956.000,CR,252.245,52.774,45713.169,6229.743,140.331,15808.157,2218.368
2957.000,CR,252.245,52.774,45713.169,6229.743,140.331,15821.577,2220.251
2958.000,CR,252.245,52.774,45713.169,6229.743,140.331,15823.569,2220.531
2959.000,CR,252.245,52.774,45713.169,6229.743,140.331,15853.429,2224.721
2960.000,CR,252.245,52.774,45713.169,6229.743,140.331,15824.848,2220.710
2961.000,CR,252.245,52.774,45713.169,6229.743,140.331,15878.151,2228.190
2962.000,CR,252.245,52.774,45713.169,6229.743,140.331,15905.915,2232.086
2963.000,CR,252.245,52.774,45713.169,6229.743,140.331,15915.893,2233.486
2964.000,CR,252.245,52.774,45713.169,6229.743,140.331,15904.590,2231.900
2965.000,CR,252.245,52.774,45713.169,6229.743,140.331,15914.454,2233.285
2966.000,CR,252.245,52.774,45713.169,6229.743,140.331,15948.191,2238.019
2967.000,CR,252.245,52.774,45713.169,6229.743,140.331,15962.912,2240.085
2968.000,CR,252.245,52.774,45713.169,6229.743,140.331,15995.164,2244.610
2969.000,CR,252.245,52.774,45713.169,6229.743,140.331,16046.681,2251.840
2970.000,CR,252.245,52.774,45713.169,6229.743,140.331,16112.678,2261.101
2971.000,CR,252.245,52.774,45713.169,6229.743,140.331,16144.764,2265.604
2972.000,CR,252.245,52.774,45713.169,6229.743,140.331,16150.323,2266.384
2973.000,CR,252.245,52.774,45713.169,6229.743,140.331,16192.721,2272.334
2974.000,CR,252.245,52.774,45713.169,6229.743,140.331,16194.842,2272.632
2975.000,CR,252.245,52.774,45713.169,6229.743,140.331,16216.901,2275.727
2976.000,CR,252.245,52.774,45713.169,6229.743,140.331,16242.466,2279.315
2977.000,CR,252.245,52.774,45713.169,6229.743,140.331,16264.413,2282.394
2978.000,CR,252.245,52.774,45713.169,6229.743,140.331,16239.677,2278.923
2979.000,CR,252.245,52.774,45713.169,6229.743,140.331,16203.715,2273.877
2980.000,CR,252.245,52.774,45713.169,6229.743,140.331,16178.333,2270.315
2981.000,CR,252.245,52.774,45713.169,6229.743,140.331,16100.673,2259.417
2982.000,CR,252.245,52.774,45713.169,6229.743,140.331,16089.358,2257.829
2983.000,CR,252.245,52.774,45713.169,6229.743,140.331,16027.844,2249.197
2984.000,CR,252.245,52.774,45713.169,6229.743,140.331,15986.979,2243.462
2985.000,CR,252.245,52.774,45713.169,6229.743,140.331,15898.989,2231.114
2986.000,CR,252.245,52.774,45713.169,6229.743,140.331,15848.629,2224.047
2987.000,CR,252.245,52.774,45713.169,6229.743,140.331,15821.906,2220.297
2988.000,CR,252.245,52.774,45713.169,6229.743,140.331,15777.098,2214.009
2989.000,CR,252.245,52.774,45713.169,6229.743,140.331,15743.508,2209.295
2990.000,CR,252.245,52.774,45713.169,6229.743,140.331,15664.893,2198.263
2991.000,CR,252.245,52.774,45713.169,6229.743,140.331,15617.071,2191.553
2992.000,CR,252.245,52.774,45713.169,6229.743,140.331,15505.580,2175.907
2993.000,CR,252.245,52.774,45713.169,6229.743,140.331,15485.734,2173.122
2994.000,CR,252.245,52.774,45713.169,6229.743,140.331,15504.374,2175.738
2995.000,CR,252.245,52.774,45713.169,6229.743,140.331,15496.737,2174.666
2996.000,CR,252.245,52.774,45713.169,6229.743,140.331,15528.257,2179.089
2997.000,CR,252.245,52.774,45713.169,6229.743,140.331,15605.325,2189.904
2998.000,CR,252.245,52.774,45713.169,6229.743,140.331,15658.464,2197.361
2999.000,CR,252.245,52.774,45713.169,6229.743,140.331,15666.529,2198.493
3000.000,CR,252.245,52.774,45713.169,6229.743,140.331,15729.857,2207.380
3001.000,CR,252.245,52.774,45713.169,6229.743,140.331,15806.956,2218.199
3002.000,CR,252.245,52.774,45713.169,6229.743,140.331,15809.382,2218.540
3003.000,CR,252.245,52.774,45713.169,6229.743,140.331,15862.189,2225.950
3004.000,CR,252.245,52.774,45713.169,6229.743,140.331,15964.449,2240.300
3005.000,CR,252.245,52.774,45713.169,6229.743,140.331,15971.280,2241.259
3006.000,CR,252.245,52.774,45713.169,6229.743,140.331,15981.202,2242.651
3007.000,CR,252.245,52.774,45713.169,6229.743,140.331,15943.149,2237.311
3008.000,CR,252.245,52.774,45713.169,6229.743,140.331,15929.171,2235.350
3009.000,CR,252.245,52.774,45713.169,6229.743,140.331,15921.810,2234.317
3010.000,CR,252.245,52.774,45713.169,6229.743,140.331,15951.756,2238.519
3011.000,CR,252.245,52.774,45713.169,6229.743,140.331,15942.954,2237.284
3012.000,CR,252.245,52.774,45713.169,6229.743,140.331,15857.801,2225.334
3013.000,CR,252.245,52.774,45713.169,6229.743,140.331,15876.178,2227.913
3014.000,CR,252.245,52.774,45713.169,6229.743,140.331,15811.705,2218.866
3015.000,CR,252.245,52.774,45713.169,6229.743,140.331,15760.816,2211.724
3016.000,CR,252.245,52.774,45713.169,6229.743,140.331,15671.129,2199.139
3017.000,CR,252.245,52.774,45713.169,6229.743,140.331,15652.092,2196.467
3018.000,CR,252.245,52.774,45713.169,6229.743,140.331,15624.718,2192.626
3019.000,CR,252.245,52.774,45713.169,6229.743,140.331,15581.417,2186.549
3020.000,CR,252.245,52.774,45713.169,6229.743,140.331,15547.971,2181.856
3021.000,CR,252.245,52.774,45713.169,6229.743,140.331,15550.349,2182.189
3022.000,CR,252.245,52.774,45713.169,6229.743,140.331,15521.387,2178.125
3023.000,CR,252.245,52.774,45713.169,6229.743,140.331,15527.169,2178.936
3024.000,CR,252.245,52.774,45713.169,6229.743,140.331,15581.949,2186.624
3025.000,CR,252.245,52.774,45713.169,6229.743,140.331,15582.507,2186.702
3026.000,CR,252.245,52.774,45713.169,6229.743,140.331,15580.103,2186.365
3027.000,CR,252.245,52.774,45713.169,6229.743,140.331,15556.379,2183.036
3028.000,CR,252.245,52.774,45713.169,6229.743,140.331,15578.399,2186.126
3029.000,CR,252.245,52.774,45713.169,6229.743,140.331,15667.807,2198.672
3030.000,CR,252.245,52.774,45713.169,6229.743,140.331,15738.445,2208.585
3031.000,CR,252.245,52.774,45713.169,6229.743,140.331,15772.712,2213.394
3032.000,CR,252.245,52.774,45713.169,6229.743,140.331,15845.371,2223.590
3033.000,CR,252.245,52.774,45713.169,6229.743,140.331,15905.652,2232.049
3034.000,CR,252.245,52.774,45713.169,6229.743,140.331,15871.250,2227.222
3035.000,CR,252.245,52.774,45713.169,6229.743,140.331,15848.181,2223.984
3036.000,CR,252.245,52.774,45713.169,6229.743,140.331,15870.448,2227.109
3037.000,CR,252.245,52.774,45713.169,6229.743,140.331,15807.583,2218.287
3038.000,CR,252.245,52.774,45713.169,6229.743,140.331,15813.488,2219.116
3039.000,CR,252.245,52.774,45713.169,6229.743,140.331,15808.933,2218.477
3040.000,CR,252.245,52.774,45713.169,6229.743,140.331,15781.082,2214.568
3041.000,CR,252.245,52.774,45713.169,6229.743,140.331,15771.889,2213.278
3042.000,CR,252.245,52.774,45713.169,6229.743,140.331,15693.213,2202.238
3043.000,CR,252.245,52.774,45713.169,6229.743,140.331,15705.084,2203.903
3044.000,CR,252.245,52.774,45713.169,6229.743,140.331,15667.144,2198.579
3045.000,CR,252.245,52.774,45713.169,6229.743,140.331,15666.054,2198.426
3046.000,CR,252.245,52.774,45713.169,6229.743,140.331,15640.068,2194.780
3047.000,CR,252.245,52.774,45713.169,6229.743,140.331,15690.458,2201.851
3048.000,CR,252.245,52.774,45713.169,6229.743,140.331,15741.023,2208.947
3049.000,CR,252.245,52.774,45713.169,6229.743,140.331,15776.619,2213.942
3050.000,CR,252.245,52.774,45713.169,6229.743,140.331,15810.416,2218.685
3051.000,CR,252.245,52.774,45713.169,6229.743,140.331,15791.624,2216.048
3052.000,CR,252.245,52.774,45713.169,6229.743,140.331,15789.249,2215.714
3053.000,CR,252.245,52.774,45713.169,6229.743,140.331,15795.973,2216.658
3054.000,CR,252.245,52.774,45713.169,6229.743,140.331,15755.144,2210.928
3055.000,CR,252.245,52.774,45713.169,6229.743,140.331,15756.336,2211.096
3056.000,CR,252.245,52.774,45713.169,6229.743,140.331,15794.808,2216.494
3057.000,CR,252.245,52.774,45713.169,6229.743,140.331,15767.257,2212.628
3058.000,CR,252.245,52.774,45713.169,6229.743,140.331,15776.977,2213.992
3059.000,CR,252.245,52.774,45713.169,6229.743,140.331,15794.529,2216.455
3060.000,CR,252.245,52.774,45713.169,6229.743,140.331,15812.078,2218.918
3061.000,CR,252.245,52.774,45713.169,6229.743,140.331,15763.960,2212.166
3062.000,CR,252.245,52.774,45713.169,6229.743,140.331,15775.829,2213.831
3063.000,CR,252.245,52.774,45713.169,6229.743,140.331,15784.468,2215.044
3064.000,CR,252.245,52.774,45713.169,6229.743,140.331,15780.481,2214.484
3065.000,CR,252.245,52.774,45713.169,6229.743,140.331,15728.374,2207.172
3066.000,CR,252.245,52.774,45713.169,6229.743,140.331,15777.651,2214.087
3067.000,CR,252.245,52.774,45713.169,6229.743,140.331,15743.433,2209.285
3068.000,CR,252.245,52.774,45713.169,6229.743,140.331,15756.905,2211.176
3069.000,CR,252.245,52.774,45713.169,6229.743,140.331,15773.842,2213.552
3070.000,CR,252.245,52.774,45713.169,6229.743,140.331,15784.868,2215.100
3071.000,CR,252.245,52.774,45713.169,6229.743,140.331,15767.651,2212.683
3072.000,CR,252.245,52.774,45713.169,6229.743,140.331,15810.425,2218.686
3073.000,CR,252.245,52.774,45713.169,6229.743,140.331,15748.880,2210.049
3074.000,CR,252.245,52.774,45713.169,6229.743,140.331,15683.202,2200.833
3075.000,CR,252.245,52.774,45713.169,6229.743,140.331,15678.214,2200.133
3076.000,CR,252.245,52.774,45713.169,6229.743,140.331,15637.075,2194.360
3077.000,CR,252.245,52.774,45713.169,6229.743,140.331,15606.000,2189.999
3078.000,CR,252.245,52.774,45713.169,6229.743,140.331,15599.593,2189.100
3079.000,CR,252.245,52.774,45713.169,6229.743,140.331,15613.403,2191.038
3080.000,CR,252.245,52.774,45713.169,6229.743,140.331,15631.846,2193.626
3081.000,CR,252.245,52.774,45713.169,6229.743,140.331,15600.061,2189.166
3082.000,CR,252.245,52.774,45713.169,6229.743,140.331,15652.222,2196.485
3083.000,CR,252.245,52.774,45713.169,6229.743,140.331,15638.265,2194.527
3084.000,CR,252.245,52.774,45713.169,6229.743,140.331,15683.680,2200.900
3085.000,CR,252.245,52.774,45713.169,6229.743,140.331,15687.773,2201.474
3086.000,CR,252.245,52.774,45713.169,6229.743,140.331,15707.331,2204.219
3087.000,CR,252.245,52.774,45713.169,6229.743,140.331,15751.031,2210.351
3088.000,CR,252.245,52.774,45713.169,6229.743,140.331,15798.224,2216.974
3089.000,CR,252.245,52.774,45713.169,6229.743,140.331,15866.131,2226.503
3090.000,CR,252.245,52.774,45713.169,6229.743,140.331,15948.616,2238.078
3091.000,CR,252.245,52.774,45713.169,6229.743,140.331,15980.749,2242.588
3092.000,CR,252.245,52.774,45713.169,6229.743,140.331,16085.274,2257.256
3093.000,CR,252.245,52.774,45713.169,6229.743,140.331,16130.737,2263.636
3094.000,CR,252.245,52.774,45713.169,6229.743,140.331,16183.177,2270.995
3095.000,CR,252.245,52.774,45713.169,6229.743,140.331,16216.538,2275.676
3096.000,CR,252.245,52.774,45713.169,6229.743,140.331,16304.509,2288.021
3097.000,CR,252.245,52.774,45713.169,6229.743,140.331,16414.235,2303.419
3098.000,CR,252.245,52.774,45713.169,6229.743,140.331,16421.758,2304.475
3099.000,CR,252.245,52.774,45713.169,6229.743,140.331,16441.218,2307.206
3100.000,CR,252.245,52.774,45713.169,6229.743,140.331,16474.335,2311.853
3101.000,CR,252.245,52.774,45713.169,6229.743,140.331,16419.257,2304.124
3102.000,CR,252.245,52.774,45713.169,6229.743,140.331,16427.742,2305.314
3103.000,CR,252.245,52.774,45713.169,6229.743,140.331,16383.613,2299.122
3104.000,CR,252.245,52.774,45713.169,6229.743,140.331,16332.780,2291.988
3105.000,CR,252.245,52.774,45713.169,6229.743,140.331,16290.039,2285.991
3106.000,CR,252.245,52.774,45713.169,6229.743,140.331,16249.219,2280.262
3107.000,CR,252.245,52.774,45713.169,6229.743,140.331,16214.048,2275.327
3108.000,CR,252.245,52.774,45713.169,6229.743,140.331,16233.093,2277.999
3109.000,CR,252.245,52.774,45713.169,6229.743,140.331,16217.536,2275.816
3110.000,CR,252.245,52.774,45713.169,6229.743,140.331,16255.768,2281.181
3111.000,CR,252.245,52.774,45713.169,6229.743,140.331,16271.195,2283.346
3112.000,CR,252.245,52.774,45713.169,6229.743,140.331,16271.198,2283.346
3113.000,CR,252.245,52.774,45713.169,6229.743,140.331,16302.478,2287.736
3114.000,CR,252.245,52.774,45713.169,6229.743,140.331,16327.549,2291.254
3115.000,CR,252.245,52.774,45713.169,6229.743,140.331,16322.760,2290.582
3116.000,CR,252.245,52.774,45713.169,6229.743,140.331,16328.377,2291.371
3117.000,CR,252.245,52.774,45713.169,6229.743,140.331,16301.795,2287.640
3118.000,CR,252.245,52.774,45713.169,6229.743,140.331,16278.556,2284.379
3119.000,CR,252.245,52.774,45713.169,6229.743,140.331,16255.283,2281.113
3120.000,CR,252.245,52.774,45713.169,6229.743,140.331,16238.272,2278.726
3121.000,CR,252.245,52.774,45713.169,6229.743,140.331,16210.878,2274.882
3122.000,CR,252.245,52.774,45713.169,6229.743,140.331,16155.757,2267.147
3123.000,CR,252.245,52.774,45713.169,6229.743,140.331,16157.299,2267.363
3124.000,CR,252.245,52.774,45713.169,6229.743,140.331,16099.314,2259.226
3125.000,CR,252.245,52.774,45713.169,6229.743,140.331,16045.588,2251.687
3126.000,CR,252.245,52.774,45713.169,6229.743,140.331,16028.530,2249.293
3127.000,CR,252.245,52.774,45713.169,6229.743,140.331,16067.304,2254.734
3128.000,CR,252.245,52.774,45713.169,6229.743,140.331,16126.076,2262.982
3129.000,CR,252.245,52.774,45713.169,6229.743,140.331,16147.659,2266.010
3130.000,CR,252.245,52.774,45713.169,6229.743,140.331,16186.101,2271.405
3131.000,CR,252.245,52.774,45713.169,6229.743,140.331,16214.583,2275.402
3132.000,CR,252.245,52.774,45713.169,6229.743,140.331,16281.040,2284.728
3133.000,CR,252.245,52.774,45713.169,6229.743,140.331,16318.489,2289.983
3134.000,CR,252.245,52.774,45713.169,6229.743,140.331,16362.899,2296.215
3135.000,CR,252.245,52.774,45713.169,6229.743,140.331,16362.915,2296.217
3136.000,CR,252.245,52.774,45713.169,6229.743,140.331,16376.809,2298.167
3137.000,CR,252.245,52.774,45713.169,6229.743,140.331,16337.354,2292.630
3138.000,CR,252.245,52.774,45713.169,6229.743,140.331,16337.733,2292.683
3139.000,CR,252.245,52.774,45713.169,6229.743,140.331,16305.945,2288.223
3140.000,CR,252.245,52.774,45713.169,6229.743,140.331,16274.146,2283.760
3141.000,CR,252.245,52.774,45713.169,6229.743,140.331,16222.656,2276.535
3142.000,CR,252.245,52.774,45713.169,6229.743,140.331,16177.624,2270.215
3143.000,CR,252.245,52.774,45713.169,6229.743,140.331,16147.409,2265.975
3144.000,CR,252.245,52.774,45713.169,6229.743,140.331,16145.386,2265.691
3145.000,CR,252.245,52.774,45713.169,6229.743,140.331,16165.189,2268.470
3146.000,CR,252.245,52.774,45713.169,6229.743,140.331,16175.962,2269.982
3147.000,CR,252.245,52.774,45713.169,6229.743,140.331,16172.196,2269.454
3148.000,CR,252.245,52.774,45713.169,6229.743,140.331,16140.607,2265.021
3149.000,CR,252.245,52.774,45713.169,6229.743,140.331,16171.531,2269.360
3150.000,CR,252.245,52.774,45713.169,6229.743,140.331,16164.345,2268.352
3151.000,CR,252.245,52.774,45713.169,6229.743,140.331,16104.753,2259.989
3152.000,CR,252.245,52.774,45713.169,6229.743,140.331,16098.420,2259.100
3153.000,CR,252.245,52.774,45713.169,6229.743,140.331,16110.100,2260.740
3154.000,CR,252.245,52.774,45713.169,6229.743,140.331,16118.542,2261.924
3155.000,CR,252.245,52.774,45713.169,6229.743,140.331,16102.846,2259.722
3156.000,CR,252.245,52.774,45714.525,6229.528,140.314,16110.517,2260.536
3157.000,CR,252.245,52.774,45718.534,6228.892,140.266,16081.097,2255.636
3158.000,CR,252.245,52.774,45725.105,6227.850,140.188,16019.543,2245.741
3159.000,CR,252.245,52.774,45734.146,6226.417,140.079,16034.027,2246.035
3160.000,CR,252.245,52.774,45745.568,6224.607,139.943,16064.636,2248.126
3161.000,CR,252.245,52.774,45759.280,6222.434,139.778,16021.224,2239.421
3162.000,CR,252.245,52.774,45775.193,6219.913,139.588,15966.286,2228.701
3163.000,CR,252.245,52.774,45793.217,6217.058,139.372,15878.637,2213.042
3164.000,CR,252.245,52.774,45813.262,6213.884,139.133,15867.862,2207.735
3165.000,CR,252.245,52.774,45835.239,6210.406,138.870,15779.621,2191.312
3166.000,CR,252.245,52.774,45859.058,6206.638,138.585,15743.508,2181.815
3167.000,CR,252.245,52.774,45884.630,6202.594,138.280,15675.386,2167.586
3168.000,CR,252.245,52.774,45911.866,6198.289,137.954,15598.585,2151.893
3169.000,CR,252.245,52.774,45940.675,6193.738,137.611,15536.747,2138.020
3170.000,CR,252.245,52.774,45970.970,6188.954,137.249,15438.040,2118.858
3171.000,CR,252.245,52.774,46002.659,6183.953,136.871,15387.992,2106.175
3172.000,CR,252.245,52.774,46035.653,6178.749,136.478,15348.553,2094.743
3173.000,CR,252.245,52.774,46069.863,6173.357,136.071,15219.528,2070.933
3174.000,CR,252.245,52.774,46105.199,6167.790,135.650,15114.419,2050.275
3175.000,CR,252.245,52.774,46141.570,6162.064,135.218,15052.043,2035.302
3176.000,CR,252.245,52.774,46178.887,6156.193,134.774,15003.230,2022.047
3177.000,CR,252.245,52.774,46217.058,6150.191,134.321,14920.188,2004.091
3178.000,CR,252.245,52.774,46255.994,6144.073,133.859,14761.615,1975.968
3179.000,CR,252.245,52.774,46295.603,6137.854,133.389,14606.751,1948.376
3180.000,CR,252.245,52.774,46335.794,6131.548,132.912,14434.454,1918.517
3181.000,CR,252.245,52.774,46376.476,6125.169,132.430,14263.923,1888.977
3182.000,CR,252.245,52.774,46417.557,6118.732,131.944,14070.218,1856.483
3183.000,CR,252.245,52.774,46458.946,6112.252,131.455,13887.503,1825.576
3184.000,CR,252.245,52.774,46500.550,6105.743,130.963,13681.675,1791.791
3185.000,DE,270.994,62.038,46542.277,6099.219,130.470,15282.311,1993.883
3186.000,DE,270.994,62.038,46584.034,6092.695,129.977,15113.671,1964.432
3187.000,DE,270.994,62.038,46625.729,6086.186,129.485,14839.093,1921.446
3188.000,DE,270.994,62.038,46667.268,6079.706,128.996,14763.276,1904.401
3189.000,DE,270.994,62.038,46708.558,6073.269,128.510,14440.876,1855.791
3190.000,DE,270.994,62.038,46749.504,6066.890,128.028,14304.973,1831.432
3191.000,DE,270.994,62.038,46790.014,6060.584,127.551,14026.588,1789.109
3192.000,DE,270.994,62.038,46829.993,6054.365,127.081,13799.334,1753.639
3193.000,DE,270.994,62.038,46869.346,6048.247,126.619,13560.206,1716.983
3194.000,DE,270.994,62.038,46907.979,6042.245,126.166,13341.332,1683.220
3195.000,DE,270.994,62.038,46945.797,6036.374,125.722,13124.347,1650.023
3196.000,DE,270.994,62.038,46982.704,6030.648,125.290,12785.270,1601.863
3197.000,DE,270.994,62.038,47018.605,6025.081,124.869,12552.894,1567.469
3198.000,DE,270.994,62.038,47053.406,6019.689,124.462,12409.962,1544.566
3199.000,DE,270.994,62.038,47087.009,6014.485,124.069,12227.689,1517.073
3200.000,DE,270.994,62.038,47119.320,6009.484,123.691,12206.527,1509.835
3201.000,DE,270.994,62.038,47150.242,6004.700,123.329,12122.266,1495.032
3202.000,DE,270.994,62.038,47179.679,6000.149,122.986,12003.281,1476.231
3203.000,DE,270.994,62.038,47207.535,5995.844,122.660,11902.615,1459.979
3204.000,DE,270.994,62.038,47233.714,5991.800,122.355,11865.057,1451.748
3205.000,DE,270.994,62.038,47258.120,5988.032,122.070,11972.556,1461.492
3206.000,DE,270.994,62.038,47280.657,5984.554,121.807,11981.917,1459.487
3207.000,DE,270.994,62.038,47301.227,5981.380,121.568,11943.723,1451.971
3208.000,DE,270.994,62.038,47319.736,5978.525,121.352,12007.463,1457.130
3209.000,DE,270.994,62.038,47336.087,5976.004,121.162,12009.655,1455.109
3210.000,DE,270.994,62.038,47350.184,5973.831,120.997,12163.048,1471.697
3211.000,DE,270.994,62.038,47361.932,5972.021,120.861,12178.361,1471.885
3212.000,DE,270.994,62.038,47371.234,5970.588,120.752,12257.790,1480.157
3213.000,DE,270.994,62.038,47377.997,5969.546,120.674,12411.981,1497.799
3214.000,DE,270.994,62.038,47382.123,5968.910,120.626,12430.522,1499.440
3215.000,DE,270.994,62.038,47383.520,5968.695,120.609,12444.887,1500.970
3216.000,DE,270.994,62.038,47440.037,5959.993,120.609,12508.549,1508.649
3217.000,DE,270.994,62.038,47496.610,5951.292,120.609,12472.620,1504.315
3218.000,DE,270.994,62.038,47553.236,5942.590,120.609,12382.967,1493.502
3219.000,DE,270.994,62.038,47609.918,5933.889,120.609,12358.331,1490.531
3220.000,DE,270.994,62.038,47666.654,5925.187,120.609,12422.693,1498.293
3221.000,DE,270.994,62.038,47723.445,5916.485,120.609,12377.954,1492.898
3222.000,DE,270.994,62.038,47780.291,5907.784,120.609,12451.146,1501.725
3223.000,DE,270.994,62.038,47837.191,5899.082,120.609,12352.565,1489.835
3224.000,DE,270.994,62.038,47894.147,5890.380,120.609,12216.383,1473.410
3225.000,DE,270.994,62.038,47951.157,5881.679,120.609,12033.315,1451.331
3226.000,DE,270.994,62.038,48008.222,5872.977,120.609,11920.988,1437.783
3227.000,DE,270.994,62.038,48065.342,5864.276,120.609,11807.228,1424.063
3228.000,DE,270.994,62.038,48122.517,5855.574,120.609,11487.068,1385.448
3229.000,DE,270.994,62.038,48179.748,5846.872,120.609,11211.592,1352.223
3230.000,DE,270.994,62.038,48237.033,5838.171,120.609,10791.138,1301.513
3231.000,DE,270.994,62.038,48294.374,5829.469,120.609,10596.861,1278.081
3232.000,DE,270.994,62.038,48351.769,5820.768,120.609,10447.536,1260.071
3233.000,DE,270.994,62.038,48409.220,5812.066,120.609,10355.179,1248.932
3234.000,DE,270.994,62.038,48466.726,5803.364,120.609,10329.522,1245.837
3235.000,DE,270.994,62.038,48524.288,5794.663,120.609,10384.447,1252.462
3236.000,DE,270.994,62.038,48581.904,5785.961,120.609,10346.711,1247.911
3237.000,DE,270.994,62.038,48639.577,5777.260,120.609,10374.802,1251.299
3238.000,DE,270.994,62.038,48697.304,5768.558,120.609,10329.615,1245.849
3239.000,DE,270.994,62.038,48755.087,5759.856,120.609,10254.540,1236.794
3240.000,DE,270.994,62.038,48812.926,5751.155,120.609,10193.352,1229.414
3241.000,DE,270.994,62.038,48870.820,5742.453,120.609,10110.211,1219.386
3242.000,DE,270.994,62.038,48928.770,5733.752,120.609,10089.995,1216.948
3243.000,DE,270.994,62.038,48986.775,5725.050,120.609,10024.808,1209.086
3244.000,DE,270.994,62.038,49044.836,5716.348,120.609,9802.391,1182.260
3245.000,DE,270.994,62.038,49102.953,5707.647,120.609,9880.608,1191.694
3246.000,DE,270.994,62.038,49161.125,5698.945,120.609,10012.817,1207.640
3247.000,DE,270.994,62.038,49219.354,5690.244,120.609,10107.504,1219.060
3248.000,DE,270.994,62.038,49277.638,5681.542,120.609,10152.307,1224.464
3249.000,DE,270.994,62.038,49335.978,5672.840,120.609,10285.419,1240.518
3250.000,DE,270.994,62.038,49394.374,5664.139,120.609,10297.476,1241.972
3251.000,DE,270.994,62.038,49452.825,5655.437,120.609,10308.544,1243.307
3252.000,DE,270.994,62.038,49511.333,5646.736,120.609,10288.761,1240.921
3253.000,DE,270.994,62.038,49569.897,5638.034,120.609,10151.525,1224.369
3254.000,DE,270.994,62.038,49628.517,5629.332,120.609,10098.199,1217.938
3255.000,DE,270.994,62.038,49687.193,5620.631,120.609,10011.693,1207.504
3256.000,DE,270.994,62.038,49745.925,5611.929,120.609,9796.977,1181.607
3257.000,DE,270.994,62.038,49804.714,5603.228,120.609,9515.210,1147.624
3258.000,DE,270.994,62.038,49863.559,5594.526,120.609,9304.665,1122.230
3259.000,DE,270.994,62.038,49922.460,5585.824,120.609,9070.715,1094.013
3260.000,DE,270.994,62.038,49981.417,5577.123,120.609,8908.444,1074.442
3261.000,DE,270.994,62.038,50040.431,5568.421,120.609,8630.624,1040.934
3262.000,DE,270.994,62.038,50099.501,5559.720,120.609,8604.609,1037.797
3263.000,DE,270.994,62.038,50158.627,5551.018,120.609,8598.967,1037.116
3264.000,DE,270.994,62.038,50217.810,5542.316,120.609,8649.613,1043.225
3265.000,DE,270.994,62.038,50277.050,5533.615,120.609,8909.975,1074.627
3266.000,DE,270.994,62.038,50336.346,5524.913,120.609,9227.176,1112.884
3267.000,DE,270.994,62.038,50395.699,5516.211,120.609,9595.649,1157.325
3268.000,DE,270.994,62.038,50455.108,5507.510,120.609,10094.425,1217.482
3269.000,DE,270.994,62.038,50514.574,5498.808,120.609,10553.507,1272.852
3270.000,DE,270.994,62.038,50574.097,5490.107,120.609,11114.896,1340.561
3271.000,DE,270.994,62.038,50633.677,5481.405,120.609,11752.090,1417.412
3272.000,DE,270.994,62.038,50693.313,5472.703,120.609,12186.654,1469.825
3273.000,DE,270.994,62.038,50753.006,5464.002,120.609,12739.513,1536.505
3274.000,DE,270.994,62.038,50812.756,5455.300,120.609,13184.431,1590.166
3275.000,DE,270.994,62.038,50872.564,5446.599,120.609,13575.829,1637.372
3276.000,DE,270.994,62.038,50932.428,5437.897,120.609,13818.470,1666.637
3277.000,DE,270.994,62.038,50992.349,5429.195,120.609,13962.735,1684.037
3278.000,DE,270.994,62.038,51052.327,5420.494,120.609,13915.217,1678.306
3279.000,DE,270.994,62.038,51112.363,5411.792,120.609,13784.714,1662.566
3280.000,DE,270.994,62.038,51172.455,5403.091,120.609,13526.337,1631.403
3281.000,DE,270.994,62.038,51232.605,5394.389,120.609,13089.189,1578.679
3282.000,DE,270.994,62.038,51292.812,5385.687,120.609,12649.442,1525.642
3283.000,DE,270.994,62.038,51353.076,5376.986,120.609,12116.331,1461.343
3284.000,DE,270.994,62.038,51413.397,5368.284,120.609,11519.670,1389.380
3285.000,DE,270.994,62.038,51473.776,5359.583,120.609,10983.397,1324.701
3286.000,DE,270.994,62.038,51534.213,5350.881,120.609,10339.941,1247.094
3287.000,DE,270.994,62.038,51594.706,5342.179,120.609,9836.523,1186.377
3288.000,DE,270.994,62.038,51655.258,5333.478,120.609,9198.231,1109.393
3289.000,DE,270.994,62.038,51715.866,5324.776,120.609,8656.895,1044.103
3290.000,DE,270.994,62.038,51776.533,5316.075,120.609,8347.888,1006.834
3291.000,DE,270.994,62.038,51837.257,5307.373,120.609,8101.517,977.119
3292.000,DE,270.994,62.038,51898.038,5298.671,120.609,7951.274,958.998
3293.000,DE,270.994,62.038,51958.878,5289.970,120.609,7774.181,937.639
3294.000,DE,270.994,62.038,52019.775,5281.268,120.609,7747.813,934.459
3295.000,DE,270.994,62.038,52080.729,5272.567,120.609,7764.938,936.524
3296.000,DE,270.994,62.038,52141.742,5263.865,120.609,7720.122,931.119
3297.000,DE,270.994,62.038,52202.813,5255.163,120.609,7750.582,934.793
3298.000,DE,270.994,62.038,52263.941,5246.462,120.609,7753.331,935.124
3299.000,DE,270.994,62.038,52325.127,5237.760,120.609,7890.810,951.706
3300.000,DE,270.994,62.038,52386.372,5229.059,120.609,8024.849,967.872
3301.000,DE,270.994,62.038,52447.674,5220.357,120.609,8335.971,1005.396
3302.000,DE,270.994,62.038,52509.034,5211.655,120.609,8444.157,1018.445
3303.000,DE,270.994,62.038,52570.453,5202.954,120.609,8555.758,1031.905
3304.000,DE,270.994,62.038,52631.930,5194.252,120.609,8708.294,1050.302
3305.000,DE,270.994,62.038,52693.465,5185.551,120.609,8857.460,1068.293
3306.000,DE,270.994,62.038,52755.058,5176.849,120.609,9034.674,1089.666
3307.000,DE,270.994,62.038,52816.709,5168.147,120.609,9189.785,1108.374
3308.000,DE,270.994,62.038,52878.419,5159.446,120.609,9218.568,1111.846
3309.000,DE,270.994,62.038,52940.187,5150.744,120.609,9204.652,1110.167
3310.000,DE,270.994,62.038,53002.014,5142.042,120.609,9153.927,1104.050
3311.000,DE,270.994,62.038,53063.899,5133.341,120.609,9002.319,1085.764
3312.000,DE,270.994,62.038,53125.842,5124.639,120.609,8828.308,1064.777
3313.000,DE,270.994,62.038,53187.844,5115.938,120.609,8720.568,1051.782
3314.000,DE,270.994,62.038,53249.905,5107.236,120.609,8551.560,1031.398
3315.000,DE,270.994,62.038,53312.024,5098.534,120.609,8424.075,1016.023
3316.000,DE,270.994,62.038,53374.202,5089.833,120.609,8260.927,996.345
3317.000,DE,270.994,62.038,53436.439,5081.131,120.609,7981.685,962.666
3318.000,DE,270.994,62.038,53498.734,5072.430,120.609,7820.656,943.245
3319.000,DE,270.994,62.038,53561.088,5063.728,120.609,7656.342,923.427
3320.000,DE,270.994,62.038,53623.501,5055.026,120.609,7598.521,916.453
3321.000,DE,270.994,62.038,53685.973,5046.325,120.609,7544.505,909.938
3322.000,DE,270.994,62.038,53748.504,5037.623,120.609,7477.988,901.916
3323.000,DE,270.994,62.038,53811.094,5028.922,120.609,7484.376,902.686
3324.000,DE,270.994,62.038,53873.743,5020.220,120.609,7467.491,900.649
3325.000,DE,270.994,62.038,53936.451,5011.518,120.609,7672.590,925.386
3326.000,DE,270.994,62.038,53999.217,5002.817,120.609,7927.098,956.082
3327.000,DE,270.994,62.038,54062.044,4994.115,120.609,8010.456,966.136
3328.000,DE,270.994,62.038,54124.929,4985.414,120.609,8127.280,980.226
3329.000,DE,270.994,62.038,54187.873,4976.712,120.609,8297.533,1000.760
3330.000,DE,270.994,62.038,54250.877,4968.010,120.609,8530.974,1028.916
3331.000,DE,270.994,62.038,54313.940,4959.309,120.609,8788.375,1059.961
3332.000,DE,270.994,62.038,54377.062,4950.607,120.609,8883.162,1071.393
3333.000,DE,270.994,62.038,54440.244,4941.906,120.609,9096.051,1097.069
3334.000,DE,270.994,62.038,54503.485,4933.204,120.609,9135.951,1101.882
3335.000,DE,270.994,62.038,54566.786,4924.502,120.609,9010.807,1086.788
3336.000,DE,270.994,62.038,54630.146,4915.801,120.609,9021.368,1088.062
3337.000,DE,270.994,62.038,54693.566,4907.099,120.609,8972.467,1082.164
3338.000,DE,270.994,62.038,54757.045,4898.398,120.609,8861.397,1068.768
3339.000,DE,270.994,62.038,54820.584,4889.696,120.609,8787.505,1059.856
3340.000,DE,270.994,62.038,54884.183,4880.994,120.609,8680.694,1046.973
3341.000,DE,270.994,62.038,54947.841,4872.293,120.609,8537.662,1029.722
3342.000,DE,270.994,62.038,55011.559,4863.591,120.609,8331.916,1004.907
3343.000,DE,270.994,62.038,55075.337,4854.890,120.609,8189.650,987.749
3344.000,DE,270.994,62.038,55139.175,4846.188,120.609,8011.377,966.247
3345.000,DE,270.994,62.038,55203.073,4837.486,120.609,7951.491,959.024
3346.000,DE,270.994,62.038,55267.030,4828.785,120.609,7751.211,934.869
3347.000,DE,270.994,62.038,55331.048,4820.083,120.609,7655.363,923.309
3348.000,DE,270.994,62.038,55395.126,4811.381,120.609,7423.523,895.347
3349.000,DE,270.994,62.038,55459.264,4802.680,120.609,7176.810,865.591
3350.000,DE,270.994,62.038,55523.462,4793.978,120.609,6998.684,844.107
3351.000,DE,270.994,62.038,55587.720,4785.277,120.609,6837.712,824.692
3352.000,DE,270.994,62.038,55652.038,4776.575,120.609,6752.887,814.462
3353.000,DE,270.994,62.038,55716.416,4767.873,120.609,6706.940,808.920
3354.000,DE,270.994,62.038,55780.855,4759.172,120.609,6628.228,799.427
3355.000,DE,270.994,62.038,55845.354,4750.470,120.609,6544.447,789.322
3356.000,DE,270.994,62.038,55909.914,4741.769,120.609,6398.597,771.731
3357.000,DE,270.994,62.038,55974.534,4733.067,120.609,6251.061,753.937
3358.000,DE,270.994,62.038,56039.214,4724.365,120.609,6119.380,738.055
3359.000,DE,270.994,62.038,56103.955,4715.664,120.609,6109.380,736.849
3360.000,DE,270.994,62.038,56168.757,4706.962,120.609,6069.407,732.027
3361.000,DE,270.994,62.038,56233.619,4698.261,120.609,6102.363,736.002
3362.000,DE,270.994,62.038,56298.541,4689.559,120.609,5945.405,717.072
3363.000,DE,270.994,62.038,56363.525,4680.857,120.609,6062.998,731.255
3364.000,DE,270.994,62.038,56428.569,4672.156,120.609,6123.522,738.554
3365.000,DE,270.994,62.038,56493.674,4663.454,120.609,6238.232,752.389
3366.000,DE,270.994,62.038,56558.839,4654.753,120.609,6342.665,764.985
3367.000,DE,270.994,62.038,56624.066,4646.051,120.609,6389.098,770.585
3368.000,DE,270.994,62.038,56689.353,4637.349,120.609,6273.846,756.685
3369.000,DE,270.994,62.038,56754.702,4628.648,120.609,6309.172,760.945
3370.000,DE,270.994,62.038,56820.111,4619.946,120.609,6339.773,764.636
3371.000,DE,270.994,62.038,56885.581,4611.245,120.609,6425.678,774.997
3372.000,DE,270.994,62.038,56951.113,4602.543,120.609,6243.557,753.032
3373.000,DE,270.994,62.038,57016.705,4593.841,120.609,6264.155,755.516
3374.000,DE,270.994,62.038,57082.359,4585.140,120.609,6246.727,753.414
3375.000,DE,270.994,62.038,57148.074,4576.438,120.609,6203.673,748.221
3376.000,DE,270.994,62.038,57213.850,4567.737,120.609,6330.607,763.531
3377.000,DE,270.994,62.038,57279.688,4559.035,120.609,6176.123,744.898
3378.000,DE,270.994,62.038,57345.586,4550.333,120.609,6020.307,726.106
3379.000,DE,270.994,62.038,57411.547,4541.632,120.609,5837.235,704.025
3380.000,DE,270.994,62.038,57477.568,4532.930,120.609,5837.885,704.104
3381.000,DE,270.994,62.038,57543.651,4524.229,120.609,5828.965,703.028
3382.000,DE,270.994,62.038,57609.796,4515.527,120.609,5913.371,713.208
3383.000,DE,270.994,62.038,57676.002,4506.825,120.609,5766.118,695.448
3384.000,DE,270.994,62.038,57742.270,4498.124,120.609,5774.995,696.519
3385.000,DE,270.994,62.038,57808.599,4489.422,120.609,5690.506,686.329
3386.000,DE,270.994,62.038,57874.990,4480.721,120.609,5610.592,676.690
3387.000,DE,270.994,62.038,57941.443,4472.019,120.609,5539.058,668.062
3388.000,DE,270.994,62.038,58007.957,4463.317,120.609,5541.955,668.412
3389.000,DE,270.994,62.038,58074.534,4454.616,120.609,5522.349,666.047
3390.000,DE,270.994,62.038,58141.172,4445.914,120.609,5345.404,644.706
3391.000,DE,270.994,62.038,58207.872,4437.212,120.609,5309.487,640.374
3392.000,DE,270.994,62.038,58274.634,4428.511,120.609,5294.241,638.535
3393.000,DE,270.994,62.038,58341.458,4419.809,120.609,5280.683,636.900
3394.000,DE,270.994,62.038,58408.344,4411.108,120.609,5263.676,634.849
3395.000,DE,270.994,62.038,58475.292,4402.406,120.609,5331.592,643.040
3396.000,DE,270.994,62.038,58542.302,4393.704,120.609,5299.025,639.112
3397.000,DE,270.994,62.038,58609.375,4385.003,120.609,5444.574,656.667
3398.000,DE,270.994,62.038,58676.510,4376.301,120.609,5600.793,675.508
3399.000,DE,270.994,62.038,58743.706,4367.600,120.609,5659.913,682.639
3400.000,DE,270.994,62.038,58810.966,4358.898,120.609,5878.912,709.052
3401.000,DE,270.994,62.038,58878.287,4350.196,120.609,6062.181,731.156
3402.000,DE,270.994,62.038,58945.671,4341.495,120.609,6240.511,752.664
3403.000,DE,270.994,62.038,59013.118,4332.793,120.609,6385.280,770.125
3404.000,DE,270.994,62.038,59080.626,4324.092,120.609,6482.483,781.848
3405.000,DE,270.994,62.038,59148.198,4315.390,120.609,6558.109,790.970
3406.000,DE,270.994,62.038,59215.832,4306.688,120.609,6574.650,792.965
3407.000,DE,270.994,62.038,59283.528,4297.987,120.609,6751.486,814.293
3408.000,DE,270.994,62.038,59351.287,4289.285,120.609,6808.513,821.171
3409.000,DE,270.994,62.038,59419.109,4280.584,120.609,6968.636,840.483
3410.000,DE,270.994,62.038,59486.994,4271.882,120.609,7208.303,869.389
3411.000,DE,270.994,62.038,59554.941,4263.180,120.609,7547.804,910.336
3412.000,DE,270.994,62.038,59622.952,4254.479,120.609,7722.083,931.356
3413.000,DE,270.994,62.038,59691.025,4245.777,120.609,7965.996,960.774
3414.000,DE,270.994,62.038,59759.161,4237.076,120.609,8187.019,987.431
3415.000,DE,270.994,62.038,59827.360,4228.374,120.609,8335.285,1005.314
3416.000,DE,270.994,62.038,59895.622,4219.672,120.609,8500.570,1025.249
3417.000,DE,270.994,62.038,59963.947,4210.971,120.609,8767.325,1057.422
3418.000,DE,270.994,62.038,60032.335,4202.269,120.609,9007.486,1086.387
3419.000,DE,270.994,62.038,60100.786,4193.568,120.609,9290.346,1120.503
3420.000,DE,270.994,62.038,60169.301,4184.866,120.609,9522.158,1148.462
3421.000,DE,270.994,62.038,60237.879,4176.164,120.609,9672.344,1166.576
3422.000,DE,270.994,62.038,60306.520,4167.463,120.609,9964.564,1201.820
3423.000,DE,270.994,62.038,60375.224,4158.761,120.609,10199.802,1230.192
3424.000,DE,270.994,62.038,60443.992,4150.060,120.609,10510.934,1267.717
3425.000,DE,270.994,62.038,60512.823,4141.358,120.609,10785.948,1300.887
3426.000,DE,270.994,62.038,60581.717,4132.656,120.609,11047.370,1332.417
3427.000,DE,270.994,62.038,60650.676,4123.955,120.609,11309.530,1364.036
3428.000,DE,270.994,62.038,60719.697,4115.253,120.609,11566.318,1395.007
3429.000,DE,270.994,62.038,60788.782,4106.552,120.609,11839.423,1427.946
3430.000,DE,270.994,62.038,60857.931,4097.850,120.609,12105.112,1459.990
3431.000,DE,270.994,62.038,60927.144,4089.148,120.609,12258.288,1478.465
3432.000,DE,270.994,62.038,60996.420,4080.447,120.609,12412.901,1497.112
3433.000,DE,270.994,62.038,61065.760,4071.745,120.609,12601.555,1519.866
3434.000,DE,270.994,62.038,61135.164,4063.043,120.609,12722.156,1534.412
3435.000,DE,270.994,62.038,61204.631,4054.342,120.609,12840.129,1548.640
3436.000,DE,270.994,62.038,61274.163,4045.640,120.609,12933.581,1559.911
3437.000,DE,270.994,62.038,61343.759,4036.939,120.609,13198.846,1591.905
3438.000,DE,270.994,62.038,61413.418,4028.237,120.609,13263.361,1599.686
3439.000,DE,270.994,62.038,61483.142,4019.535,120.609,13331.712,1607.930
3440.000,DE,270.994,62.038,61552.929,4010.834,120.609,13474.719,1625.178
3441.000,DE,270.994,62.038,61622.781,4002.132,120.609,13503.744,1628.678
3442.000,DE,270.994,62.038,61692.697,3993.431,120.609,13559.169,1635.363
3443.000,DE,270.994,62.038,61762.677,3984.729,120.609,13739.454,1657.107
3444.000,DE,270.994,62.038,61832.722,3976.027,120.609,13714.200,1654.061
3445.000,DE,270.994,62.038,61902.830,3967.326,120.609,13779.367,1661.921
3446.000,DE,270.994,62.038,61973.004,3958.624,120.609,13869.337,1672.772
3447.000,DE,270.994,62.038,62043.241,3949.923,120.609,13976.870,1685.742
3448.000,DE,270.994,62.038,62113.543,3941.221,120.609,13929.161,1679.988
3449.000,DE,270.994,62.038,62183.909,3932.519,120.609,13937.304,1680.970
3450.000,DE,270.994,62.038,62254.340,3923.818,120.609,13890.782,1675.359
3451.000,DE,270.994,62.038,62324.836,3915.116,120.609,13767.709,1660.515
3452.000,DE,270.994,62.038,62395.396,3906.415,120.609,13490.629,1627.097
3453.000,DE,270.994,62.038,62466.021,3897.713,120.609,13392.125,1615.216
3454.000,DE,270.994,62.038,62536.711,3889.011,120.609,13207.162,1592.908
3455.000,DE,270.994,62.038,62607.465,3880.310,120.609,12995.756,1567.410
3456.000,DE,270.994,62.038,62678.284,3871.608,120.609,12952.462,1562.189
3457.000,DE,270.994,62.038,62749.168,3862.907,120.609,12877.873,1553.192
3458.000,DE,270.994,62.038,62820.117,3854.205,120.609,12769.024,1540.064
3459.000,DE,270.994,62.038,62891.131,3845.503,120.609,12743.487,1536.984
3460.000,DE,270.994,62.038,62962.209,3836.802,120.609,12817.128,1545.866
3461.000,DE,270.994,62.038,63033.353,3828.100,120.609,12616.393,1521.656
3462.000,DE,270.994,62.038,63104.562,3819.399,120.609,12631.206,1523.442
3463.000,DE,270.994,62.038,63175.836,3810.697,120.609,12717.708,1533.875
3464.000,DE,270.994,62.038,63247.176,3801.995,120.609,12859.803,1551.013
3465.000,DE,270.994,62.038,63318.580,3793.294,120.609,12893.593,1555.088
3466.000,DE,270.994,62.038,63390.050,3784.592,120.609,13049.671,1573.913
3467.000,DE,270.994,62.038,63461.585,3775.891,120.609,13181.314,1589.790
3468.000,DE,270.994,62.038,63533.185,3767.189,120.609,13411.595,1617.564
3469.000,DE,270.994,62.038,63604.851,3758.487,120.609,13557.793,1635.197
3470.000,DE,270.994,62.038,63676.582,3749.786,120.609,13590.988,1639.201
3471.000,DE,270.994,62.038,63748.379,3741.084,120.609,13842.430,1669.527
3472.000,DE,270.994,62.038,63820.241,3732.382,120.609,13988.034,1687.088
3473.000,DE,270.994,62.038,63892.169,3723.681,120.609,14234.868,1716.859
3474.000,DE,270.994,62.038,63964.162,3714.979,120.609,14252.413,1718.975
3475.000,DE,270.994,62.038,64036.221,3706.278,120.609,14206.901,1713.486
3476.000,DE,270.994,62.038,64108.346,3697.576,120.609,14200.834,1712.754
3477.000,DE,270.994,62.038,64180.537,3688.874,120.609,14024.929,1691.538
3478.000,DE,270.994,62.038,64252.793,3680.173,120.609,13776.609,1661.588
3479.000,DE,270.994,62.038,64325.115,3671.471,120.609,13545.508,1633.715
3480.000,DE,270.994,62.038,64397.504,3662.770,120.609,13143.330,1585.209
3481.000,DE,270.994,62.038,64469.958,3654.068,120.609,12949.499,1561.831
3482.000,DE,270.994,62.038,64542.478,3645.366,120.609,12695.499,1531.196
3483.000,DE,270.994,62.038,64615.064,3636.665,120.609,12416.128,1497.502
3484.000,DE,270.994,62.038,64687.716,3627.963,120.609,12068.320,1455.553
3485.000,DE,270.994,62.038,64760.435,3619.262,120.609,11684.645,1409.278
3486.000,DE,270.994,62.038,64833.219,3610.560,120.609,11363.961,1370.600
3487.000,DE,270.994,62.038,64906.070,3601.858,120.609,11155.384,1345.444
3488.000,DE,270.994,62.038,64978.987,3593.157,120.609,10964.509,1322.423
3489.000,DE,270.994,62.038,65051.970,3584.455,120.609,10731.409,1294.309
3490.000,DE,270.994,62.038,65125.020,3575.754,120.609,10602.957,1278.816
3491.000,DE,270.994,62.038,65198.136,3567.052,120.609,10544.758,1271.797
3492.000,DE,270.994,62.038,65271.319,3558.350,120.609,10468.189,1262.562
3493.000,DE,270.994,62.038,65344.568,3549.649,120.609,10489.884,1265.179
3494.000,DE,270.994,62.038,65417.884,3540.947,120.609,10443.693,1259.607
3495.000,DE,270.994,62.038,65491.266,3532.246,120.609,10547.664,1272.147
3496.000,DE,270.994,62.038,65564.715,3523.544,120.609,10614.411,1280.198
3497.000,DE,270.994,62.038,65638.230,3514.842,120.609,10605.622,1279.138
3498.000,DE,270.994,62.038,65711.813,3506.141,120.609,10481.003,1264.107
3499.000,DE,270.994,62.038,65785.462,3497.439,120.609,10437.747,1258.890
3500.000,DE,270.994,62.038,65859.178,3488.738,120.609,10401.391,1254.505
3501.000,DE,270.994,62.038,65932.960,3480.036,120.609,10292.702,1241.396
3502.000,DE,270.994,62.038,66006.810,3471.334,120.609,10160.411,1225.441
3503.000,DE,270.994,62.038,66080.727,3462.633,120.609,9985.971,1204.402
3504.000,DE,270.994,62.038,66154.710,3453.931,120.609,9893.905,1193.298
3505.000,DE,270.994,62.038,66228.761,3445.230,120.609,9746.582,1175.529
3506.000,DE,270.994,62.038,66302.879,3436.528,120.609,9675.711,1166.982
3507.000,DE,270.994,62.038,66377.064,3427.826,120.609,9452.740,1140.089
3508.000,DE,270.994,62.038,66451.316,3419.125,120.609,9356.323,1128.460
3509.000,DE,270.994,62.038,66525.635,3410.423,120.609,9347.562,1127.404
3510.000,DE,270.994,62.038,66600.022,3401.722,120.609,9227.119,1112.877
3511.000,DE,270.994,62.038,66674.476,3393.020,120.609,9178.096,1106.965
3512.000,DE,270.994,62.038,66748.998,3384.318,120.609,9271.843,1118.271
3513.000,DE,270.994,62.038,66823.587,3375.617,120.609,9388.018,1132.283
3514.000,DE,270.994,62.038,66898.243,3366.915,120.609,9504.042,1146.277
3515.000,DE,270.994,62.038,66972.967,3358.213,120.609,9690.320,1168.744
3516.000,DE,270.994,62.038,67047.758,3349.512,120.609,9872.339,1190.697
3517.000,DE,270.994,62.038,67122.617,3340.810,120.609,9955.376,1200.712
3518.000,DE,270.994,62.038,67197.544,3332.109,120.609,10197.832,1229.954
3519.000,DE,270.994,62.038,67272.538,3323.407,120.609,10336.010,1246.620
3520.000,DE,270.994,62.038,67347.601,3314.705,120.609,10527.429,1269.707
3521.000,DE,270.994,62.038,67422.731,3306.004,120.609,10739.039,1295.229
3522.000,DE,270.994,62.038,67497.928,3297.302,120.609,10767.284,1298.636
3523.000,DE,270.994,62.038,67573.194,3288.601,120.609,10838.389,1307.212
3524.000,DE,270.994,62.038,67648.528,3279.899,120.609,10870.539,1311.089
3525.000,DE,270.994,62.038,67723.929,3271.197,120.609,10830.827,1306.299
3526.000,DE,270.994,62.038,67799.399,3262.496,120.609,10669.311,1286.819
3527.000,DE,270.994,62.038,67874.937,3253.794,120.609,10448.242,1260.156
3528.000,DE,270.994,62.038,67950.543,3245.093,120.609,10202.811,1230.555
3529.000,DE,270.994,62.038,68026.217,3236.391,120.609,9907.885,1194.984
3530.000,DE,270.994,62.038,68101.959,3227.689,120.609,9722.542,1172.630
3531.000,DE,270.994,62.038,68177.770,3218.988,120.609,9356.516,1128.484
3532.000,DE,270.994,62.038,68253.649,3210.286,120.609,9268.333,1117.848
3533.000,DE,270.994,62.038,68329.596,3201.585,120.609,9247.810,1115.373
3534.000,DE,270.994,62.038,68405.612,3192.883,120.609,9155.192,1104.202
3535.000,DE,270.994,62.038,68481.696,3184.181,120.609,9198.307,1109.402
3536.000,DE,270.994,62.038,68557.849,3175.480,120.609,9193.064,1108.770
3537.000,DE,270.994,62.038,68634.070,3166.778,120.609,9031.790,1089.319
3538.000,DE,270.994,62.038,68710.360,3158.077,120.609,9025.497,1088.560
3539.000,DE,270.994,62.038,68786.718,3149.375,120.609,9083.969,1095.612
3540.000,DE,270.994,62.038,68863.146,3140.673,120.609,9146.136,1103.110
3541.000,DE,270.994,62.038,68939.642,3131.972,120.609,9312.117,1123.129
3542.000,DE,270.994,62.038,69016.206,3123.270,120.609,9311.613,1123.068
3543.000,DE,270.994,62.038,69092.840,3114.569,120.609,9403.796,1134.186
3544.000,DE,270.994,62.038,69169.542,3105.867,120.609,9449.990,1139.758
3545.000,DE,270.994,62.038,69246.314,3097.165,120.609,9617.976,1160.018
3546.000,DE,270.994,62.038,69323.154,3088.464,120.609,9729.529,1173.473
3547.000,DE,270.994,62.038,69400.064,3079.762,120.609,9890.270,1192.859
3548.000,DE,270.994,62.038,69477.042,3071.061,120.609,10206.638,1231.016
3549.000,DE,270.994,62.038,69554.090,3062.359,120.609,10578.900,1275.915
3550.000,DE,270.994,62.038,69631.206,3053.657,120.609,10902.238,1314.912
3551.000,DE,270.994,62.038,69708.392,3044.956,120.609,11276.718,1360.078
3552.000,DE,270.994,62.038,69785.648,3036.254,120.609,11476.665,1384.194
3553.000,DE,270.994,62.038,69862.972,3027.553,120.609,11587.141,1397.518
3554.000,DE,270.994,62.038,69940.366,3018.851,120.609,11799.872,1423.175
3555.000,DE,270.994,62.038,70017.830,3010.149,120.609,11851.736,1429.431
3556.000,DE,270.994,62.038,70095.362,3001.448,120.609,11899.399,1435.179
3557.000,DE,270.994,62.038,70172.965,2992.746,120.609,11876.254,1432.388
3558.000,DE,270.994,62.038,70250.637,2984.044,120.609,11827.231,1426.475
3559.000,DE,270.994,62.038,70328.378,2975.343,120.609,11838.099,1427.786
3560.000,DE,270.994,62.038,70406.189,2966.641,120.609,11781.657,1420.978
3561.000,DE,270.994,62.038,70484.070,2957.940,120.609,11605.777,1399.766
3562.000,DE,270.994,62.038,70562.021,2949.238,120.609,11518.657,1389.258
3563.000,DE,270.994,62.038,70640.041,2940.536,120.609,11451.180,1381.120
3564.000,DE,270.994,62.038,70718.131,2931.835,120.609,11281.050,1360.601
3565.000,DE,270.994,62.038,70796.291,2923.133,120.609,11327.380,1366.188
3566.000,DE,270.994,62.038,70874.521,2914.432,120.609,11333.021,1366.869
3567.000,DE,270.994,62.038,70952.821,2905.730,120.609,11358.605,1369.954
3568.000,DE,270.994,62.038,71031.191,2897.028,120.609,11315.212,1364.721
3569.000,DE,270.994,62.038,71109.631,2888.327,120.609,11212.285,1352.307
3570.000,DE,270.994,62.038,71188.142,2879.625,120.609,11051.759,1332.946
3571.000,DE,270.994,62.038,71266.722,2870.924,120.609,11024.117,1329.612
3572.000,DE,270.994,62.038,71345.373,2862.222,120.609,10822.785,1305.329
3573.000,DE,270.994,62.038,71424.094,2853.520,120.609,10561.532,1273.820
3574.000,DE,270.994,62.038,71502.885,2844.819,120.609,10167.429,1226.287
3575.000,DE,270.994,62.038,71581.746,2836.117,120.609,9948.765,1199.914
3576.000,DE,270.994,62.038,71660.678,2827.416,120.609,9589.502,1156.584
3577.000,DE,270.994,62.038,71739.681,2818.714,120.609,9201.648,1109.805
3578.000,DE,270.994,62.038,71818.754,2810.012,120.609,8903.923,1073.897
3579.000,DE,270.994,62.038,71897.897,2801.311,120.609,8651.459,1043.447
3580.000,DE,270.994,62.038,71977.111,2792.609,120.609,8395.164,1012.536
3581.000,DE,270.994,62.038,72056.396,2783.908,120.609,7978.099,962.234
3582.000,DE,270.994,62.038,72135.752,2775.206,120.609,7688.038,927.250
3583.000,DE,270.994,62.038,72215.178,2766.504,120.609,7476.308,901.713
3584.000,DE,270.994,62.038,72294.675,2757.803,120.609,7072.340,852.991
3585.000,DE,270.994,62.038,72374.243,2749.101,120.609,6693.943,807.352
3586.000,DE,270.994,62.038,72453.882,2740.400,120.609,6457.015,778.777
3587.000,DE,270.994,62.038,72533.591,2731.698,120.609,6106.169,736.461
3588.000,DE,270.994,62.038,72613.372,2722.996,120.609,5819.713,701.912
3589.000,DE,270.994,62.038,72693.224,2714.295,120.609,5580.632,673.077
3590.000,DE,270.994,62.038,72773.147,2705.593,120.609,5460.555,658.594
3591.000,DE,270.994,62.038,72853.141,2696.892,120.609,5494.514,662.690
3592.000,DE,270.994,62.038,72933.206,2688.190,120.609,5581.704,673.206
3593.000,DE,270.994,62.038,73013.342,2679.488,120.609,5645.982,680.958
3594.000,DE,270.994,62.038,73093.550,2670.787,120.609,5760.868,694.815
3595.000,DE,270.994,62.038,73173.829,2662.085,120.609,5979.649,721.202
3596.000,DE,270.994,62.038,73254.180,2653.383,120.609,6240.317,752.641
3597.000,DE,270.994,62.038,73334.601,2644.682,120.609,6517.216,786.037
3598.000,DE,270.994,62.038,73415.095,2635.980,120.609,6771.585,816.717
3599.000,DE,270.994,62.038,73495.660,2627.279,120.609,7101.539,856.512
3600.000,DE,270.994,62.038,73576.296,2618.577,120.609,7609.226,917.744
3601.000,DE,270.994,62.038,73657.004,2609.875,120.609,8169.591,985.329
3602.000,DE,270.994,62.038,73737.784,2601.174,120.609,8706.990,1050.145
3603.000,DE,270.994,62.038,73818.635,2592.472,120.609,9292.640,1120.780
3604.000,DE,270.994,62.038,73899.558,2583.771,120.609,9991.262,1205.040
3605.000,DE,270.994,62.038,73980.553,2575.069,120.609,10492.935,1265.546
3606.000,DE,270.994,62.038,74061.620,2566.367,120.609,11087.049,1337.202
3607.000,DE,270.994,62.038,74142.759,2557.666,120.609,11542.737,1392.163
3608.000,DE,270.994,62.038,74223.970,2548.964,120.609,11914.678,1437.022
3609.000,DE,270.994,62.038,74225.912,2548.756,120.605,12285.587,1481.697
3610.000,DE,270.994,62.038,74231.649,2548.142,120.590,12644.160,1524.761
3611.000,DE,270.994,62.038,74241.054,2547.135,120.567,12779.927,1540.831
3612.000,DE,270.994,62.038,74253.994,2545.749,120.534,13042.456,1572.060
3613.000,DE,270.994,62.038,74270.341,2543.999,120.493,13166.821,1586.510
3614.000,DE,270.994,62.038,74289.966,2541.899,120.444,13603.837,1638.498
3615.000,DE,270.994,62.038,74312.740,2539.462,120.387,13788.789,1659.987
3616.000,DE,270.994,62.038,74338.533,2536.702,120.322,14041.255,1689.472
3617.000,DE,270.994,62.038,74367.218,2533.634,120.250,14270.171,1715.989
3618.000,DE,270.994,62.038,74398.666,2530.272,120.171,14440.511,1735.335
3619.000,DE,270.994,62.038,74432.749,2526.629,120.086,14576.446,1750.426
3620.000,DE,270.994,62.038,74469.338,2522.720,119.994,14543.908,1745.186
3621.000,DE,270.994,62.038,74508.305,2518.559,119.897,14515.054,1740.308
3622.000,DE,270.994,62.038,74549.521,2514.159,119.794,14435.472,1729.278
3623.000,DE,270.994,62.038,74592.859,2509.535,119.685,14335.103,1715.701
3624.000,DE,270.994,62.038,74638.190,2504.701,119.572,14136.507,1690.330
3625.000,DE,270.994,62.038,74685.385,2499.670,119.454,13850.743,1654.528
3626.000,DE,270.994,62.038,74734.314,2494.457,119.332,13662.204,1630.337
3627.000,DE,270.994,62.038,74784.851,2489.076,119.206,13504.202,1609.779
3628.000,DE,270.994,62.038,74836.864,2483.541,119.076,13286.240,1582.073
3629.000,DE,270.994,62.038,74890.225,2477.866,118.943,13113.387,1559.746
3630.000,DE,270.994,62.038,74944.804,2472.064,118.807,12966.835,1540.552
3631.000,DE,270.994,62.038,75000.472,2466.150,118.668,12895.398,1530.277
3632.000,DE,270.994,62.038,75057.098,2460.138,118.528,12894.251,1528.324
3633.000,DE,270.994,62.038,75114.551,2454.042,118.385,12980.187,1536.655
3634.000,DE,270.994,62.038,75172.701,2447.876,118.240,12994.767,1536.504
3635.000,DE,270.994,62.038,75231.417,2441.654,118.094,12995.309,1534.672
3636.000,DE,270.994,62.038,75290.567,2435.390,117.948,12981.765,1531.167
3637.000,DE,270.994,62.038,75350.020,2429.097,117.800,12943.104,1524.698
3638.000,LVL,277.568,63.797,75409.643,2422.791,117.652,13861.138,1630.794
3639.000,LVL,277.568,63.797,75469.305,2416.485,117.504,13754.532,1616.219
3640.000,LVL,277.568,63.797,75528.872,2410.192,117.357,14007.022,1643.822
3641.000,LVL,277.568,63.797,75588.212,2403.928,117.210,13953.551,1635.498
3642.000,LVL,277.568,63.797,75647.190,2397.706,117.064,13980.422,1636.609
3643.000,LVL,277.568,63.797,75705.674,2391.540,116.920,13874.186,1622.167
3644.000,LVL,277.568,63.797,75763.529,2385.444,116.777,13765.191,1607.457
3645.000,LVL,277.568,63.797,75820.620,2379.432,116.636,14053.273,1639.118
3646.000,LVL,277.568,63.797,75876.814,2373.518,116.497,14292.964,1665.094
3647.000,LVL,277.568,63.797,75931.975,2367.716,116.361,14474.702,1684.297
3648.000,LVL,277.568,63.797,75985.967,2362.041,116.228,14975.682,1740.600
3649.000,LVL,277.568,63.797,76038.656,2356.506,116.099,15190.800,1763.632
3650.000,LVL,277.568,63.797,76089.905,2351.125,115.973,15136.362,1755.403
3651.000,LVL,277.568,63.797,76139.579,2345.912,115.850,15215.378,1762.708
3652.000,LVL,277.568,63.797,76187.541,2340.881,115.733,15145.038,1752.773
3653.000,LVL,277.568,63.797,76233.654,2336.047,115.619,15454.656,1786.855
3654.000,LVL,277.568,63.797,76277.783,2331.423,115.511,15557.196,1797.025
3655.000,LVL,277.568,63.797,76319.791,2327.023,115.408,15843.260,1828.435
3656.000,LVL,277.568,63.797,76359.540,2322.862,115.310,15984.739,1843.203
3657.000,LVL,277.568,63.797,76396.894,2318.953,115.219,15969.295,1839.959
3658.000,LVL,277.568,63.797,76431.716,2315.310,115.133,15855.945,1825.546
3659.000,LVL,277.568,63.797,76463.869,2311.948,115.054,15542.671,1788.253
3660.000,LVL,277.568,63.797,76493.216,2308.880,114.982,15568.819,1790.142
3661.000,LVL,277.568,63.797,76519.621,2306.120,114.918,15406.348,1770.464
3662.000,LVL,277.568,63.797,76542.946,2303.683,114.861,15370.852,1765.507
3663.000,LVL,277.568,63.797,76563.056,2301.583,114.811,15163.701,1740.967
3664.000,LVL,277.568,63.797,76579.814,2299.833,114.770,15054.367,1727.797
3665.000,LVL,277.568,63.797,76593.083,2298.447,114.738,15215.607,1745.808
3666.000,LVL,277.568,63.797,76602.729,2297.440,114.714,15145.010,1737.351
3667.000,LVL,277.568,63.797,76608.615,2296.826,114.700,14875.005,1706.163
3668.000,LVL,277.568,63.797,76610.607,2296.618,114.695,14776.100,1694.746
3669.000,LVL,277.568,63.797,76610.607,2296.618,114.695,14670.411,1682.624
3670.000,LVL,277.568,63.797,76610.607,2296.618,114.695,14384.914,1649.879
3671.000,LVL,277.568,63.797,76610.607,2296.618,114.695,14460.096,1658.502
3672.000,LVL,277.568,63.797,76610.607,2296.618,114.695,14299.888,1640.127
3673.000,LVL,277.568,63.797,76610.607,2296.618,114.695,14508.362,1664.038
3674.000,LVL,277.568,63.797,76610.607,2296.618,114.695,14473.105,1659.994
3675.000,LVL,277.568,63.797,76610.607,2296.618,114.695,14530.073,1666.528
3676.000,LVL,277.568,63.797,76610.607,2296.618,114.695,14192.719,1627.835
3677.000,LVL,277.568,63.797,76610.607,2296.618,114.695,14177.750,1626.119
3678.000,LVL,277.568,63.797,76610.607,2296.618,114.695,14213.855,1630.260
3679.000,LVL,277.568,63.797,76610.607,2296.618,114.695,14377.476,1649.026
3680.000,LVL,277.568,63.797,76610.607,2296.618,114.695,14473.424,1660.031
3681.000,LVL,277.568,63.797,76610.607,2296.618,114.695,14897.202,1708.636
3682.000,LVL,277.568,63.797,76610.607,2296.618,114.695,15075.318,1729.065
3683.000,LVL,277.568,63.797,76610.607,2296.618,114.695,15656.239,1795.694
3684.000,LVL,277.568,63.797,76610.607,2296.618,114.695,16238.431,1862.469
3685.000,LVL,277.568,63.797,76610.607,2296.618,114.695,16571.878,1900.713
3686.000,LVL,277.568,63.797,76610.607,2296.618,114.695,17051.663,1955.742
3687.000,LVL,277.568,63.797,76610.607,2296.618,114.695,17205.304,1973.364
3688.000,LVL,277.568,63.797,76610.607,2296.618,114.695,17550.460,2012.952
3689.000,LVL,277.568,63.797,76610.607,2296.618,114.695,17459.761,2002.549
3690.000,LVL,277.568,63.797,76610.607,2296.618,114.695,17494.671,2006.553
3691.000,LVL,277.568,63.797,76610.607,2296.618,114.695,17687.596,2028.681
3692.000,LVL,277.568,63.797,76610.607,2296.618,114.695,17601.085,2018.758
3693.000,LVL,277.568,63.797,76610.607,2296.618,114.695,17539.725,2011.721
3694.000,LVL,277.568,63.797,76610.607,2296.618,114.695,17558.042,2013.821
3695.000,LVL,277.568,63.797,76610.607,2296.618,114.695,17402.617,1995.995
3696.000,LVL,277.568,63.797,76610.607,2296.618,114.695,17423.085,1998.343
3697.000,LVL,277.568,63.797,76610.607,2296.618,114.695,17481.424,2005.034
3698.000,LVL,277.568,63.797,76610.607,2296.618,114.695,17302.642,1984.528
3699.000,LVL,277.568,63.797,76610.607,2296.618,114.695,17317.499,1986.232
3700.000,LVL,277.568,63.797,76610.607,2296.618,114.695,17196.677,1972.375
3701.000,LVL,277.568,63.797,76610.607,2296.618,114.695,16910.004,1939.495
3702.000,LVL,277.568,63.797,76610.607,2296.618,114.695,16904.258,1938.836
3703.000,LVL,277.568,63.797,76610.607,2296.618,114.695,16504.888,1893.030
3704.000,LVL,277.568,63.797,76610.607,2296.618,114.695,16430.828,1884.536
3705.000,LVL,277.568,63.797,76610.607,2296.618,114.695,16470.096,1889.039
3706.000,LVL,277.568,63.797,76610.607,2296.618,114.695,16533.507,1896.312
3707.000,LVL,277.568,63.797,76610.607,2296.618,114.695,16054.122,1841.329
3708.000,LVL,277.568,63.797,76610.607,2296.618,114.695,16056.859,1841.643
3709.000,LVL,277.568,63.797,76610.607,2296.618,114.695,15850.359,1817.959
3710.000,LVL,277.568,63.797,76610.607,2296.618,114.695,15693.264,1799.941
3711.000,LVL,277.568,63.797,76610.607,2296.618,114.695,15486.558,1776.232
3712.000,LVL,277.568,63.797,76610.607,2296.618,114.695,15443.379,1771.280
3713.000,LVL,277.568,63.797,76610.607,2296.618,114.695,15150.215,1737.656
3714.000,LVL,277.568,63.797,76610.607,2296.618,114.695,14995.150,1719.870
3715.000,LVL,277.568,63.797,76610.607,2296.618,114.695,14880.213,1706.688
3716.000,LVL,277.568,63.797,76610.607,2296.618,114.695,14882.421,1706.941
3717.000,LVL,277.568,63.797,76610.607,2296.618,114.695,14608.896,1675.569
3718.000,LVL,277.568,63.797,76610.607,2296.618,114.695,14373.789,1648.603
3719.000,LVL,277.568,63.797,76610.607,2296.618,114.695,14289.344,1638.918
3720.000,LVL,277.568,63.797,76610.607,2296.618,114.695,14268.607,1636.539
3721.000,LVL,277.568,63.797,76610.607,2296.618,114.695,14491.344,1662.086
3722.000,LVL,277.568,63.797,76610.607,2296.618,114.695,14682.106,1683.966
3723.000,LVL,277.568,63.797,76610.607,2296.618,114.695,14631.156,1678.122
3724.000,LVL,277.568,63.797,76610.607,2296.618,114.695,14669.928,1682.569
3725.000,LVL,277.568,63.797,76610.607,2296.618,114.695,14834.888,1701.489
3726.000,LVL,277.568,63.797,76610.607,2296.618,114.695,14971.145,1717.117
3727.000,LVL,277.568,63.797,76610.607,2296.618,114.695,15281.862,1752.755
3728.000,LVL,277.568,63.797,76610.607,2296.618,114.695,15656.990,1795.780
3729.000,LVL,277.568,63.797,76610.607,2296.618,114.695,15921.348,1826.101
3730.000,LVL,277.568,63.797,76610.607,2296.618,114.695,15861.984,1819.292
3731.000,LVL,277.568,63.797,76610.607,2296.618,114.695,15977.284,1832.516
3732.000,LVL,277.568,63.797,76610.607,2296.618,114.695,15743.270,1805.676
3733.000,LVL,277.568,63.797,76610.607,2296.618,114.695,15776.104,1809.442
3734.000,LVL,277.568,63.797,76610.607,2296.618,114.695,15669.909,1797.262
3735.000,LVL,277.568,63.797,76610.607,2296.618,114.695,15650.118,1794.992
3736.000,LVL,277.568,63.797,76610.607,2296.618,114.695,15560.147,1784.673
3737.000,LVL,277.568,63.797,76610.607,2296.618,114.695,15464.145,1773.662
3738.000,LVL,277.568,63.797,76610.607,2296.618,114.695,15299.619,1754.791
3739.000,LVL,277.568,63.797,76610.607,2296.618,114.695,15433.922,1770.195
3740.000,LVL,277.568,63.797,76610.607,2296.618,114.695,15712.964,1802.200
3741.000,LVL,277.568,63.797,76610.607,2296.618,114.695,15831.183,1815.759
3742.000,LVL,277.568,63.797,76610.607,2296.618,114.695,16137.801,1850.927
3743.000,LVL,277.568,63.797,76610.607,2296.618,114.695,15865.676,1819.715
3744.000,LVL,277.568,63.797,76610.607,2296.618,114.695,15782.164,1810.137
3745.000,LVL,277.568,63.797,76610.607,2296.618,114.695,15745.298,1805.909
3746.000,LVL,277.568,63.797,76610.607,2296.618,114.695,16119.274,1848.802
3747.000,LVL,277.568,63.797,76610.607,2296.618,114.695,16583.477,1902.044
3748.000,LVL,277.568,63.797,76610.607,2296.618,114.695,16952.844,1944.408
3749.000,LVL,277.568,63.797,76610.607,2296.618,114.695,17227.415,1975.900
3750.000,LVL,277.568,63.797,76610.607,2296.618,114.695,17871.672,2049.793
3751.000,LVL,277.568,63.797,76610.607,2296.618,114.695,18240.300,2092.073
3752.000,LVL,277.568,63.797,76610.607,2296.618,114.695,18812.263,2157.675
3753.000,LVL,277.568,63.797,76610.607,2296.618,114.695,19404.785,2225.634
3754.000,LVL,277.568,63.797,76610.607,2296.618,114.695,19573.548,2244.990
3755.000,LVL,277.568,63.797,76610.607,2296.618,114.695,19665.786,2255.569
3756.000,LVL,277.568,63.797,76610.607,2296.618,114.695,20002.919,2294.237
3757.000,LVL,277.568,63.797,76610.607,2296.618,114.695,20769.171,2382.122
3758.000,LVL,277.568,63.797,76610.607,2296.618,114.695,21299.530,2442.952
3759.000,LVL,277.568,63.797,76610.607,2296.618,114.695,21348.055,2448.518
3760.000,LVL,277.568,63.797,76610.607,2296.618,114.695,21704.102,2489.354
3761.000,LVL,277.568,63.797,76610.607,2296.618,114.695,22311.602,2559.032
3762.000,LVL,277.568,63.797,76610.607,2296.618,114.695,22500.434,2580.690
3763.000,LVL,277.568,63.797,76610.607,2296.618,114.695,22979.316,2635.615
3764.000,LVL,277.568,63.797,76610.607,2296.618,114.695,23516.541,2697.232
3765.000,LVL,277.568,63.797,76610.607,2296.618,114.695,23719.066,2720.461
3766.000,LVL,277.568,63.797,76610.607,2296.618,114.695,23799.171,2729.648
3767.000,LVL,277.568,63.797,76610.607,2296.618,114.695,24032.227,2756.379
3768.000,LVL,277.568,63.797,76610.607,2296.618,114.695,24086.135,2762.562
3769.000,LVL,277.568,63.797,76610.607,2296.618,114.695,24277.070,2784.461
3770.000,LVL,277.568,63.797,76610.607,2296.618,114.695,24073.205,2761.079
3771.000,LVL,277.568,63.797,76610.607,2296.618,114.695,23731.473,2721.884
3772.000,LVL,277.568,63.797,76610.607,2296.618,114.695,23733.787,2722.149
3773.000,LVL,277.568,63.797,76610.607,2296.618,114.695,23348.451,2677.953
3774.000,LVL,277.568,63.797,76610.607,2296.618,114.695,22991.936,2637.063
3775.000,LVL,277.568,63.797,76610.607,2296.618,114.695,22711.859,2604.939
3776.000,LVL,277.568,63.797,76610.607,2296.618,114.695,22253.337,2552.349
3777.000,LVL,277.568,63.797,76610.607,2296.618,114.695,21646.067,2482.698
3778.000,LVL,277.568,63.797,76610.607,2296.618,114.695,20780.666,2383.441
3779.000,LVL,277.568,63.797,76610.607,2296.618,114.695,20213.386,2318.376
3780.000,LVL,277.568,63.797,76610.607,2296.618,114.695,19757.927,2266.138
3781.000,LVL,277.568,63.797,76610.607,2296.618,114.695,19211.937,2203.515
3782.000,LVL,277.568,63.797,76610.607,2296.618,114.695,18535.939,2125.982
3783.000,LVL,277.568,63.797,76610.607,2296.618,114.695,18288.009,2097.545
3784.000,LVL,277.568,63.797,76610.607,2296.618,114.695,17998.834,2064.378
3785.000,LVL,277.568,63.797,76610.607,2296.618,114.695,18080.853,2073.785
3786.000,LVL,277.568,63.797,76610.607,2296.618,114.695,18094.575,2075.359
3787.000,LVL,277.568,63.797,76610.607,2296.618,114.695,18163.799,2083.299
3788.000,LVL,277.568,63.797,76610.607,2296.618,114.695,18465.103,2117.857
3789.000,LVL,277.568,63.797,76610.607,2296.618,114.695,18448.797,2115.987
3790.000,LVL,277.568,63.797,76610.607,2296.618,114.695,18683.277,2142.880
3791.000,LVL,277.568,63.797,76610.607,2296.618,114.695,18931.858,2171.391
3792.000,LVL,277.568,63.797,76610.607,2296.618,114.695,19198.563,2201.981
3793.000,LVL,277.568,63.797,76610.607,2296.618,114.695,19313.096,2215.118
3794.000,LVL,277.568,63.797,76610.607,2296.618,114.695,19381.002,2222.906
3795.000,LVL,277.568,63.797,76610.607,2296.618,114.695,19374.467,2222.157
3796.000,LVL,277.568,63.797,76610.607,2296.618,114.695,19065.202,2186.685
3797.000,LVL,277.568,63.797,76610.607,2296.618,114.695,19298.437,2213.436
3798.000,LVL,277.568,63.797,76610.607,2296.618,114.695,19030.687,2182.727
3799.000,LVL,277.568,63.797,76610.607,2296.618,114.695,19143.333,2195.647
3800.000,LVL,277.568,63.797,76610.607,2296.618,114.695,18880.416,2165.491
3801.000,LVL,277.568,63.797,76610.607,2296.618,114.695,18917.897,2169.790
3802.000,LVL,277.568,63.797,76610.607,2296.618,114.695,18793.579,2155.532
3803.000,LVL,277.568,63.797,76610.607,2296.618,114.695,18645.617,2138.561
3804.000,LVL,277.568,63.797,76610.607,2296.618,114.695,18732.320,2148.505
3805.000,LVL,277.568,63.797,76610.607,2296.618,114.695,18582.898,2131.367
3806.000,LVL,277.568,63.797,76610.607,2296.618,114.695,18357.465,2105.511
3807.000,LVL,277.568,63.797,76610.607,2296.618,114.695,18355.977,2105.341
3808.000,LVL,277.568,63.797,76610.607,2296.618,114.695,18236.367,2091.622
3809.000,LVL,277.568,63.797,76610.607,2296.618,114.695,18148.501,2081.544
3810.000,LVL,277.568,63.797,76610.607,2296.618,114.695,17971.460,2061.239
3811.000,LVL,277.568,63.797,76610.607,2296.618,114.695,17944.884,2058.190
3812.000,LVL,277.568,63.797,76610.607,2296.618,114.695,18115.742,2077.787
3813.000,LVL,277.568,63.797,76610.607,2296.618,114.695,17883.598,2051.161
3814.000,LVL,277.568,63.797,76610.607,2296.618,114.695,17969.154,2060.974
3815.000,LVL,277.568,63.797,76610.607,2296.618,114.695,17987.689,2063.100
3816.000,LVL,277.568,63.797,76610.607,2296.618,114.695,17940.467,2057.684
3817.000,LVL,277.568,63.797,76610.607,2296.618,114.695,17950.346,2058.817
3818.000,LVL,277.568,63.797,76610.607,2296.618,114.695,18352.702,2104.965
3819.000,LVL,277.568,63.797,76610.607,2296.618,114.695,18156.529,2082.465
3820.000,LVL,277.568,63.797,76610.607,2296.618,114.695,17799.331,2041.496
3821.000,LVL,277.568,63.797,76610.607,2296.618,114.695,17776.139,2038.836
3822.000,LVL,277.568,63.797,76610.607,2296.618,114.695,17757.821,2036.735
3823.000,LVL,277.568,63.797,76610.607,2296.618,114.695,17394.496,1995.064
3824.000,LVL,277.568,63.797,76610.607,2296.618,114.695,17523.871,2009.902
3825.000,LVL,277.568,63.797,76610.607,2296.618,114.695,17660.175,2025.536
3826.000,LVL,277.568,63.797,76610.607,2296.618,114.695,17600.278,2018.666
3827.000,LVL,277.568,63.797,76610.607,2296.618,114.695,17619.531,2020.874
3828.000,LVL,277.568,63.797,76610.607,2296.618,114.695,17211.717,1974.100
3829.000,LVL,277.568,63.797,76610.607,2296.618,114.695,17012.919,1951.299
3830.000,LVL,277.568,63.797,76610.607,2296.618,114.695,17180.178,1970.482
3831.000,LVL,277.568,63.797,76610.607,2296.618,114.695,17184.777,1971.010
3832.000,LVL,277.568,63.797,76610.607,2296.618,114.695,16909.877,1939.480
3833.000,LVL,277.568,63.797,76610.607,2296.618,114.695,16698.285,1915.212
3834.000,LVL,277.568,63.797,76610.607,2296.618,114.695,17030.953,1953.367
3835.000,LVL,277.568,63.797,76610.607,2296.618,114.695,16783.182,1924.949
3836.000,LVL,277.568,63.797,76610.607,2296.618,114.695,16563.257,1899.725
3837.000,LVL,277.568,63.797,76610.607,2296.618,114.695,16337.830,1873.869
3838.000,LVL,277.568,63.797,76610.607,2296.618,114.695,16161.534,1853.649
3839.000,LVL,277.568,63.797,76610.607,2296.618,114.695,16090.267,1845.475
3840.000,LVL,277.568,63.797,76610.607,2296.618,114.695,15680.210,1798.443
3841.000,LVL,277.568,63.797,76610.607,2296.618,114.695,15413.737,1767.880
3842.000,LVL,277.568,63.797,76612.675,2296.402,114.700,15005.225,1721.099
3843.000,LVL,277.568,63.797,76618.786,2295.764,114.714,14703.071,1686.654
3844.000,LVL,277.568,63.797,76628.803,2294.718,114.738,14413.373,1653.761
3845.000,LVL,277.568,63.797,76642.586,2293.280,114.770,14377.426,1650.104
3846.000,LVL,277.568,63.797,76659.997,2291.463,114.811,14379.620,1650.945
3847.000,LVL,277.568,63.797,76680.900,2289.282,114.861,14158.642,1626.272
3848.000,LVL,277.568,63.797,76705.156,2286.753,114.918,14178.362,1629.346
3849.000,LVL,277.568,63.797,76732.630,2283.888,114.982,14169.811,1629.280
3850.000,LVL,277.568,63.797,76763.183,2280.703,115.054,14387.065,1655.295
3851.000,LVL,277.568,63.797,76796.680,2277.212,115.133,14566.251,1677.059
3852.000,LVL,277.568,63.797,76832.984,2273.431,115.219,14630.109,1685.660
3853.000,LVL,277.568,63.797,76871.957,2269.373,115.310,14878.917,1715.691
3854.000,LVL,277.568,63.797,76913.464,2265.053,115.408,15107.778,1743.554
3855.000,LVL,277.568,63.797,76957.369,2260.485,115.511,15420.647,1781.252
3856.000,LVL,277.568,63.797,77003.533,2255.685,115.619,15633.956,1807.586
3857.000,LVL,277.568,63.797,77051.821,2250.666,115.733,15387.702,1780.858
3858.000,LVL,277.568,63.797,77102.095,2245.443,115.850,15739.739,1823.455
3859.000,LVL,277.568,63.797,77154.218,2240.032,115.973,15842.865,1837.338
3860.000,LVL,277.568,63.797,77208.054,2234.446,116.099,16073.524,1866.115
3861.000,LVL,277.568,63.797,77263.464,2228.699,116.228,16200.570,1882.967
3862.000,LVL,277.568,63.797,77320.311,2222.807,116.361,16114.911,1875.155
3863.000,LVL,277.568,63.797,77378.457,2216.784,116.497,16239.239,1891.830
3864.000,LVL,277.568,63.797,77437.763,2210.645,116.636,16327.782,1904.408
3865.000,LVL,277.568,63.797,77498.091,2204.404,116.777,16174.184,1888.772
3866.000,LVL,277.568,63.797,77559.303,2198.075,116.920,15930.463,1862.587
3867.000,LVL,277.568,63.797,77621.257,2191.674,117.064,15841.969,1854.529
3868.000,LVL,277.568,63.797,77683.816,2185.214,117.210,15515.765,1818.605
3869.000,LVL,277.568,63.797,77746.839,2178.711,117.357,14876.282,1745.835
3870.000,LVL,277.568,63.797,77810.186,2172.179,117.504,14480.673,1701.543
3871.000,DE,270.994,62.038,77873.715,2165.632,117.652,12868.984,1514.065
3872.000,DE,270.994,62.038,77937.287,2159.085,117.800,12440.577,1465.501
3873.000,DE,270.994,62.038,78000.759,2152.553,117.948,12147.474,1432.764
3874.000,DE,270.994,62.038,78063.990,2146.050,118.094,11634.804,1374.005
3875.000,DE,270.994,62.038,78126.838,2139.590,118.240,11207.181,1325.139
3876.000,DE,270.994,62.038,78189.160,2133.189,118.385,10805.922,1279.256
3877.000,DE,270.994,62.038,78250.812,2126.860,118.528,10346.437,1226.338
3878.000,DE,270.994,62.038,78311.653,2120.619,118.668,9907.336,1175.688
3879.000,DE,270.994,62.038,78371.538,2114.480,118.807,9628.959,1143.988
3880.000,DE,270.994,62.038,78430.323,2108.457,118.943,9411.145,1119.390
3881.000,DE,270.994,62.038,78487.864,2102.565,119.076,9190.272,1094.341
3882.000,DE,270.994,62.038,78544.017,2096.818,119.206,8995.237,1072.284
3883.000,DE,270.994,62.038,78598.636,2091.232,119.332,8761.720,1045.553
3884.000,DE,270.994,62.038,78651.577,2085.820,119.454,8593.123,1026.484
3885.000,DE,270.994,62.038,78702.695,2080.598,119.572,8302.677,992.768
3886.000,DE,270.994,62.038,78751.844,2075.579,119.685,8146.261,974.988
3887.000,DE,270.994,62.038,78798.878,2070.779,119.794,7792.852,933.534
3888.000,DE,270.994,62.038,78843.651,2066.211,119.897,7637.331,915.691
3889.000,DE,270.994,62.038,78886.018,2061.891,119.994,7387.759,886.489
3890.000,DE,270.994,62.038,78925.833,2057.833,120.086,7261.752,872.034
3891.000,DE,270.994,62.038,78962.949,2054.051,120.171,7086.535,851.598
3892.000,DE,270.994,62.038,78997.221,2050.561,120.250,6888.461,828.338
3893.000,DE,270.994,62.038,79028.503,2047.376,120.322,6856.904,825.036
3894.000,DE,270.994,62.038,79056.648,2044.511,120.387,6722.112,809.253
3895.000,DE,270.994,62.038,79081.512,2041.981,120.444,6591.872,793.950
3896.000,DE,270.994,62.038,79102.947,2039.801,120.493,6617.329,797.342
3897.000,DE,270.994,62.038,79120.810,2037.984,120.534,6647.786,801.285
3898.000,DE,270.994,62.038,79134.955,2036.545,120.567,6784.858,818.027
3899.000,DE,270.994,62.038,79145.236,2035.500,120.590,6997.407,843.818
3900.000,DE,270.994,62.038,79151.511,2034.862,120.605,7121.011,858.826
3901.000,DE,270.994,62.038,79153.634,2034.646,120.609,7386.385,890.867
3902.000,DE,270.994,62.038,79239.564,2025.914,120.609,7599.280,916.545
3903.000,DE,270.994,62.038,79325.569,2017.181,120.609,7779.150,938.239
3904.000,DE,270.994,62.038,79411.650,2008.449,120.609,8173.847,985.843
3905.000,DE,270.994,62.038,79497.807,1999.717,120.609,8403.991,1013.600
3906.000,DE,270.994,62.038,79584.039,1990.984,120.609,8641.953,1042.301
3907.000,DE,270.994,62.038,79670.347,1982.252,120.609,8832.080,1065.232
3908.000,DE,270.994,62.038,79756.731,1973.519,120.609,9023.159,1088.278
3909.000,DE,270.994,62.038,79843.190,1964.787,120.609,9132.941,1101.518
3910.000,DE,270.994,62.038,79929.726,1956.055,120.609,9246.348,1115.196
3911.000,DE,270.994,62.038,80016.337,1947.322,120.609,9363.912,1129.376
3912.000,DE,270.994,62.038,80103.024,1938.590,120.609,9417.219,1135.805
3913.000,DE,270.994,62.038,80189.788,1929.857,120.609,9523.921,1148.674
3914.000,DE,270.994,62.038,80276.627,1921.125,120.609,9545.062,1151.224
3915.000,DE,270.994,62.038,80363.543,1912.393,120.609,9549.457,1151.754
3916.000,DE,270.994,62.038,80450.534,1903.660,120.609,9410.687,1135.017
3917.000,DE,270.994,62.038,80537.602,1894.928,120.609,9201.345,1109.769
3918.000,DE,270.994,62.038,80624.747,1886.196,120.609,9116.206,1099.500
3919.000,DE,270.994,62.038,80711.967,1877.463,120.609,8913.678,1075.073
3920.000,DE,270.994,62.038,80799.264,1868.731,120.609,8707.884,1050.253
3921.000,DE,270.994,62.038,80886.638,1859.998,120.609,8515.528,1027.053
3922.000,DE,270.994,62.038,80974.087,1851.266,120.609,8340.131,1005.898
3923.000,DE,270.994,62.038,81061.614,1842.534,120.609,8098.995,976.815
3924.000,DE,270.994,62.038,81149.217,1833.801,120.609,7943.449,958.055
3925.000,DE,270.994,62.038,81236.897,1825.069,120.609,7798.728,940.600
3926.000,DE,270.994,62.038,81324.653,1816.336,120.609,7714.176,930.402
3927.000,DE,270.994,62.038,81412.486,1807.604,120.609,7720.818,931.203
3928.000,DE,270.994,62.038,81500.396,1798.872,120.609,7718.317,930.902
3929.000,DE,270.994,62.038,81588.383,1790.139,120.609,7647.923,922.411
3930.000,DE,270.994,62.038,81676.447,1781.407,120.609,7668.286,924.867
3931.000,DE,270.994,62.038,81764.587,1772.674,120.609,7733.211,932.698
3932.000,DE,270.994,62.038,81852.805,1763.942,120.609,7782.905,938.691
3933.000,DE,270.994,62.038,81941.100,1755.210,120.609,7933.892,956.902
3934.000,DE,270.994,62.038,82029.471,1746.477,120.609,7964.588,960.604
3935.000,DE,270.994,62.038,82117.920,1737.745,120.609,8048.490,970.724
3936.000,DE,270.994,62.038,82206.446,1729.013,120.609,8140.855,981.864
3937.000,DE,270.994,62.038,82295.050,1720.280,120.609,8325.685,1004.156
3938.000,DE,270.994,62.038,82383.731,1711.548,120.609,8325.653,1004.152
3939.000,DE,270.994,62.038,82472.489,1702.815,120.609,8305.917,1001.772
3940.000,DE,270.994,62.038,82561.324,1694.083,120.609,8304.837,1001.641
3941.000,DE,270.994,62.038,82650.237,1685.351,120.609,8145.791,982.459
3942.000,DE,270.994,62.038,82739.228,1676.618,120.609,8110.223,978.169
3943.000,DE,270.994,62.038,82828.296,1667.886,120.609,7987.098,963.319
3944.000,DE,270.994,62.038,82917.442,1659.153,120.609,7856.127,947.523
3945.000,DE,270.994,62.038,83006.665,1650.421,120.609,7743.371,933.923
3946.000,DE,270.994,62.038,83095.966,1641.689,120.609,7519.767,906.954
3947.000,DE,270.994,62.038,83185.345,1632.956,120.609,7361.880,887.912
3948.000,DE,270.994,62.038,83274.802,1624.224,120.609,7245.406,873.864
3949.000,DE,270.994,62.038,83364.336,1615.492,120.609,7075.648,853.390
3950.000,DE,270.994,62.038,83453.949,1606.759,120.609,6947.917,837.984
3951.000,DE,270.994,62.038,83543.639,1598.027,120.609,6885.350,830.438
3952.000,DE,270.994,62.038,83633.408,1589.294,120.609,6969.172,840.548
3953.000,DE,270.994,62.038,83723.254,1580.562,120.609,7049.793,850.271
3954.000,DE,270.994,62.038,83813.179,1571.830,120.609,7155.037,862.965
3955.000,DE,270.994,62.038,83903.182,1563.097,120.609,7285.456,878.694
3956.000,DE,270.994,62.038,83993.263,1554.365,120.609,7461.633,899.943
3957.000,DE,270.994,62.038,84083.423,1545.632,120.609,7561.231,911.955
3958.000,DE,270.994,62.038,84173.661,1536.900,120.609,7746.654,934.319
3959.000,DE,270.994,62.038,84263.977,1528.168,120.609,8008.601,965.912
3960.000,DE,270.994,62.038,84354.372,1519.435,120.609,8145.610,982.437
3961.000,DE,270.994,62.038,84444.845,1510.703,120.609,8414.734,1014.896
3962.000,DE,270.994,62.038,84535.397,1501.971,120.609,8762.635,1056.856
3963.000,DE,270.994,62.038,84626.027,1493.238,120.609,8952.052,1079.702
3964.000,DE,270.994,62.038,84716.736,1484.506,120.609,9149.654,1103.534
3965.000,DE,270.994,62.038,84807.524,1475.773,120.609,9304.441,1122.203
3966.000,DE,270.994,62.038,84898.391,1467.041,120.609,9571.927,1154.464
3967.000,DE,270.994,62.038,84989.336,1458.309,120.609,9653.277,1164.276
3968.000,DE,270.994,62.038,85080.360,1449.576,120.609,9764.428,1177.682
3969.000,DE,270.994,62.038,85171.463,1440.844,120.609,9896.500,1193.611
3970.000,DE,270.994,62.038,85262.645,1432.111,120.609,9967.915,1202.224
3971.000,DE,270.994,62.038,85353.907,1423.379,120.609,10114.383,1219.890
3972.000,DE,270.994,62.038,85445.247,1414.647,120.609,10128.098,1221.544
3973.000,DE,270.994,62.038,85536.666,1405.914,120.609,10245.006,1235.644
3974.000,DE,270.994,62.038,85628.165,1397.182,120.609,10326.524,1245.476
3975.000,DE,270.994,62.038,85719.742,1388.449,120.609,10294.867,1241.658
3976.000,DE,270.994,62.038,85811.400,1379.717,120.609,10212.558,1231.730
3977.000,DE,270.994,62.038,85903.136,1370.985,120.609,10378.189,1251.707
3978.000,DE,270.994,62.038,85994.952,1362.252,120.609,10422.395,1257.039
3979.000,DE,270.994,62.038,86086.847,1353.520,120.609,10251.803,1236.464
3980.000,DE,270.994,62.038,86178.822,1344.788,120.609,10047.504,1211.823
3981.000,DE,270.994,62.038,86270.876,1336.055,120.609,9946.405,1199.630
3982.000,DE,270.994,62.038,86363.010,1327.323,120.609,9751.691,1176.146
3983.000,DE,270.994,62.038,86455.224,1318.590,120.609,9698.894,1169.778
3984.000,DE,270.994,62.038,86547.517,1309.858,120.609,9636.909,1162.302
3985.000,DE,270.994,62.038,86639.890,1301.126,120.609,9531.585,1149.599
3986.000,DE,270.994,62.038,86732.343,1292.393,120.609,9566.507,1153.811
3987.000,DE,270.994,62.038,86824.876,1283.661,120.609,9665.176,1165.711
3988.000,DE,270.994,62.038,86917.488,1274.928,120.609,9660.498,1165.147
3989.000,DE,270.994,62.038,87010.181,1266.196,120.609,9804.357,1182.498
3990.000,DE,270.994,62.038,87102.954,1257.464,120.609,9819.226,1184.291
3991.000,DE,270.994,62.038,87195.806,1248.731,120.609,10120.250,1220.597
3992.000,DE,270.994,62.038,87288.739,1239.999,120.609,10146.232,1223.731
3993.000,DE,270.994,62.038,87381.752,1231.267,120.609,10275.463,1239.317
3994.000,DE,270.994,62.038,87474.846,1222.534,120.609,10462.348,1261.857
3995.000,DE,270.994,62.038,87568.019,1213.802,120.609,10621.628,1281.068
3996.000,DE,270.994,62.038,87661.273,1205.069,120.609,10772.423,1299.255
3997.000,DE,270.994,62.038,87754.607,1196.337,120.609,10931.957,1318.497
3998.000,DE,270.994,62.038,87848.022,1187.605,120.609,11237.469,1355.344
3999.000,DE,270.994,62.038,87941.518,1178.872,120.609,11463.219,1382.572
4000.000,DE,270.994,62.038,88035.093,1170.140,120.609,11701.603,1411.323
4001.000,DE,270.994,62.038,88128.750,1161.407,120.609,11907.069,1436.104
4002.000,DE,270.994,62.038,88222.487,1152.675,120.609,12097.398,1459.060
4003.000,DE,270.994,62.038,88316.305,1143.943,120.609,12356.439,1490.303
4004.000,DE,270.994,62.038,88410.203,1135.210,120.609,12519.750,1509.999
4005.000,DE,270.994,62.038,88504.183,1126.478,120.609,12684.182,1529.831
4006.000,DE,270.994,62.038,88598.243,1117.745,120.609,12788.039,1542.358
4007.000,DE,270.994,62.038,88692.384,1109.013,120.609,12951.974,1562.130
4008.000,DE,270.994,62.038,88786.607,1100.281,120.609,13052.344,1574.235
4009.000,DE,270.994,62.038,88880.910,1091.548,120.609,13129.523,1583.544
4010.000,DE,270.994,62.038,88975.294,1082.816,120.609,13081.090,1577.702
4011.000,DE,270.994,62.038,89069.760,1074.084,120.609,13155.851,1586.719
4012.000,DE,270.994,62.038,89164.307,1065.351,120.609,13023.815,1570.794
4013.000,DE,270.994,62.038,89258.934,1056.619,120.609,12918.099,1558.044
4014.000,DE,270.994,62.038,89353.644,1047.886,120.609,12849.763,1549.802
4015.000,DE,270.994,62.038,89448.434,1039.154,120.609,12791.233,1542.743
4016.000,DE,270.994,62.038,89543.306,1030.422,120.609,12582.223,1517.534
4017.000,DE,270.994,62.038,89638.260,1021.689,120.609,12385.501,1493.808
4018.000,DE,270.994,62.038,89733.295,1012.957,120.609,12239.655,1476.217
4019.000,DE,270.994,62.038,89828.411,1004.224,120.609,12134.147,1463.492
4020.000,DE,270.994,62.038,89923.610,995.492,120.609,11953.665,1441.724
4021.000,DE,270.994,62.038,90018.889,986.760,120.609,11717.859,1413.284
4022.000,DE,270.994,62.038,90114.251,978.027,120.609,11344.210,1368.218
4023.000,DE,270.994,62.038,90209.694,969.295,120.609,11002.485,1327.003
4024.000,DE,270.994,62.038,90305.220,960.563,120.609,10718.009,1292.693
4025.000,DE,270.994,62.038,90400.827,951.830,120.609,10457.392,1261.260
4026.000,DE,270.994,62.038,90496.516,943.098,120.609,10225.827,1233.331
4027.000,DE,270.994,62.038,90592.287,934.365,120.609,9989.521,1204.830
4028.000,DE,270.994,62.038,90688.140,925.633,120.609,9645.551,1163.344
4029.000,DE,270.994,62.038,90784.075,916.901,120.609,9379.058,1131.202
4030.000,DE,270.994,62.038,90880.092,908.168,120.609,9046.292,1091.068
4031.000,DE,270.994,62.038,90976.192,899.436,120.609,8715.985,1051.230
4032.000,DE,270.994,62.038,91072.374,890.703,120.609,8511.346,1026.548
4033.000,DE,270.994,62.038,91168.638,881.971,120.609,8418.893,1015.398
4034.000,DE,270.994,62.038,91264.985,873.239,120.609,8371.040,1009.626
4035.000,DE,270.994,62.038,91361.414,864.506,120.609,8412.439,1014.619
4036.000,DE,270.994,62.038,91457.925,855.774,120.609,8411.360,1014.489
4037.000,DE,270.994,62.038,91554.519,847.042,120.609,8524.361,1028.118
4038.000,DE,270.994,62.038,91651.196,838.309,120.609,8701.977,1049.540
4039.000,DE,270.994,62.038,91747.955,829.577,120.609,8747.834,1055.071
4040.000,DE,270.994,62.038,91844.797,820.844,120.609,8887.282,1071.890
4041.000,DE,270.994,62.038,91941.721,812.112,120.609,8929.264,1076.953
4042.000,DE,270.994,62.038,92038.729,803.380,120.609,9002.519,1085.788
4043.000,DE,270.994,62.038,92135.819,794.647,120.609,9118.262,1099.748
4044.000,DE,270.994,62.038,92232.993,785.915,120.609,9230.162,1113.244
4045.000,DE,270.994,62.038,92330.249,777.182,120.609,9209.970,1110.809
4046.000,DE,270.994,62.038,92427.588,768.450,120.609,9261.936,1117.077
4047.000,DE,270.994,62.038,92525.010,759.718,120.609,9310.618,1122.948
4048.000,DE,270.994,62.038,92622.516,750.985,120.609,9274.557,1118.599
4049.000,DE,270.994,62.038,92720.105,742.253,120.609,9250.746,1115.727
4050.000,DE,270.994,62.038,92817.777,733.520,120.609,9177.882,1106.939
4051.000,DE,270.994,62.038,92915.532,724.788,120.609,9118.992,1099.836
4052.000,DE,270.994,62.038,93013.370,716.056,120.609,9177.205,1106.857
4053.000,DE,270.994,62.038,93111.292,707.323,120.609,9192.079,1108.651
4054.000,DE,270.994,62.038,93209.298,698.591,120.609,9183.490,1107.615
4055.000,DE,270.994,62.038,93307.387,689.859,120.609,9168.865,1105.851
4056.000,DE,270.994,62.038,93405.559,681.126,120.609,9339.870,1126.476
4057.000,DE,270.994,62.038,93503.815,672.394,120.609,9268.655,1117.887
4058.000,DE,270.994,62.038,93602.155,663.661,120.609,9219.830,1111.998
4059.000,DE,270.994,62.038,93700.579,654.929,120.609,9115.095,1099.366
4060.000,DE,270.994,62.038,93799.086,646.197,120.609,8988.450,1084.092
4061.000,DE,270.994,62.038,93897.677,637.464,120.609,8855.274,1068.029
4062.000,DE,270.994,62.038,93996.352,628.732,120.609,8683.299,1047.287
4063.000,DE,270.994,62.038,94095.111,619.999,120.609,8602.365,1037.526
4064.000,DE,270.994,62.038,94193.954,611.267,120.609,8530.262,1028.830
4065.000,DE,270.994,62.038,94292.881,602.535,120.609,8348.717,1006.934
4066.000,DE,270.994,62.038,94391.892,593.802,120.609,8196.527,988.578
4067.000,DE,270.994,62.038,94490.988,585.070,120.609,8217.256,991.078
4068.000,DE,270.994,62.038,94590.167,576.338,120.609,8276.911,998.273
4069.000,DE,270.994,62.038,94689.431,567.605,120.609,8203.592,989.430
4070.000,DE,270.994,62.038,94788.779,558.873,120.609,8266.506,997.018
4071.000,DE,270.994,62.038,94888.212,550.140,120.609,8327.759,1004.406
4072.000,DE,270.994,62.038,94987.729,541.408,120.609,8521.410,1027.762
4073.000,DE,270.994,62.038,95087.330,532.676,120.609,8468.056,1021.327
4074.000,DE,270.994,62.038,95187.017,523.943,120.609,8417.282,1015.203
4075.000,DE,270.994,62.038,95286.787,515.211,120.609,8442.534,1018.249
4076.000,DE,270.994,62.038,95386.643,506.478,120.609,8352.572,1007.399
4077.000,DE,270.994,62.038,95486.583,497.746,120.609,8394.081,1012.405
4078.000,DE,270.994,62.038,95586.607,489.014,120.609,8375.504,1010.164
4079.000,DE,270.994,62.038,95686.717,480.281,120.609,8329.294,1004.591
4080.000,DE,270.994,62.038,95786.912,471.549,120.609,8367.149,1009.157
4081.000,DE,270.994,62.038,95887.191,462.816,120.609,8348.604,1006.920
4082.000,DE,270.994,62.038,95987.555,454.084,120.609,8349.667,1007.048
4083.000,DE,270.994,62.038,96088.005,445.352,120.609,8325.446,1004.127
4084.000,DE,270.994,62.038,96188.540,436.619,120.609,8313.143,1002.643
4085.000,DE,270.994,62.038,96289.159,427.887,120.609,8328.372,1004.480
4086.000,DE,270.994,62.038,96389.864,419.155,120.609,8341.645,1006.081
4087.000,DE,270.994,62.038,96490.655,410.422,120.609,8392.349,1012.196
4088.000,DE,270.994,62.038,96591.530,401.690,120.609,8348.018,1006.849
4089.000,DE,270.994,62.038,96692.491,392.957,120.609,8404.087,1013.612
4090.000,DE,270.994,62.038,96793.537,384.225,120.609,8470.146,1021.579
4091.000,DE,270.994,62.038,96894.669,375.493,120.609,8536.773,1029.615
4092.000,DE,270.994,62.038,96995.887,366.760,120.609,8600.196,1037.264
4093.000,DE,270.994,62.038,97097.190,358.028,120.609,8645.413,1042.718
4094.000,DE,270.994,62.038,97198.578,349.295,120.609,8721.197,1051.858
4095.000,DE,270.994,62.038,97300.053,340.563,120.609,8870.117,1069.819
4096.000,DE,270.994,62.038,97401.613,331.831,120.609,8945.210,1078.876
4097.000,DE,270.994,62.038,97503.259,323.098,120.609,8957.869,1080.403
4098.000,DE,270.994,62.038,97604.991,314.366,120.609,8961.058,1080.788
4099.000,DE,270.994,62.038,97706.808,305.634,120.609,8938.994,1078.127
4100.000,DE,270.994,62.038,97808.712,296.901,120.609,8885.284,1071.649
4101.000,DE,270.994,62.038,97910.702,288.169,120.609,8735.901,1053.632
4102.000,DE,270.994,62.038,98012.778,279.436,120.609,8676.611,1046.481
4103.000,DE,270.994,62.038,98114.940,270.704,120.609,8623.204,1040.039
4104.000,DE,270.994,62.038,98217.188,261.972,120.609,8479.935,1022.760
4105.000,DE,270.994,62.038,98319.523,253.239,120.609,8241.356,993.985
4106.000,DE,270.994,62.038,98421.943,244.507,120.609,8159.255,984.083
4107.000,DE,270.994,62.038,98524.451,235.774,120.609,8180.715,986.671
4108.000,DE,270.994,62.038,98627.044,227.042,120.609,8386.082,1011.440
4109.000,DE,270.994,62.038,98729.724,218.310,120.609,8425.314,1016.172
4110.000,DE,270.994,62.038,98832.491,209.577,120.609,8769.499,1057.684
4111.000,DE,270.994,62.038,98935.344,200.845,120.609,9003.900,1085.955
4112.000,DE,270.994,62.038,99038.284,192.113,120.609,9304.304,1122.186
4113.000,DE,270.994,62.038,99141.311,183.380,120.609,9784.350,1180.085
4114.000,DE,270.994,62.038,99244.424,174.648,120.609,10128.847,1221.634
4115.000,DE,270.994,62.038,99347.625,165.915,120.609,10562.171,1273.897
4116.000,DE,270.994,62.038,99450.912,157.183,120.609,10839.058,1307.292
4117.000,DE,270.994,62.038,99554.286,148.451,120.609,11096.896,1338.390
4118.000,DE,270.994,62.038,99657.747,139.718,120.609,11378.324,1372.333
4119.000,DE,270.994,62.038,99761.295,130.986,120.609,11532.539,1390.932
4120.000,DE,270.994,62.038,99864.930,122.253,120.609,11763.676,1418.810
4121.000,DE,270.994,62.038,99968.652,113.521,120.609,11933.230,1439.260
4122.000,DE,270.994,62.038,100072.462,104.789,120.609,12080.309,1456.999
4123.000,DE,270.994,62.038,100176.359,96.056,120.609,12144.106,1464.693
4124.000,DE,270.994,62.038,100280.343,87.324,120.609,12217.483,1473.543
4125.000,DE,270.994,62.038,100384.415,78.591,120.609,12309.310,1484.618
4126.000,DE,270.994,62.038,100488.574,69.859,120.609,12217.380,1473.531
4127.000,DE,270.994,62.038,100592.820,61.127,120.609,12163.362,1467.016
4128.000,DE,270.994,62.038,100697.154,52.394,120.609,12077.715,1456.686
4129.000,DE,270.994,62.038,100801.576,43.662,120.609,12210.764,1472.733
4130.000,DE,270.994,62.038,100906.085,34.930,120.609,12067.519,1455.456
4131.000,DE,270.994,62.038,101010.682,26.197,120.609,12085.294,1457.600
4132.000,DE,270.994,62.038,101115.367,17.465,120.609,12098.558,1459.200
4133.000,DE,270.994,62.038,101220.139,8.732,120.609,12163.184,1466.994
4134.000,DE,270.994,62.038,101325.000,0.000,120.609,12111.008,1460.701
