time_s,phase,ambient_temperature_K,relative_humidity_pct,pressure_Pa,altitude_m,tas_ms,thrust_N,propulsive_power_kW
0.000,TO,282.859,51.016,101325.000,0.000,92.141,29158.536,2686.702
1.000,TO,282.859,51.016,100947.123,31.503,92.141,29158.536,2686.702
2.000,TO,282.859,51.016,100570.388,63.005,92.141,29158.536,2686.702
3.000,TO,282.859,51.016,100194.792,94.508,92.141,29158.536,2686.702
4.000,TO,282.859,51.016,99820.332,126.010,92.141,29158.536,2686.702
5.000,TO,282.859,51.016,99447.007,157.513,92.141,29158.536,2686.702
6.000,TO,282.859,51.016,99074.813,189.016,92.141,29158.536,2686.702
7.000,TO,282.859,51.016,98703.748,220.518,92.141,29158.536,2686.702
8.000,TO,282.859,51.016,98333.809,252.021,92.141,29158.536,2686.702
9.000,TO,282.859,51.016,97964.993,283.523,92.141,29158.536,2686.702
10.000,TO,282.859,51.016,97597.299,315.026,92.141,29158.536,2686.702
11.000,TO,282.859,51.016,97230.722,346.529,92.141,29158.536,2686.702
12.000,TO,282.859,51.016,96865.262,378.031,92.141,29158.536,2686.702
13.000,TO,282.859,51.016,96500.914,409.534,92.141,29158.536,2686.702
14.000,TO,282.859,51.016,96137.677,441.036,92.141,29158.536,2686.702
15.000,TO,282.859,51.016,95775.548,472.539,92.141,29158.536,2686.702
16.000,TO,282.859,51.016,95414.524,504.041,92.141,29158.536,2686.702
17.000,TO,282.859,51.016,95054.603,535.544,92.141,29158.536,2686.702
18.000,TO,282.859,51.016,94695.782,567.047,92.141,29158.536,2686.702
19.000,TO,282.859,51.016,94338.059,598.549,92.141,29158.536,2686.702
20.000,TO,282.859,51.016,93981.431,630.052,92.141,29158.536,2686.702
21.000,TO,282.859,51.016,93625.895,661.554,92.141,29158.536,2686.702
22.000,TO,282.859,51.016,93271.449,693.057,92.141,29158.536,2686.702
23.000,TO,282.859,51.016,92918.090,724.560,92.141,29158.536,2686.702
24.000,TO,282.859,51.016,92565.817,756.062,92.141,29158.536,2686.702
25.000,TO,282.859,51.016,92214.625,787.565,92.141,29158.536,2686.702
26.000,TO,282.859,51.016,91864.513,819.067,92.141,29158.536,2686.702
27.000,TO,282.859,51.016,91515.478,850.570,92.141,29158.536,2686.702
28.000,TO,282.859,51.016,91167.518,882.073,92.141,29158.536,2686.702
29.000,TO,282.859,51.016,90820.630,913.575,92.141,29158.536,2686.702
30.000,TO,282.859,51.016,90474.812,945.078,92.141,29158.536,2686.702
31.000,TO,282.859,51.016,90130.060,976.580,92.141,29158.536,2686.702
32.000,TO,282.859,51.016,89786.373,1008.083,92.141,29158.536,2686.702
33.000,TO,282.859,51.016,89443.748,1039.586,92.141,29158.536,2686.702
34.000,TO,282.859,51.016,89102.182,1071.088,92.141,29158.536,2686.702
35.000,TO,282.859,51.016,88761.674,1102.591,92.141,29158.536,2686.702
36.000,TO,282.859,51.016,88422.220,1134.093,92.141,29158.536,2686.702
37.000,TO,282.859,51.016,88083.817,1165.596,92.141,29158.536,2686.702
38.000,TO,282.859,51.016,87746.465,1197.099,92.141,29158.536,2686.702
39.000,TO,282.859,51.016,87410.159,1228.601,92.141,29158.536,2686.702
40.000,TO,282.859,51.016,87074.898,1260.104,92.141,29158.536,2686.702
41.000,TO,282.859,51.016,86740.678,1291.606,92.141,29158.536,2686.702
42.000,TO,282.859,51.016,86726.912,1292.906,92.168,29150.079,2686.702
43.000,TO,282.859,51.016,86686.556,1296.717,92.246,29125.311,2686.702
44.000,TO,282.859,51.016,86621.040,1302.907,92.374,29085.170,2686.702
45.000,TO,282.859,51.016,86531.807,1311.344,92.547,29030.636,2686.702
46.000,TO,282.859,51.016,86420.311,1321.896,92.764,28962.720,2686.702
47.000,TO,282.859,51.016,86288.018,1334.430,93.022,28882.455,2686.702
48.000,TO,282.859,51.016,86136.397,1348.815,93.318,28790.887,2686.702
49.000,TO,282.859,51.016,85966.921,1364.917,93.649,28689.068,2686.702
50.000,TO,282.859,51.016,85781.064,1382.606,94.013,28578.048,2686.702
51.000,TO,282.859,51.016,85580.298,1401.749,94.406,28458.866,2686.702
52.000,TO,282.859,51.016,85366.090,1422.214,94.827,28332.549,2686.702
53.000,TO,282.859,51.016,85139.905,1443.868,95.273,28200.106,2686.702
54.000,TO,282.859,51.016,84903.196,1466.579,95.740,28062.520,2686.702
55.000,TO,282.859,51.016,84657.411,1490.216,96.226,27920.747,2686.702
56.000,TO,282.859,51.016,84403.985,1514.646,96.728,27775.714,2686.702
57.000,TO,282.859,51.016,84144.343,1539.736,97.244,27628.319,2686.702
58.000,TO,282.859,51.016,83879.899,1565.356,97.771,27479.424,2686.702
59.000,TO,282.859,51.016,83612.050,1591.371,98.306,27329.857,2686.702
60.000,TO,282.859,51.016,83342.184,1617.651,98.847,27180.414,2686.702
61.000,CL,273.461,41.388,83071.671,1644.064,99.390,25439.891,2528.476
62.000,CL,273.461,41.388,82801.870,1670.476,99.933,25301.603,2528.476
63.000,CL,273.461,41.388,82534.123,1696.756,100.474,25165.492,2528.476
64.000,CL,273.461,41.388,82269.761,1722.772,101.009,25032.184,2528.476
65.000,CL,273.461,41.388,82010.098,1748.391,101.536,24902.281,2528.476
66.000,CL,273.461,41.388,81756.437,1773.482,102.052,24776.359,2528.476
67.000,CL,273.461,41.388,81510.069,1797.911,102.554,24654.972,2528.476
68.000,CL,273.461,41.388,81272.270,1821.548,103.041,24538.651,2528.476
69.000,CL,273.461,41.388,81044.309,1844.259,103.508,24427.913,2528.476
70.000,CL,273.461,41.388,80827.444,1865.914,103.953,24323.258,2528.476
71.000,CL,273.461,41.388,80622.924,1886.378,104.374,24225.172,2528.476
72.000,CL,273.461,41.388,80431.992,1905.521,104.768,24134.135,2528.476
73.000,CL,273.461,41.388,80255.887,1923.210,105.131,24050.618,2528.476
74.000,CL,273.461,41.388,80095.845,1939.313,105.463,23975.091,2528.476
75.000,CL,273.461,41.388,79953.097,1953.697,105.758,23908.022,2528.476
76.000,CL,273.461,41.388,79828.881,1966.232,106.016,23849.887,2528.476
77.000,CL,273.461,41.388,79724.433,1976.783,106.233,23801.165,2528.476
78.000,CL,273.461,41.388,79640.998,1985.220,106.407,23762.351,2528.476
79.000,CL,273.461,41.388,79579.828,1991.410,106.534,23733.955,2528.476
80.000,CL,273.461,41.388,79542.188,1995.221,106.612,23716.506,2528.476
81.000,CL,273.461,41.388,79529.354,1996.521,106.639,23710.561,2528.476
82.000,CL,273.461,41.388,79476.856,2001.839,106.639,23710.561,2528.476
83.000,CL,273.461,41.388,79424.387,2007.158,106.639,23710.561,2528.476
84.000,CL,273.461,41.388,79371.945,2012.476,106.639,23710.561,2528.476
85.000,CL,273.461,41.388,79319.532,2017.794,106.639,23710.561,2528.476
86.000,CL,273.461,41.388,79267.146,2023.112,106.639,23710.561,2528.476
87.000,CL,273.461,41.388,79214.789,2028.431,106.639,23710.561,2528.476
88.000,CL,273.461,41.388,79162.459,2033.749,106.639,23710.561,2528.476
89.000,CL,273.461,41.388,79110.158,2039.067,106.639,23710.561,2528.476
90.000,CL,273.461,41.388,79057.884,2044.385,106.639,23710.561,2528.476
91.000,CL,273.461,41.388,79005.639,2049.704,106.639,23710.561,2528.476
92.000,CL,273.461,41.388,78953.421,2055.022,106.639,23710.561,2528.476
93.000,CL,273.461,41.388,78901.232,2060.340,106.639,23710.561,2528.476
94.000,CL,273.461,41.388,78849.070,2065.659,106.639,23710.561,2528.476
95.000,CL,273.461,41.388,78796.936,2070.977,106.639,23710.561,2528.476
96.000,CL,273.461,41.388,78744.831,2076.295,106.639,23710.561,2528.476
97.000,CL,273.461,41.388,78692.753,2081.613,106.639,23710.561,2528.476
98.000,CL,273.461,41.388,78640.703,2086.932,106.639,23710.561,2528.476
99.000,CL,273.461,41.388,78588.680,2092.250,106.639,23710.561,2528.476
100.000,CL,273.461,41.388,78536.686,2097.568,106.639,23710.561,2528.476
101.000,CL,273.461,41.388,78484.720,2102.886,106.639,23710.561,2528.476
102.000,CL,273.461,41.388,78432.781,2108.205,106.639,23710.561,2528.476
103.000,CL,273.461,41.388,78380.871,2113.523,106.639,23710.561,2528.476
104.000,CL,273.461,41.388,78328.988,2118.841,106.639,23710.561,2528.476
105.000,CL,273.461,41.388,78277.133,2124.160,106.639,23710.561,2528.476
106.000,CL,273.461,41.388,78225.305,2129.478,106.639,23710.561,2528.476
107.000,CL,273.461,41.388,78173.506,2134.796,106.639,23710.561,2528.476
108.000,CL,273.461,41.388,78121.734,2140.114,106.639,23710.561,2528.476
109.000,CL,273.461,41.388,78069.990,2145.433,106.639,23710.561,2528.476
110.000,CL,273.461,41.388,78018.274,2150.751,106.639,23710.561,2528.476
111.000,CL,273.461,41.388,77966.586,2156.069,106.639,23710.561,2528.476
112.000,CL,273.461,41.388,77914.925,2161.387,106.639,23710.561,2528.476
113.000,CL,273.461,41.388,77863.292,2166.706,106.639,23710.561,2528.476
114.000,CL,273.461,41.388,77811.687,2172.024,106.639,23710.561,2528.476
115.000,CL,273.461,41.388,77760.109,2177.342,106.639,23710.561,2528.476
116.000,CL,273.461,41.388,77708.559,2182.661,106.639,23710.561,2528.476
117.000,CL,273.461,41.388,77657.037,2187.979,106.639,23710.561,2528.476
118.000,CL,273.461,41.388,77605.542,2193.297,106.639,23710.561,2528.476
119.000,CL,273.461,41.388,77554.075,2198.615,106.639,23710.561,2528.476
120.000,CL,273.461,41.388,77502.636,2203.934,106.639,23710.561,2528.476
121.000,CL,273.461,41.388,77451.225,2209.252,106.639,23710.561,2528.476
122.000,CL,273.461,41.388,77399.841,2214.570,106.639,23710.561,2528.476
123.000,CL,273.461,41.388,77348.484,2219.889,106.639,23710.561,2528.476
124.000,CL,273.461,41.388,77297.155,2225.207,106.639,23710.561,2528.476
125.000,CL,273.461,41.388,77245.854,2230.525,106.639,23710.561,2528.476
126.000,CL,273.461,41.388,77194.580,2235.843,106.639,23710.561,2528.476
127.000,CL,273.461,41.388,77143.334,2241.162,106.639,23710.561,2528.476
128.000,CL,273.461,41.388,77092.116,2246.480,106.639,23710.561,2528.476
129.000,CL,273.461,41.388,77040.925,2251.798,106.639,23710.561,2528.476
130.000,CL,273.461,41.388,76989.761,2257.116,106.639,23710.561,2528.476
131.000,CL,273.461,41.388,76938.625,2262.435,106.639,23710.561,2528.476
132.000,CL,273.461,41.388,76887.517,2267.753,106.639,23710.561,2528.476
133.000,CL,273.461,41.388,76836.436,2273.071,106.639,23710.561,2528.476
134.000,CL,273.461,41.388,76785.383,2278.390,106.639,23710.561,2528.476
135.000,CL,273.461,41.388,76734.357,2283.708,106.639,23710.561,2528.476
136.000,CL,273.461,41.388,76683.358,2289.026,106.639,23710.561,2528.476
137.000,CL,273.461,41.388,76632.387,2294.344,106.639,23710.561,2528.476
138.000,CL,273.461,41.388,76581.443,2299.663,106.639,23710.561,2528.476
139.000,CL,273.461,41.388,76530.527,2304.981,106.639,23710.561,2528.476
140.000,CL,273.461,41.388,76479.638,2310.299,106.639,23710.561,2528.476
141.000,CL,273.461,41.388,76428.777,2315.617,106.639,23710.561,2528.476
142.000,CL,273.461,41.388,76377.943,2320.936,106.639,23710.561,2528.476
143.000,CL,273.461,41.388,76327.136,2326.254,106.639,23710.561,2528.476
144.000,CL,273.461,41.388,76276.357,2331.572,106.639,23710.561,2528.476
145.000,CL,273.461,41.388,76225.605,2336.891,106.639,23710.561,2528.476
146.000,CL,273.461,41.388,76174.880,2342.209,106.639,23710.561,2528.476
147.000,CL,273.461,41.388,76124.183,2347.527,106.639,23710.561,2528.476
148.000,CL,273.461,41.388,76073.513,2352.845,106.639,23710.561,2528.476
149.000,CL,273.461,41.388,76022.871,2358.164,106.639,23710.561,2528.476
150.000,CL,273.461,41.388,75972.255,2363.482,106.639,23710.561,2528.476
151.000,CL,273.461,41.388,75921.667,2368.800,106.639,23710.561,2528.476
152.000,CL,273.461,41.388,75871.107,2374.118,106.639,23710.561,2528.476
153.000,CL,273.461,41.388,75820.573,2379.437,106.639,23710.561,2528.476
154.000,CL,273.461,41.388,75770.067,2384.755,106.639,23710.561,2528.476
155.000,CL,273.461,41.388,75719.588,2390.073,106.639,23710.561,2528.476
156.000,CL,273.461,41.388,75669.137,2395.392,106.639,23710.561,2528.476
157.000,CL,273.461,41.388,75618.712,2400.710,106.639,23710.561,2528.476
158.000,CL,273.461,41.388,75568.315,2406.028,106.639,23710.561,2528.476
159.000,CL,273.461,41.388,75517.945,2411.346,106.639,23710.561,2528.476
160.000,CL,273.461,41.388,75467.602,2416.665,106.639,23710.561,2528.476
161.000,CL,273.461,41.388,75417.286,2421.983,106.639,23710.561,2528.476
162.000,CL,273.461,41.388,75366.998,2427.301,106.639,23710.561,2528.476
163.000,CL,273.461,41.388,75316.736,2432.619,106.639,23710.561,2528.476
164.000,CL,273.461,41.388,75266.502,2437.938,106.639,23710.561,2528.476
165.000,CL,273.461,41.388,75216.295,2443.256,106.639,23710.561,2528.476
166.000,CL,273.461,41.388,75166.115,2448.574,106.639,23710.561,2528.476
167.000,CL,273.461,41.388,75115.962,2453.893,106.639,23710.561,2528.476
168.000,CL,273.461,41.388,75065.836,2459.211,106.639,23710.561,2528.476
169.000,CL,273.461,41.388,75015.738,2464.529,106.639,23710.561,2528.476
170.000,CL,273.461,41.388,74965.666,2469.847,106.639,23710.561,2528.476
171.000,CL,273.461,41.388,74915.621,2475.166,106.639,23710.561,2528.476
172.000,CL,273.461,41.388,74865.604,2480.484,106.639,23710.561,2528.476
173.000,CL,273.461,41.388,74815.614,2485.802,106.639,23710.561,2528.476
174.000,CL,273.461,41.388,74765.650,2491.120,106.639,23710.561,2528.476
175.000,CL,273.461,41.388,74715.714,2496.439,106.639,23710.561,2528.476
176.000,CL,273.461,41.388,74665.804,2501.757,106.639,23710.561,2528.476
177.000,CL,273.461,41.388,74615.922,2507.075,106.639,23710.561,2528.476
178.000,CL,273.461,41.388,74566.067,2512.394,106.639,23710.561,2528.476
179.000,CL,273.461,41.388,74516.238,2517.712,106.639,23710.561,2528.476
180.000,CL,273.461,41.388,74466.437,2523.030,106.639,23710.561,2528.476
181.000,CL,273.461,41.388,74416.662,2528.348,106.639,23710.561,2528.476
182.000,CL,273.461,41.388,74366.915,2533.667,106.639,23710.561,2528.476
183.000,CL,273.461,41.388,74317.194,2538.985,106.639,23710.561,2528.476
184.000,CL,273.461,41.388,74267.501,2544.303,106.639,23710.561,2528.476
185.000,CL,273.461,41.388,74217.834,2549.621,106.639,23710.561,2528.476
186.000,CL,273.461,41.388,74168.194,2554.940,106.639,23710.561,2528.476
187.000,CL,273.461,41.388,74118.581,2560.258,106.639,23710.561,2528.476
188.000,CL,273.461,41.388,74068.995,2565.576,106.639,23710.561,2528.476
189.000,CL,273.461,41.388,74019.436,2570.895,106.639,23710.561,2528.476
190.000,CL,273.461,41.388,73969.903,2576.213,106.639,23710.561,2528.476
191.000,CL,273.461,41.388,73920.398,2581.531,106.639,23710.561,2528.476
192.000,CL,273.461,41.388,73870.919,2586.849,106.639,23710.561,2528.476
193.000,CL,273.461,41.388,73821.467,2592.168,106.639,23710.561,2528.476
194.000,CL,273.461,41.388,73772.042,2597.486,106.639,23710.561,2528.476
195.000,CL,273.461,41.388,73722.644,2602.804,106.639,23710.561,2528.476
196.000,CL,273.461,41.388,73673.272,2608.122,106.639,23710.561,2528.476
197.000,CL,273.461,41.388,73623.927,2613.441,106.639,23710.561,2528.476
198.000,CL,273.461,41.388,73574.609,2618.759,106.639,23710.561,2528.476
199.000,CL,273.461,41.388,73525.318,2624.077,106.639,23710.561,2528.476
200.000,CL,273.461,41.388,73476.054,2629.396,106.639,23710.561,2528.476
201.000,CL,273.461,41.388,73426.816,2634.714,106.639,23710.561,2528.476
202.000,CL,273.461,41.388,73377.605,2640.032,106.639,23710.561,2528.476
203.000,CL,273.461,41.388,73328.421,2645.350,106.639,23710.561,2528.476
204.000,CL,273.461,41.388,73279.263,2650.669,106.639,23710.561,2528.476
205.000,CL,273.461,41.388,73230.132,2655.987,106.639,23710.561,2528.476
206.000,CL,273.461,41.388,73181.028,2661.305,106.639,23710.561,2528.476
207.000,CL,273.461,41.388,73131.950,2666.623,106.639,23710.561,2528.476
208.000,CL,273.461,41.388,73082.900,2671.942,106.639,23710.561,2528.476
209.000,CL,273.461,41.388,73033.875,2677.260,106.639,23710.561,2528.476
210.000,CL,273.461,41.388,72984.878,2682.578,106.639,23710.561,2528.476
211.000,CL,273.461,41.388,72935.907,2687.897,106.639,23710.561,2528.476
212.000,CL,273.461,41.388,72886.962,2693.215,106.639,23710.561,2528.476
213.000,CL,273.461,41.388,72838.044,2698.533,106.639,23710.561,2528.476
214.000,CL,273.461,41.388,72789.153,2703.851,106.639,23710.561,2528.476
215.000,CL,273.461,41.388,72740.289,2709.170,106.639,23710.561,2528.476
216.000,CL,273.461,41.388,72691.450,2714.488,106.639,23710.561,2528.476
217.000,CL,273.461,41.388,72642.639,2719.806,106.639,23710.561,2528.476
218.000,CL,273.461,41.388,72593.854,2725.124,106.639,23710.561,2528.476
219.000,CL,273.461,41.388,72545.096,2730.443,106.639,23710.561,2528.476
220.000,CL,273.461,41.388,72496.364,2735.761,106.639,23710.561,2528.476
221.000,CL,273.461,41.388,72447.658,2741.079,106.639,23710.561,2528.476
222.000,CL,273.461,41.388,72398.979,2746.398,106.639,23710.561,2528.476
223.000,CL,273.461,41.388,72350.327,2751.716,106.639,23710.561,2528.476
224.000,CL,273.461,41.388,72301.701,2757.034,106.639,23710.561,2528.476
225.000,CL,273.461,41.388,72253.101,2762.352,106.639,23710.561,2528.476
226.000,CL,273.461,41.388,72204.528,2767.671,106.639,23710.561,2528.476
227.000,CL,273.461,41.388,72155.982,2772.989,106.639,23710.561,2528.476
228.000,CL,273.461,41.388,72107.462,2778.307,106.639,23710.561,2528.476
229.000,CL,273.461,41.388,72058.968,2783.625,106.639,23710.561,2528.476
230.000,CL,273.461,41.388,72010.501,2788.944,106.639,23710.561,2528.476
231.000,CL,273.461,41.388,71962.060,2794.262,106.639,23710.561,2528.476
232.000,CL,273.461,41.388,71913.645,2799.580,106.639,23710.561,2528.476
233.000,CL,273.461,41.388,71865.257,2804.899,106.639,23710.561,2528.476
234.000,CL,273.461,41.388,71816.895,2810.217,106.639,23710.561,2528.476
235.000,CL,273.461,41.388,71768.560,2815.535,106.639,23710.561,2528.476
236.000,CL,273.461,41.388,71720.251,2820.853,106.639,23710.561,2528.476
237.000,CL,273.461,41.388,71671.968,2826.172,106.639,23710.561,2528.476
238.000,CL,273.461,41.388,71623.712,2831.490,106.639,23710.561,2528.476
239.000,CL,273.461,41.388,71575.481,2836.808,106.639,23710.561,2528.476
240.000,CL,273.461,41.388,71527.278,2842.126,106.639,23710.561,2528.476
241.000,CL,273.461,41.388,71479.100,2847.445,106.639,23710.561,2528.476
242.000,CL,273.461,41.388,71430.949,2852.763,106.639,23710.561,2528.476
243.000,CL,273.461,41.388,71382.824,2858.081,106.639,23710.561,2528.476
244.000,CL,273.461,41.388,71334.725,2863.400,106.639,23710.561,2528.476
245.000,CL,273.461,41.388,71286.653,2868.718,106.639,23710.561,2528.476
246.000,CL,273.461,41.388,71238.607,2874.036,106.639,23710.561,2528.476
247.000,CL,273.461,41.388,71190.587,2879.354,106.639,23710.561,2528.476
248.000,CL,273.461,41.388,71142.593,2884.673,106.639,23710.561,2528.476
249.000,CL,273.461,41.388,71094.625,2889.991,106.639,23710.561,2528.476
250.000,CL,273.461,41.388,71046.684,2895.309,106.639,23710.561,2528.476
251.000,CL,273.461,41.388,70998.769,2900.627,106.639,23710.561,2528.476
252.000,CL,273.461,41.388,70950.879,2905.946,106.639,23710.561,2528.476
253.000,CL,273.461,41.388,70903.017,2911.264,106.639,23710.561,2528.476
254.000,CL,273.461,41.388,70855.180,2916.582,106.639,23710.561,2528.476
255.000,CL,273.461,41.388,70807.369,2921.901,106.639,23710.561,2528.476
256.000,CL,273.461,41.388,70759.585,2927.219,106.639,23710.561,2528.476
257.000,CL,273.461,41.388,70711.826,2932.537,106.639,23710.561,2528.476
258.000,CL,273.461,41.388,70664.094,2937.855,106.639,23710.561,2528.476
259.000,CL,273.461,41.388,70616.388,2943.174,106.639,23710.561,2528.476
260.000,CL,273.461,41.388,70568.708,2948.492,106.639,23710.561,2528.476
261.000,CL,273.461,41.388,70521.054,2953.810,106.639,23710.561,2528.476
262.000,CL,273.461,41.388,70473.426,2959.128,106.639,23710.561,2528.476
263.000,CL,273.461,41.388,70425.824,2964.447,106.639,23710.561,2528.476
264.000,CL,273.461,41.388,70378.248,2969.765,106.639,23710.561,2528.476
265.000,CL,273.461,41.388,70330.698,2975.083,106.639,23710.561,2528.476
266.000,CL,273.461,41.388,70283.175,2980.402,106.639,23710.561,2528.476
267.000,CL,273.461,41.388,70235.677,2985.720,106.639,23710.561,2528.476
268.000,CL,273.461,41.388,70188.205,2991.038,106.639,23710.561,2528.476
269.000,CL,273.461,41.388,70140.759,2996.356,106.639,23710.561,2528.476
270.000,CL,273.461,41.388,70093.339,3001.675,106.639,23710.561,2528.476
271.000,CL,273.461,41.388,70045.945,3006.993,106.639,23710.561,2528.476
272.000,CL,273.461,41.388,69998.577,3012.311,106.639,23710.561,2528.476
273.000,CL,273.461,41.388,69951.235,3017.629,106.639,23710.561,2528.476
274.000,CL,273.461,41.388,69903.919,3022.948,106.639,23710.561,2528.476
275.000,CL,273.461,41.388,69856.629,3028.266,106.639,23710.561,2528.476
276.000,CL,273.461,41.388,69809.365,3033.584,106.639,23710.561,2528.476
277.000,CL,273.461,41.388,69762.127,3038.903,106.639,23710.561,2528.476
278.000,CL,273.461,41.388,69714.914,3044.221,106.639,23710.561,2528.476
279.000,CL,273.461,41.388,69667.728,3049.539,106.639,23710.561,2528.476
280.000,CL,273.461,41.388,69620.567,3054.857,106.639,23710.561,2528.476
281.000,CL,273.461,41.388,69573.432,3060.176,106.639,23710.561,2528.476
282.000,CL,273.461,41.388,69526.323,3065.494,106.639,23710.561,2528.476
283.000,CL,273.461,41.388,69479.240,3070.812,106.639,23710.561,2528.476
284.000,CL,273.461,41.388,69432.183,3076.130,106.639,23710.561,2528.476
285.000,CL,273.461,41.388,69385.151,3081.449,106.639,23710.561,2528.476
286.000,CL,273.461,41.388,69338.145,3086.767,106.639,23710.561,2528.476
287.000,CL,273.461,41.388,69291.165,3092.085,106.639,23710.561,2528.476
288.000,CL,273.461,41.388,69244.211,3097.404,106.639,23710.561,2528.476
289.000,CL,273.461,41.388,69197.283,3102.722,106.639,23710.561,2528.476
290.000,CL,273.461,41.388,69150.380,3108.040,106.639,23710.561,2528.476
291.000,CL,273.461,41.388,69103.503,3113.358,106.639,23710.561,2528.476
292.000,CL,273.461,41.388,69056.652,3118.677,106.639,23710.561,2528.476
293.000,CL,273.461,41.388,69009.826,3123.995,106.639,23710.561,2528.476
294.000,CL,273.461,41.388,68963.027,3129.313,106.639,23710.561,2528.476
295.000,CL,273.461,41.388,68916.253,3134.631,106.639,23710.561,2528.476
296.000,CL,273.461,41.388,68869.504,3139.950,106.639,23710.561,2528.476
297.000,CL,273.461,41.388,68822.782,3145.268,106.639,23710.561,2528.476
298.000,CL,273.461,41.388,68776.085,3150.586,106.639,23710.561,2528.476
299.000,CL,273.461,41.388,68729.413,3155.905,106.639,23710.561,2528.476
300.000,CL,273.461,41.388,68682.768,3161.223,106.639,23710.561,2528.476
301.000,CL,273.461,41.388,68636.148,3166.541,106.639,23710.561,2528.476
302.000,CL,273.461,41.388,68589.553,3171.859,106.639,23710.561,2528.476
303.000,CL,273.461,41.388,68542.984,3177.178,106.639,23710.561,2528.476
304.000,CL,273.461,41.388,68496.441,3182.496,106.639,23710.561,2528.476
305.000,CL,273.461,41.388,68449.924,3187.814,106.639,23710.561,2528.476
306.000,CL,273.461,41.388,68403.432,3193.132,106.639,23710.561,2528.476
307.000,CL,273.461,41.388,68356.965,3198.451,106.639,23710.561,2528.476
308.000,CL,273.461,41.388,68310.524,3203.769,106.639,23710.561,2528.476
309.000,CL,273.461,41.388,68264.109,3209.087,106.639,23710.561,2528.476
310.000,CL,273.461,41.388,68217.719,3214.406,106.639,23710.561,2528.476
311.000,CL,273.461,41.388,68171.355,3219.724,106.639,23710.561,2528.476
312.000,CL,273.461,41.388,68125.016,3225.042,106.639,23710.561,2528.476
313.000,CL,273.461,41.388,68078.703,3230.360,106.639,23710.561,2528.476
314.000,CL,273.461,41.388,68032.415,3235.679,106.639,23710.561,2528.476
315.000,CL,273.461,41.388,67986.153,3240.997,106.639,23710.561,2528.476
316.000,CL,273.461,41.388,67939.916,3246.315,106.639,23710.561,2528.476
317.000,CL,273.461,41.388,67893.705,3251.633,106.639,23710.561,2528.476
318.000,CL,273.461,41.388,67847.519,3256.952,106.639,23710.561,2528.476
319.000,CL,273.461,41.388,67801.359,3262.270,106.639,23710.561,2528.476
320.000,CL,273.461,41.388,67755.224,3267.588,106.639,23710.561,2528.476
321.000,CL,273.461,41.388,67709.114,3272.907,106.639,23710.561,2528.476
322.000,CL,273.461,41.388,67663.030,3278.225,106.639,23710.561,2528.476
323.000,CL,273.461,41.388,67616.971,3283.543,106.639,23710.561,2528.476
324.000,CL,273.461,41.388,67570.938,3288.861,106.639,23710.561,2528.476
325.000,CL,273.461,41.388,67524.930,3294.180,106.639,23710.561,2528.476
326.000,CL,273.461,41.388,67478.947,3299.498,106.639,23710.561,2528.476
327.000,CL,273.461,41.388,67432.990,3304.816,106.639,23710.561,2528.476
328.000,CL,273.461,41.388,67387.058,3310.134,106.639,23710.561,2528.476
329.000,CL,273.461,41.388,67341.151,3315.453,106.639,23710.561,2528.476
330.000,CL,273.461,41.388,67295.270,3320.771,106.639,23710.561,2528.476
331.000,CL,273.461,41.388,67249.414,3326.089,106.639,23710.561,2528.476
332.000,CL,273.461,41.388,67203.584,3331.408,106.639,23710.561,2528.476
333.000,CL,273.461,41.388,67157.778,3336.726,106.639,23710.561,2528.476
334.000,CL,273.461,41.388,67111.998,3342.044,106.639,23710.561,2528.476
335.000,CL,273.461,41.388,67066.244,3347.362,106.639,23710.561,2528.476
336.000,CL,273.461,41.388,67020.514,3352.681,106.639,23710.561,2528.476
337.000,CL,273.461,41.388,66974.810,3357.999,106.639,23710.561,2528.476
338.000,CL,273.461,41.388,66929.131,3363.317,106.639,23710.561,2528.476
339.000,CL,273.461,41.388,66883.477,3368.635,106.639,23710.561,2528.476
340.000,CL,273.461,41.388,66837.849,3373.954,106.639,23710.561,2528.476
341.000,CL,273.461,41.388,66792.245,3379.272,106.639,23710.561,2528.476
342.000,CL,273.461,41.388,66746.667,3384.590,106.639,23710.561,2528.476
343.000,CL,273.461,41.388,66701.114,3389.909,106.639,23710.561,2528.476
344.000,CL,273.461,41.388,66655.586,3395.227,106.639,23710.561,2528.476
345.000,CL,273.461,41.388,66610.084,3400.545,106.639,23710.561,2528.476
346.000,CL,273.461,41.388,66564.606,3405.863,106.639,23710.561,2528.476
347.000,CL,273.461,41.388,66519.154,3411.182,106.639,23710.561,2528.476
348.000,CL,273.461,41.388,66473.727,3416.500,106.639,23710.561,2528.476
349.000,CL,273.461,41.388,66428.325,3421.818,106.639,23710.561,2528.476
350.000,CL,273.461,41.388,66382.948,3427.136,106.639,23710.561,2528.476
351.000,CL,273.461,41.388,66337.596,3432.455,106.639,23710.561,2528.476
352.000,CL,273.461,41.388,66292.269,3437.773,106.639,23710.561,2528.476
353.000,CL,273.461,41.388,66246.968,3443.091,106.639,23710.561,2528.476
354.000,CL,273.461,41.388,66201.691,3448.410,106.639,23710.561,2528.476
355.000,CL,273.461,41.388,66156.439,3453.728,106.639,23710.561,2528.476
356.000,CL,273.461,41.388,66111.213,3459.046,106.639,23710.561,2528.476
357.000,CL,273.461,41.388,66066.011,3464.364,106.639,23710.561,2528.476
358.000,CL,273.461,41.388,66020.835,3469.683,106.639,23710.561,2528.476
359.000,CL,273.461,41.388,65975.684,3475.001,106.639,23710.561,2528.476
360.000,CL,273.461,41.388,65930.557,3480.319,106.639,23710.561,2528.476
361.000,CL,273.461,41.388,65885.456,3485.638,106.639,23710.561,2528.476
362.000,CL,273.461,41.388,65840.379,3490.956,106.639,23710.561,2528.476
363.000,CL,273.461,41.388,65795.328,3496.274,106.639,23710.561,2528.476
364.000,CL,273.461,41.388,65750.302,3501.592,106.639,23710.561,2528.476
365.000,CL,273.461,41.388,65705.300,3506.911,106.639,23710.561,2528.476
366.000,CL,273.461,41.388,65660.323,3512.229,106.639,23710.561,2528.476
367.000,CL,273.461,41.388,65615.372,3517.547,106.639,23710.561,2528.476
368.000,CL,273.461,41.388,65570.445,3522.865,106.639,23710.561,2528.476
369.000,CL,273.461,41.388,65525.543,3528.184,106.639,23710.561,2528.476
370.000,CL,273.461,41.388,65480.666,3533.502,106.639,23710.561,2528.476
371.000,CL,273.461,41.388,65435.814,3538.820,106.639,23710.561,2528.476
372.000,CL,273.461,41.388,65390.987,3544.139,106.639,23710.561,2528.476
373.000,CL,273.461,41.388,65346.185,3549.457,106.639,23710.561,2528.476
374.000,CL,273.461,41.388,65301.408,3554.775,106.639,23710.561,2528.476
375.000,CL,273.461,41.388,65256.655,3560.093,106.639,23710.561,2528.476
376.000,CL,273.461,41.388,65211.927,3565.412,106.639,23710.561,2528.476
377.000,CL,273.461,41.388,65167.224,3570.730,106.639,23710.561,2528.476
378.000,CL,273.461,41.388,65122.546,3576.048,106.639,23710.561,2528.476
379.000,CL,273.461,41.388,65077.893,3581.366,106.639,23710.561,2528.476
380.000,CL,273.461,41.388,65033.265,3586.685,106.639,23710.561,2528.476
381.000,CL,273.461,41.388,64988.661,3592.003,106.639,23710.561,2528.476
382.000,CL,273.461,41.388,64944.082,3597.321,106.639,23710.561,2528.476
383.000,CL,273.461,41.388,64899.528,3602.640,106.639,23710.561,2528.476
384.000,CL,273.461,41.388,64854.998,3607.958,106.639,23710.561,2528.476
385.000,CL,273.461,41.388,64810.494,3613.276,106.639,23710.561,2528.476
386.000,CL,273.461,41.388,64766.014,3618.594,106.639,23710.561,2528.476
387.000,CL,273.461,41.388,64721.559,3623.913,106.639,23710.561,2528.476
388.000,CL,273.461,41.388,64677.128,3629.231,106.639,23710.561,2528.476
389.000,CL,273.461,41.388,64632.722,3634.549,106.639,23710.561,2528.476
390.000,CL,273.461,41.388,64588.341,3639.867,106.639,23710.561,2528.476
391.000,CL,273.461,41.388,64543.985,3645.186,106.639,23710.561,2528.476
392.000,CL,273.461,41.388,64499.653,3650.504,106.639,23710.561,2528.476
393.000,CL,273.461,41.388,64455.346,3655.822,106.639,23710.561,2528.476
394.000,CL,273.461,41.388,64411.064,3661.141,106.639,23710.561,2528.476
395.000,CL,273.461,41.388,64366.806,3666.459,106.639,23710.561,2528.476
396.000,CL,273.461,41.388,64322.573,3671.777,106.639,23710.561,2528.476
397.000,CL,273.461,41.388,64278.364,3677.095,106.639,23710.561,2528.476
398.000,CL,273.461,41.388,64234.180,3682.414,106.639,23710.561,2528.476
399.000,CL,273.461,41.388,64190.021,3687.732,106.639,23710.561,2528.476
400.000,CL,273.461,41.388,64145.886,3693.050,106.639,23710.561,2528.476
401.000,CL,273.461,41.388,64101.776,3698.368,106.639,23710.561,2528.476
402.000,CL,273.461,41.388,64057.690,3703.687,106.639,23710.561,2528.476
403.000,CL,273.461,41.388,64013.629,3709.005,106.639,23710.561,2528.476
404.000,CL,273.461,41.388,63969.593,3714.323,106.639,23710.561,2528.476
405.000,CL,273.461,41.388,63925.581,3719.642,106.639,23710.561,2528.476
406.000,CL,273.461,41.388,63881.593,3724.960,106.639,23710.561,2528.476
407.000,CL,273.461,41.388,63837.630,3730.278,106.639,23710.561,2528.476
408.000,CL,273.461,41.388,63793.692,3735.596,106.639,23710.561,2528.476
409.000,CL,273.461,41.388,63749.778,3740.915,106.639,23710.561,2528.476
410.000,CL,273.461,41.388,63705.888,3746.233,106.639,23710.561,2528.476
411.000,CL,273.461,41.388,63662.023,3751.551,106.639,23710.561,2528.476
412.000,CL,273.461,41.388,63618.183,3756.869,106.639,23710.561,2528.476
413.000,CL,273.461,41.388,63574.367,3762.188,106.639,23710.561,2528.476
414.000,CL,273.461,41.388,63530.575,3767.506,106.639,23710.561,2528.476
415.000,CL,273.461,41.388,63486.808,3772.824,106.639,23710.561,2528.476
416.000,CL,273.461,41.388,63443.065,3778.143,106.639,23710.561,2528.476
417.000,CL,273.461,41.388,63399.346,3783.461,106.639,23710.561,2528.476
418.000,CL,273.461,41.388,63355.652,3788.779,106.639,23710.561,2528.476
419.000,CL,273.461,41.388,63311.983,3794.097,106.639,23710.561,2528.476
420.000,CL,273.461,41.388,63268.338,3799.416,106.639,23710.561,2528.476
421.000,CL,273.461,41.388,63224.717,3804.734,106.639,23710.561,2528.476
422.000,CL,273.461,41.388,63181.120,3810.052,106.639,23710.561,2528.476
423.000,CL,273.461,41.388,63137.548,3815.370,106.639,23710.561,2528.476
424.000,CL,273.461,41.388,63094.000,3820.689,106.639,23710.561,2528.476
425.000,CL,273.461,41.388,63050.477,3826.007,106.639,23710.561,2528.476
426.000,CL,273.461,41.388,63006.977,3831.325,106.639,23710.561,2528.476
427.000,CL,273.461,41.388,62963.503,3836.644,106.639,23710.561,2528.476
428.000,CL,273.461,41.388,62920.052,3841.962,106.639,23710.561,2528.476
429.000,CL,273.461,41.388,62876.626,3847.280,106.639,23710.561,2528.476
430.000,CL,273.461,41.388,62833.224,3852.598,106.639,23710.561,2528.476
431.000,CL,273.461,41.388,62789.846,3857.917,106.639,23710.561,2528.476
432.000,CL,273.461,41.388,62746.492,3863.235,106.639,23710.561,2528.476
433.000,CL,273.461,41.388,62703.163,3868.553,106.639,23710.561,2528.476
434.000,CL,273.461,41.388,62659.858,3873.871,106.639,23710.561,2528.476
435.000,CL,273.461,41.388,62616.577,3879.190,106.639,23710.561,2528.476
436.000,CL,273.461,41.388,62573.320,3884.508,106.639,23710.561,2528.476
437.000,CL,273.461,41.388,62530.088,3889.826,106.639,23710.561,2528.476
438.000,CL,273.461,41.388,62486.880,3895.145,106.639,23710.561,2528.476
439.000,CL,273.461,41.388,62443.696,3900.463,106.639,23710.561,2528.476
440.000,CL,273.461,41.388,62400.536,3905.781,106.639,23710.561,2528.476
441.000,CL,273.461,41.388,62357.400,3911.099,106.639,23710.561,2528.476
442.000,CL,273.461,41.388,62314.288,3916.418,106.639,23710.561,2528.476
443.000,CL,273.461,41.388,62271.201,3921.736,106.639,23710.561,2528.476
444.000,CL,273.461,41.388,62228.138,3927.054,106.639,23710.561,2528.476
445.000,CL,273.461,41.388,62185.098,3932.372,106.639,23710.561,2528.476
446.000,CL,273.461,41.388,62142.083,3937.691,106.639,23710.561,2528.476
447.000,CL,273.461,41.388,62099.092,3943.009,106.639,23710.561,2528.476
448.000,CL,273.461,41.388,62056.125,3948.327,106.639,23710.561,2528.476
449.000,CL,273.461,41.388,62013.183,3953.646,106.639,23710.561,2528.476
450.000,CL,273.461,41.388,61970.264,3958.964,106.639,23710.561,2528.476
451.000,CL,273.461,41.388,61927.369,3964.282,106.639,23710.561,2528.476
452.000,CL,273.461,41.388,61884.498,3969.600,106.639,23710.561,2528.476
453.000,CL,273.461,41.388,61841.652,3974.919,106.639,23710.561,2528.476
454.000,CL,273.461,41.388,61798.829,3980.237,106.639,23710.561,2528.476
455.000,CL,273.461,41.388,61756.030,3985.555,106.639,23710.561,2528.476
456.000,CL,273.461,41.388,61713.256,3990.873,106.639,23710.561,2528.476
457.000,CL,273.461,41.388,61670.505,3996.192,106.639,23710.561,2528.476
458.000,CL,273.461,41.388,61627.779,4001.510,106.639,23710.561,2528.476
459.000,CL,273.461,41.388,61585.076,4006.828,106.639,23710.561,2528.476
460.000,CL,273.461,41.388,61542.397,4012.147,106.639,23710.561,2528.476
461.000,CL,273.461,41.388,61499.743,4017.465,106.639,23710.561,2528.476
462.000,CL,273.461,41.388,61457.112,4022.783,106.639,23710.561,2528.476
463.000,CL,273.461,41.388,61414.505,4028.101,106.639,23710.561,2528.476
464.000,CL,273.461,41.388,61371.922,4033.420,106.639,23710.561,2528.476
465.000,CL,273.461,41.388,61329.363,4038.738,106.639,23710.561,2528.476
466.000,CL,273.461,41.388,61286.828,4044.056,106.639,23710.561,2528.476
467.000,CL,273.461,41.388,61244.317,4049.374,106.639,23710.561,2528.476
468.000,CL,273.461,41.388,61201.829,4054.693,106.639,23710.561,2528.476
469.000,CL,273.461,41.388,61159.366,4060.011,106.639,23710.561,2528.476
470.000,CL,273.461,41.388,61116.926,4065.329,106.639,23710.561,2528.476
471.000,CL,273.461,41.388,61074.510,4070.648,106.639,23710.561,2528.476
472.000,CL,273.461,41.388,61032.118,4075.966,106.639,23710.561,2528.476
473.000,CL,273.461,41.388,60989.750,4081.284,106.639,23710.561,2528.476
474.000,CL,273.461,41.388,60947.406,4086.602,106.639,23710.561,2528.476
475.000,CL,273.461,41.388,60905.086,4091.921,106.639,23710.561,2528.476
476.000,CL,273.461,41.388,60862.789,4097.239,106.639,23710.561,2528.476
477.000,CL,273.461,41.388,60820.516,4102.557,106.639,23710.561,2528.476
478.000,CL,273.461,41.388,60778.267,4107.875,106.639,23710.561,2528.476
479.000,CL,273.461,41.388,60736.042,4113.194,106.639,23710.561,2528.476
480.000,CL,273.461,41.388,60693.840,4118.512,106.639,23710.561,2528.476
481.000,CL,273.461,41.388,60651.662,4123.830,106.639,23710.561,2528.476
482.000,CL,273.461,41.388,60609.508,4129.149,106.639,23710.561,2528.476
483.000,CL,273.461,41.388,60567.378,4134.467,106.639,23710.561,2528.476
484.000,CL,273.461,41.388,60525.271,4139.785,106.639,23710.561,2528.476
485.000,CL,273.461,41.388,60483.188,4145.103,106.639,23710.561,2528.476
486.000,CL,273.461,41.388,60441.129,4150.422,106.639,23710.561,2528.476
487.000,CL,273.461,41.388,60399.093,4155.740,106.639,23710.561,2528.476
488.000,CL,273.461,41.388,60357.081,4161.058,106.639,23710.561,2528.476
489.000,CL,273.461,41.388,60315.093,4166.376,106.639,23710.561,2528.476
490.000,CL,273.461,41.388,60273.129,4171.695,106.639,23710.561,2528.476
491.000,CL,273.461,41.388,60231.188,4177.013,106.639,23710.561,2528.476
492.000,CL,273.461,41.388,60189.270,4182.331,106.639,23710.561,2528.476
493.000,CL,273.461,41.388,60147.377,4187.650,106.639,23710.561,2528.476
494.000,CL,273.461,41.388,60105.507,4192.968,106.639,23710.561,2528.476
495.000,CL,273.461,41.388,60063.660,4198.286,106.639,23710.561,2528.476
496.000,CL,273.461,41.388,60021.837,4203.604,106.639,23710.561,2528.476
497.000,CL,273.461,41.388,59980.038,4208.923,106.639,23710.561,2528.476
498.000,CL,273.461,41.388,59938.262,4214.241,106.639,23710.561,2528.476
499.000,CL,273.461,41.388,59896.510,4219.559,106.639,23710.561,2528.476
500.000,CL,273.461,41.388,59854.782,4224.877,106.639,23710.561,2528.476
501.000,CL,273.461,41.388,59813.077,4230.196,106.639,23710.561,2528.476
502.000,CL,273.461,41.388,59771.395,4235.514,106.639,23710.561,2528.476
503.000,CL,273.461,41.388,59729.737,4240.832,106.639,23710.561,2528.476
504.000,CL,273.461,41.388,59688.103,4246.151,106.639,23710.561,2528.476
505.000,CL,273.461,41.388,59646.492,4251.469,106.639,23710.561,2528.476
506.000,CL,273.461,41.388,59604.904,4256.787,106.639,23710.561,2528.476
507.000,CL,273.461,41.388,59563.340,4262.105,106.639,23710.561,2528.476
508.000,CL,273.461,41.388,59521.800,4267.424,106.639,23710.561,2528.476
509.000,CL,273.461,41.388,59480.283,4272.742,106.639,23710.561,2528.476
510.000,CL,273.461,41.388,59438.789,4278.060,106.639,23710.561,2528.476
511.000,CL,273.461,41.388,59397.319,4283.378,106.639,23710.561,2528.476
512.000,CL,273.461,41.388,59355.872,4288.697,106.639,23710.561,2528.476
513.000,CL,273.461,41.388,59314.449,4294.015,106.639,23710.561,2528.476
514.000,CL,273.461,41.388,59273.049,4299.333,106.639,23710.561,2528.476
515.000,CL,273.461,41.388,59231.672,4304.652,106.639,23710.561,2528.476
516.000,CL,273.461,41.388,59190.319,4309.970,106.639,23710.561,2528.476
517.000,CL,273.461,41.388,59148.990,4315.288,106.639,23710.561,2528.476
518.000,CL,273.461,41.388,59107.683,4320.606,106.639,23710.561,2528.476
519.000,CL,273.461,41.388,59066.400,4325.925,106.639,23710.561,2528.476
520.000,CL,273.461,41.388,59025.141,4331.243,106.639,23710.561,2528.476
521.000,CL,273.461,41.388,58983.904,4336.561,106.639,23710.561,2528.476
522.000,CL,273.461,41.388,58942.691,4341.879,106.639,23710.561,2528.476
523.000,CL,273.461,41.388,58901.502,4347.198,106.639,23710.561,2528.476
524.000,CL,273.461,41.388,58860.335,4352.516,106.639,23710.561,2528.476
525.000,CL,273.461,41.388,58819.192,4357.834,106.639,23710.561,2528.476
526.000,CL,273.461,41.388,58778.072,4363.153,106.639,23710.561,2528.476
527.000,CL,273.461,41.388,58736.976,4368.471,106.639,23710.561,2528.476
528.000,CL,273.461,41.388,58695.903,4373.789,106.639,23710.561,2528.476
529.000,CL,273.461,41.388,58654.853,4379.107,106.639,23710.561,2528.476
530.000,CL,273.461,41.388,58613.826,4384.426,106.639,23710.561,2528.476
531.000,CL,273.461,41.388,58572.823,4389.744,106.639,23710.561,2528.476
532.000,CL,273.461,41.388,58531.842,4395.062,106.639,23710.561,2528.476
533.000,CL,273.461,41.388,58490.885,4400.380,106.639,23710.561,2528.476
534.000,CL,273.461,41.388,58449.952,4405.699,106.639,23710.561,2528.476
535.000,CL,273.461,41.388,58409.041,4411.017,106.639,23710.561,2528.476
536.000,CL,273.461,41.388,58368.154,4416.335,106.639,23710.561,2528.476
537.000,CL,273.461,41.388,58327.289,4421.654,106.639,23710.561,2528.476
538.000,CL,273.461,41.388,58286.448,4426.972,106.639,23710.561,2528.476
539.000,CL,273.461,41.388,58245.631,4432.290,106.639,23710.561,2528.476
540.000,CL,273.461,41.388,58204.836,4437.608,106.639,23710.561,2528.476
541.000,CL,273.461,41.388,58164.064,4442.927,106.639,23710.561,2528.476
542.000,CL,273.461,41.388,58123.316,4448.245,106.639,23710.561,2528.476
543.000,CL,273.461,41.388,58082.590,4453.563,106.639,23710.561,2528.476
544.000,CL,273.461,41.388,58041.888,4458.881,106.639,23710.561,2528.476
545.000,CL,273.461,41.388,58001.209,4464.200,106.639,23710.561,2528.476
546.000,CL,273.461,41.388,57960.553,4469.518,106.639,23710.561,2528.476
547.000,CL,273.461,41.388,57919.920,4474.836,106.639,23710.561,2528.476
548.000,CL,273.461,41.388,57879.310,4480.155,106.639,23710.561,2528.476
549.000,CL,273.461,41.388,57838.723,4485.473,106.639,23710.561,2528.476
550.000,CL,273.461,41.388,57798.159,4490.791,106.639,23710.561,2528.476
551.000,CL,273.461,41.388,57757.619,4496.109,106.639,23710.561,2528.476
552.000,CL,273.461,41.388,57717.101,4501.428,106.639,23710.561,2528.476
553.000,CL,273.461,41.388,57676.606,4506.746,106.639,23710.561,2528.476
554.000,CL,273.461,41.388,57636.134,4512.064,106.639,23710.561,2528.476
555.000,CL,273.461,41.388,57595.686,4517.382,106.639,23710.561,2528.476
556.000,CL,273.461,41.388,57555.260,4522.701,106.639,23710.561,2528.476
557.000,CL,273.461,41.388,57514.857,4528.019,106.639,23710.561,2528.476
558.000,CL,273.461,41.388,57474.477,4533.337,106.639,23710.561,2528.476
559.000,CL,273.461,41.388,57434.121,4538.656,106.639,23710.561,2528.476
560.000,CL,273.461,41.388,57393.787,4543.974,106.639,23710.561,2528.476
561.000,CL,273.461,41.388,57353.476,4549.292,106.639,23710.561,2528.476
562.000,CL,273.461,41.388,57313.188,4554.610,106.639,23710.561,2528.476
563.000,CL,273.461,41.388,57272.923,4559.929,106.639,23710.561,2528.476
564.000,CL,273.461,41.388,57232.681,4565.247,106.639,23710.561,2528.476
565.000,CL,273.461,41.388,57192.461,4570.565,106.639,23710.561,2528.476
566.000,CL,273.461,41.388,57152.265,4575.883,106.639,23710.561,2528.476
567.000,CL,273.461,41.388,57112.091,4581.202,106.639,23710.561,2528.476
568.000,CL,273.461,41.388,57071.941,4586.520,106.639,23710.561,2528.476
569.000,CL,273.461,41.388,57031.813,4591.838,106.639,23710.561,2528.476
570.000,CL,273.461,41.388,56991.708,4597.157,106.639,23710.561,2528.476
571.000,CL,273.461,41.388,56951.626,4602.475,106.639,23710.561,2528.476
572.000,CL,273.461,41.388,56911.567,4607.793,106.639,23710.561,2528.476
573.000,CL,273.461,41.388,56871.530,4613.111,106.639,23710.561,2528.476
574.000,CL,273.461,41.388,56831.517,4618.430,106.639,23710.561,2528.476
575.000,CL,273.461,41.388,56791.526,4623.748,106.639,23710.561,2528.476
576.000,CL,273.461,41.388,56751.558,4629.066,106.639,23710.561,2528.476
577.000,CL,273.461,41.388,56711.613,4634.384,106.639,23710.561,2528.476
578.000,CL,273.461,41.388,56671.690,4639.703,106.639,23710.561,2528.476
579.000,CL,273.461,41.388,56631.790,4645.021,106.639,23710.561,2528.476
580.000,CL,273.461,41.388,56591.913,4650.339,106.639,23710.561,2528.476
581.000,CL,273.461,41.388,56552.059,4655.658,106.639,23710.561,2528.476
582.000,CL,273.461,41.388,56512.228,4660.976,106.639,23710.561,2528.476
583.000,CL,273.461,41.388,56472.419,4666.294,106.639,23710.561,2528.476
584.000,CL,273.461,41.388,56432.633,4671.612,106.639,23710.561,2528.476
585.000,CL,273.461,41.388,56392.869,4676.931,106.639,23710.561,2528.476
586.000,CL,273.461,41.388,56391.477,4677.117,106.693,23698.555,2528.476
587.000,CL,273.461,41.388,56387.394,4677.663,106.852,23663.423,2528.476
588.000,CL,273.461,41.388,56380.762,4678.551,107.109,23606.580,2528.476
589.000,CL,273.461,41.388,56371.724,4679.760,107.460,23529.542,2528.476
590.000,CL,273.461,41.388,56360.423,4681.273,107.898,23433.898,2528.476
591.000,CL,273.461,41.388,56347.001,4683.069,108.419,23321.290,2528.476
592.000,CL,273.461,41.388,56331.600,4685.131,109.017,23193.384,2528.476
593.000,CL,273.461,41.388,56314.364,4687.440,109.686,23051.854,2528.476
594.000,CL,273.461,41.388,56295.435,4689.975,110.422,22898.361,2528.476
595.000,CL,273.461,41.388,56274.955,4692.719,111.217,22734.539,2528.476
596.000,CL,273.461,41.388,56253.069,4695.653,112.068,22561.979,2528.476
597.000,CL,273.461,41.388,56229.918,4698.757,112.968,22382.218,2528.476
598.000,CL,273.461,41.388,56205.645,4702.012,113.912,22196.732,2528.476
599.000,CL,273.461,41.388,56180.392,4705.401,114.895,22006.926,2528.476
600.000,CL,273.461,41.388,56154.301,4708.903,115.910,21814.133,2528.476
601.000,CL,273.461,41.388,56127.515,4712.499,116.953,21619.610,2528.476
602.000,CL,273.461,41.388,56100.175,4716.172,118.018,21424.536,2528.476
603.000,CL,273.461,41.388,56072.423,4719.901,119.099,21230.012,2528.476
604.000,CL,273.461,41.388,56044.400,4723.668,120.191,21037.065,2528.476
605.000,CR,265.972,35.926,56016.247,4727.454,121.289,18877.034,2289.582
606.000,CR,265.972,35.926,55988.107,4731.240,122.387,18707.702,2289.582
607.000,CR,265.972,35.926,55960.118,4735.008,123.479,18542.207,2289.582
608.000,CR,265.972,35.926,55932.422,4738.737,124.561,18381.235,2289.582
609.000,CR,265.972,35.926,55905.159,4742.409,125.626,18225.425,2289.582
610.000,CR,265.972,35.926,55878.469,4746.006,126.669,18075.369,2289.582
611.000,CR,265.972,35.926,55852.492,4749.508,127.684,17931.621,2289.582
612.000,CR,265.972,35.926,55827.367,4752.896,128.667,17794.699,2289.582
613.000,CR,265.972,35.926,55803.235,4756.152,129.611,17665.092,2289.582
614.000,CR,265.972,35.926,55780.234,4759.256,130.511,17543.265,2289.582
615.000,CR,265.972,35.926,55758.503,4762.189,131.361,17429.664,2289.582
616.000,CR,265.972,35.926,55738.183,4764.933,132.157,17324.725,2289.582
617.000,CR,265.972,35.926,55719.411,4767.469,132.892,17228.873,2289.582
618.000,CR,265.972,35.926,55702.326,4769.777,133.562,17142.532,2289.582
619.000,CR,265.972,35.926,55687.068,4771.839,134.159,17066.133,2289.582
620.000,CR,265.972,35.926,55673.776,4773.636,134.680,17000.115,2289.582
621.000,CR,265.972,35.926,55662.588,4775.149,135.119,16944.934,2289.582
622.000,CR,265.972,35.926,55653.643,4776.358,135.470,16901.069,2289.582
623.000,CR,265.972,35.926,55647.082,4777.245,135.727,16869.031,2289.582
624.000,CR,265.972,35.926,55643.042,4777.792,135.885,16849.366,2289.582
625.000,CR,265.972,35.926,55641.665,4777.978,135.939,16842.670,2289.582
626.000,CR,265.972,35.926,55641.665,4777.978,135.939,16842.670,2289.582
627.000,CR,265.972,35.926,55641.665,4777.978,135.939,16842.670,2289.582
628.000,CR,265.972,35.926,55641.665,4777.978,135.939,16842.670,2289.582
629.000,CR,265.972,35.926,55641.665,4777.978,135.939,16842.670,2289.582
630.000,CR,265.972,35.926,55641.665,4777.978,135.939,16842.670,2289.582
631.000,CR,265.972,35.926,55641.665,4777.978,135.939,16842.670,2289.582
632.000,CR,265.972,35.926,55641.665,4777.978,135.939,16842.670,2289.582
633.000,CR,265.972,35.926,55641.665,4777.978,135.939,16842.670,2289.582
634.000,CR,265.972,35.926,55641.665,4777.978,135.939,16842.670,2289.582
635.000,CR,265.972,35.926,55641.665,4777.978,135.939,16842.670,2289.582
636.000,CR,265.972,35.926,55641.665,4777.978,135.939,16842.670,2289.582
637.000,CR,265.972,35.926,55641.665,4777.978,135.939,16842.670,2289.582
638.000,CR,265.972,35.926,55641.665,4777.978,135.939,16842.670,2289.582
639.000,CR,265.972,35.926,55641.665,4777.978,135.939,16842.670,2289.582
640.000,CR,265.972,35.926,55641.665,4777.978,135.939,16842.670,2289.582
641.000,CR,265.972,35.926,55641.665,4777.978,135.939,16842.670,2289.582
642.000,CR,265.972,35.926,55641.665,4777.978,135.939,16842.670,2289.582
643.000,CR,265.972,35.926,55641.665,4777.978,135.939,16842.670,2289.582
644.000,CR,265.972,35.926,55641.665,4777.978,135.939,16842.670,2289.582
645.000,CR,265.972,35.926,55641.665,4777.978,135.939,16842.670,2289.582
646.000,CR,265.972,35.926,55641.665,4777.978,135.939,16842.670,2289.582
647.000,CR,265.972,35.926,55641.665,4777.978,135.939,16842.670,2289.582
648.000,CR,265.972,35.926,55641.665,4777.978,135.939,16842.670,2289.582
649.000,CR,265.972,35.926,55641.665,4777.978,135.939,16842.670,2289.582
650.000,CR,265.972,35.926,55641.665,4777.978,135.939,16842.670,2289.582
651.000,CR,265.972,35.926,55641.665,4777.978,135.939,16842.670,2289.582
652.000,CR,265.972,35.926,55641.665,4777.978,135.939,16842.670,2289.582
653.000,CR,265.972,35.926,55641.665,4777.978,135.939,16842.670,2289.582
654.000,CR,265.972,35.926,55641.665,4777.978,135.939,16842.670,2289.582
655.000,CR,265.972,35.926,55641.665,4777.978,135.939,16842.670,2289.582
656.000,CR,265.972,35.926,55641.665,4777.978,135.939,16842.670,2289.582
657.000,CR,265.972,35.926,55641.665,4777.978,135.939,16842.670,2289.582
658.000,CR,265.972,35.926,55641.665,4777.978,135.939,16842.670,2289.582
659.000,CR,265.972,35.926,55641.665,4777.978,135.939,16842.670,2289.582
660.000,CR,265.972,35.926,55641.665,4777.978,135.939,16842.670,2289.582
661.000,CR,265.972,35.926,55641.665,4777.978,135.939,16842.670,2289.582
662.000,CR,265.972,35.926,55641.665,4777.978,135.939,16842.670,2289.582
663.000,CR,265.972,35.926,55641.665,4777.978,135.939,16842.670,2289.582
664.000,CR,265.972,35.926,55641.665,4777.978,135.939,16842.670,2289.582
665.000,CR,265.972,35.926,55641.665,4777.978,135.939,16842.670,2289.582
666.000,CR,265.972,35.926,55641.665,4777.978,135.939,16842.670,2289.582
667.000,CR,265.972,35.926,55641.665,4777.978,135.939,16842.670,2289.582
668.000,CR,265.972,35.926,55641.665,4777.978,135.939,16842.670,2289.582
669.000,CR,265.972,35.926,55641.665,4777.978,135.939,16842.670,2289.582
670.000,CR,265.972,35.926,55641.665,4777.978,135.939,16842.670,2289.582
671.000,CR,265.972,35.926,55641.665,4777.978,135.939,16842.670,2289.582
672.000,CR,265.972,35.926,55641.665,4777.978,135.939,16842.670,2289.582
673.000,CR,265.972,35.926,55641.665,4777.978,135.939,16842.670,2289.582
674.000,CR,265.972,35.926,55641.665,4777.978,135.939,16842.670,2289.582
675.000,CR,265.972,35.926,55641.665,4777.978,135.939,16842.670,2289.582
676.000,CR,265.972,35.926,55641.665,4777.978,135.939,16842.670,2289.582
677.000,CR,265.972,35.926,55641.665,4777.978,135.939,16842.670,2289.582
678.000,CR,265.972,35.926,55641.665,4777.978,135.939,16842.670,2289.582
679.000,CR,265.972,35.926,55641.665,4777.978,135.939,16842.670,2289.582
680.000,CR,265.972,35.926,55641.665,4777.978,135.939,16842.670,2289.582
681.000,CR,265.972,35.926,55641.665,4777.978,135.939,16842.670,2289.582
682.000,CR,265.972,35.926,55641.665,4777.978,135.939,16842.670,2289.582
683.000,CR,265.972,35.926,55641.665,4777.978,135.939,16842.670,2289.582
684.000,CR,265.972,35.926,55641.665,4777.978,135.939,16842.670,2289.582
685.000,CR,265.972,35.926,55641.665,4777.978,135.939,16842.670,2289.582
686.000,CR,265.972,35.926,55641.665,4777.978,135.939,16842.670,2289.582
687.000,CR,265.972,35.926,55641.665,4777.978,135.939,16842.670,2289.582
688.000,CR,265.972,35.926,55641.665,4777.978,135.939,16842.670,2289.582
689.000,CR,265.972,35.926,55641.665,4777.978,135.939,16842.670,2289.582
690.000,CR,265.972,35.926,55641.665,4777.978,135.939,16842.670,2289.582
691.000,CR,265.972,35.926,55641.665,4777.978,135.939,16842.670,2289.582
692.000,CR,265.972,35.926,55641.665,4777.978,135.939,16842.670,2289.582
693.000,CR,265.972,35.926,55641.665,4777.978,135.939,16842.670,2289.582
694.000,CR,265.972,35.926,55641.665,4777.978,135.939,16842.670,2289.582
695.000,CR,265.972,35.926,55641.665,4777.978,135.939,16842.670,2289.582
696.000,CR,265.972,35.926,55641.665,4777.978,135.939,16842.670,2289.582
697.000,CR,265.972,35.926,55641.665,4777.978,135.939,16842.670,2289.582
698.000,CR,265.972,35.926,55641.665,4777.978,135.939,16842.670,2289.582
699.000,CR,265.972,35.926,55641.665,4777.978,135.939,16842.670,2289.582
700.000,CR,265.972,35.926,55641.665,4777.978,135.939,16842.670,2289.582
701.000,CR,265.972,35.926,55641.665,4777.978,135.939,16842.670,2289.582
702.000,CR,265.972,35.926,55641.665,4777.978,135.939,16842.670,2289.582
703.000,CR,265.972,35.926,55641.665,4777.978,135.939,16842.670,2289.582
704.000,CR,265.972,35.926,55641.665,4777.978,135.939,16842.670,2289.582
705.000,CR,265.972,35.926,55641.665,4777.978,135.939,16842.670,2289.582
706.000,CR,265.972,35.926,55641.665,4777.978,135.939,16842.670,2289.582
707.000,CR,265.972,35.926,55641.665,4777.978,135.939,16842.670,2289.582
708.000,CR,265.972,35.926,55641.665,4777.978,135.939,16842.670,2289.582
709.000,CR,265.972,35.926,55641.665,4777.978,135.939,16842.670,2289.582
710.000,CR,265.972,35.926,55641.665,4777.978,135.939,16842.670,2289.582
711.000,CR,265.972,35.926,55641.665,4777.978,135.939,16842.670,2289.582
712.000,CR,265.972,35.926,55641.665,4777.978,135.939,16842.670,2289.582
713.000,CR,265.972,35.926,55641.665,4777.978,135.939,16842.670,2289.582
714.000,CR,265.972,35.926,55641.665,4777.978,135.939,16842.670,2289.582
715.000,CR,265.972,35.926,55641.665,4777.978,135.939,16842.670,2289.582
716.000,CR,265.972,35.926,55641.665,4777.978,135.939,16842.670,2289.582
717.000,CR,265.972,35.926,55641.665,4777.978,135.939,16842.670,2289.582
718.000,CR,265.972,35.926,55641.665,4777.978,135.939,16842.670,2289.582
719.000,CR,265.972,35.926,55641.665,4777.978,135.939,16842.670,2289.582
720.000,CR,265.972,35.926,55641.665,4777.978,135.939,16842.670,2289.582
721.000,CR,265.972,35.926,55641.665,4777.978,135.939,16842.670,2289.582
722.000,CR,265.972,35.926,55641.665,4777.978,135.939,16842.670,2289.582
723.000,CR,265.972,35.926,55641.665,4777.978,135.939,16842.670,2289.582
724.000,CR,265.972,35.926,55641.665,4777.978,135.939,16842.670,2289.582
725.000,CR,265.972,35.926,55641.665,4777.978,135.939,16842.670,2289.582
726.000,CR,265.972,35.926,55641.665,4777.978,135.939,16842.670,2289.582
727.000,CR,265.972,35.926,55641.665,4777.978,135.939,16842.670,2289.582
728.000,CR,265.972,35.926,55641.665,4777.978,135.939,16842.670,2289.582
729.000,CR,265.972,35.926,55641.665,4777.978,135.939,16842.670,2289.582
730.000,CR,265.972,35.926,55641.665,4777.978,135.939,16842.670,2289.582
731.000,CR,265.972,35.926,55641.665,4777.978,135.939,16842.670,2289.582
732.000,CR,265.972,35.926,55641.665,4777.978,135.939,16842.670,2289.582
733.000,CR,265.972,35.926,55641.665,4777.978,135.939,16842.670,2289.582
734.000,CR,265.972,35.926,55641.665,4777.978,135.939,16842.670,2289.582
735.000,CR,265.972,35.926,55641.665,4777.978,135.939,16842.670,2289.582
736.000,CR,265.972,35.926,55641.665,4777.978,135.939,16842.670,2289.582
737.000,CR,265.972,35.926,55641.665,4777.978,135.939,16842.670,2289.582
738.000,CR,265.972,35.926,55641.665,4777.978,135.939,16842.670,2289.582
739.000,CR,265.972,35.926,55641.665,4777.978,135.939,16842.670,2289.582
740.000,CR,265.972,35.926,55641.665,4777.978,135.939,16842.670,2289.582
741.000,CR,265.972,35.926,55641.665,4777.978,135.939,16842.670,2289.582
742.000,CR,265.972,35.926,55641.665,4777.978,135.939,16842.670,2289.582
743.000,CR,265.972,35.926,55641.665,4777.978,135.939,16842.670,2289.582
744.000,CR,265.972,35.926,55641.665,4777.978,135.939,16842.670,2289.582
745.000,CR,265.972,35.926,55641.665,4777.978,135.939,16842.670,2289.582
746.000,CR,265.972,35.926,55641.665,4777.978,135.939,16842.670,2289.582
747.000,CR,265.972,35.926,55641.665,4777.978,135.939,16842.670,2289.582
748.000,CR,265.972,35.926,55641.665,4777.978,135.939,16842.670,2289.582
749.000,CR,265.972,35.926,55641.665,4777.978,135.939,16842.670,2289.582
750.000,CR,265.972,35.926,55641.665,4777.978,135.939,16842.670,2289.582
751.000,CR,265.972,35.926,55641.665,4777.978,135.939,16842.670,2289.582
752.000,CR,265.972,35.926,55641.665,4777.978,135.939,16842.670,2289.582
753.000,CR,265.972,35.926,55641.665,4777.978,135.939,16842.670,2289.582
754.000,CR,265.972,35.926,55641.665,4777.978,135.939,16842.670,2289.582
755.000,CR,265.972,35.926,55641.665,4777.978,135.939,16842.670,2289.582
756.000,CR,265.972,35.926,55641.665,4777.978,135.939,16842.670,2289.582
757.000,CR,265.972,35.926,55641.665,4777.978,135.939,16842.670,2289.582
758.000,CR,265.972,35.926,55641.665,4777.978,135.939,16842.670,2289.582
759.000,CR,265.972,35.926,55641.665,4777.978,135.939,16842.670,2289.582
760.000,CR,265.972,35.926,55641.665,4777.978,135.939,16842.670,2289.582
761.000,CR,265.972,35.926,55641.665,4777.978,135.939,16842.670,2289.582
762.000,CR,265.972,35.926,55641.665,4777.978,135.939,16842.670,2289.582
763.000,CR,265.972,35.926,55641.665,4777.978,135.939,16842.670,2289.582
764.000,CR,265.972,35.926,55641.665,4777.978,135.939,16842.670,2289.582
765.000,CR,265.972,35.926,55641.665,4777.978,135.939,16842.670,2289.582
766.000,CR,265.972,35.926,55641.665,4777.978,135.939,16842.670,2289.582
767.000,CR,265.972,35.926,55641.665,4777.978,135.939,16842.670,2289.582
768.000,CR,265.972,35.926,55641.665,4777.978,135.939,16842.670,2289.582
769.000,CR,265.972,35.926,55641.665,4777.978,135.939,16842.670,2289.582
770.000,CR,265.972,35.926,55641.665,4777.978,135.939,16842.670,2289.582
771.000,CR,265.972,35.926,55641.665,4777.978,135.939,16842.670,2289.582
772.000,CR,265.972,35.926,55641.665,4777.978,135.939,16842.670,2289.582
773.000,CR,265.972,35.926,55641.665,4777.978,135.939,16842.670,2289.582
774.000,CR,265.972,35.926,55641.665,4777.978,135.939,16842.670,2289.582
775.000,CR,265.972,35.926,55641.665,4777.978,135.939,16842.670,2289.582
776.000,CR,265.972,35.926,55641.665,4777.978,135.939,16842.670,2289.582
777.000,CR,265.972,35.926,55641.665,4777.978,135.939,16842.670,2289.582
778.000,CR,265.972,35.926,55641.665,4777.978,135.939,16842.670,2289.582
779.000,CR,265.972,35.926,55641.665,4777.978,135.939,16842.670,2289.582
780.000,CR,265.972,35.926,55641.665,4777.978,135.939,16842.670,2289.582
781.000,CR,265.972,35.926,55641.665,4777.978,135.939,16842.670,2289.582
782.000,CR,265.972,35.926,55641.665,4777.978,135.939,16842.670,2289.582
783.000,CR,265.972,35.926,55641.665,4777.978,135.939,16842.670,2289.582
784.000,CR,265.972,35.926,55641.665,4777.978,135.939,16842.670,2289.582
785.000,CR,265.972,35.926,55641.665,4777.978,135.939,16842.670,2289.582
786.000,CR,265.972,35.926,55641.665,4777.978,135.939,16842.670,2289.582
787.000,CR,265.972,35.926,55641.665,4777.978,135.939,16842.670,2289.582
788.000,CR,265.972,35.926,55641.665,4777.978,135.939,16842.670,2289.582
789.000,CR,265.972,35.926,55641.665,4777.978,135.939,16842.670,2289.582
790.000,CR,265.972,35.926,55641.665,4777.978,135.939,16842.670,2289.582
791.000,CR,265.972,35.926,55641.665,4777.978,135.939,16842.670,2289.582
792.000,CR,265.972,35.926,55641.665,4777.978,135.939,16842.670,2289.582
793.000,CR,265.972,35.926,55641.665,4777.978,135.939,16842.670,2289.582
794.000,CR,265.972,35.926,55641.665,4777.978,135.939,16842.670,2289.582
795.000,CR,265.972,35.926,55641.665,4777.978,135.939,16842.670,2289.582
796.000,CR,265.972,35.926,55641.665,4777.978,135.939,16842.670,2289.582
797.000,CR,265.972,35.926,55641.665,4777.978,135.939,16842.670,2289.582
798.000,CR,265.972,35.926,55641.665,4777.978,135.939,16842.670,2289.582
799.000,CR,265.972,35.926,55641.665,4777.978,135.939,16842.670,2289.582
800.000,CR,265.972,35.926,55641.665,4777.978,135.939,16842.670,2289.582
801.000,CR,265.972,35.926,55641.665,4777.978,135.939,16842.670,2289.582
802.000,CR,265.972,35.926,55641.665,4777.978,135.939,16842.670,2289.582
803.000,CR,265.972,35.926,55641.665,4777.978,135.939,16842.670,2289.582
804.000,CR,265.972,35.926,55641.665,4777.978,135.939,16842.670,2289.582
805.000,CR,265.972,35.926,55641.665,4777.978,135.939,16842.670,2289.582
806.000,CR,265.972,35.926,55641.665,4777.978,135.939,16842.670,2289.582
807.000,CR,265.972,35.926,55641.665,4777.978,135.939,16842.670,2289.582
808.000,CR,265.972,35.926,55641.665,4777.978,135.939,16842.670,2289.582
809.000,CR,265.972,35.926,55641.665,4777.978,135.939,16842.670,2289.582
810.000,CR,265.972,35.926,55641.665,4777.978,135.939,16842.670,2289.582
811.000,CR,265.972,35.926,55641.665,4777.978,135.939,16842.670,2289.582
812.000,CR,265.972,35.926,55641.665,4777.978,135.939,16842.670,2289.582
813.000,CR,265.972,35.926,55641.665,4777.978,135.939,16842.670,2289.582
814.000,CR,265.972,35.926,55641.665,4777.978,135.939,16842.670,2289.582
815.000,CR,265.972,35.926,55641.665,4777.978,135.939,16842.670,2289.582
816.000,CR,265.972,35.926,55641.665,4777.978,135.939,16842.670,2289.582
817.000,CR,265.972,35.926,55641.665,4777.978,135.939,16842.670,2289.582
818.000,CR,265.972,35.926,55641.665,4777.978,135.939,16842.670,2289.582
819.000,CR,265.972,35.926,55641.665,4777.978,135.939,16842.670,2289.582
820.000,CR,265.972,35.926,55641.665,4777.978,135.939,16842.670,2289.582
821.000,CR,265.972,35.926,55641.665,4777.978,135.939,16842.670,2289.582
822.000,CR,265.972,35.926,55641.665,4777.978,135.939,16842.670,2289.582
823.000,CR,265.972,35.926,55641.665,4777.978,135.939,16842.670,2289.582
824.000,CR,265.972,35.926,55641.665,4777.978,135.939,16842.670,2289.582
825.000,CR,265.972,35.926,55641.665,4777.978,135.939,16842.670,2289.582
826.000,CR,265.972,35.926,55641.665,4777.978,135.939,16842.670,2289.582
827.000,CR,265.972,35.926,55641.665,4777.978,135.939,16842.670,2289.582
828.000,CR,265.972,35.926,55641.665,4777.978,135.939,16842.670,2289.582
829.000,CR,265.972,35.926,55641.665,4777.978,135.939,16842.670,2289.582
830.000,CR,265.972,35.926,55641.665,4777.978,135.939,16842.670,2289.582
831.000,CR,265.972,35.926,55641.665,4777.978,135.939,16842.670,2289.582
832.000,CR,265.972,35.926,55641.665,4777.978,135.939,16842.670,2289.582
833.000,CR,265.972,35.926,55641.665,4777.978,135.939,16842.670,2289.582
834.000,CR,265.972,35.926,55641.665,4777.978,135.939,16842.670,2289.582
835.000,CR,265.972,35.926,55641.665,4777.978,135.939,16842.670,2289.582
836.000,CR,265.972,35.926,55641.665,4777.978,135.939,16842.670,2289.582
837.000,CR,265.972,35.926,55641.665,4777.978,135.939,16842.670,2289.582
838.000,CR,265.972,35.926,55641.665,4777.978,135.939,16842.670,2289.582
839.000,CR,265.972,35.926,55641.665,4777.978,135.939,16842.670,2289.582
840.000,CR,265.972,35.926,55641.665,4777.978,135.939,16842.670,2289.582
841.000,CR,265.972,35.926,55641.665,4777.978,135.939,16842.670,2289.582
842.000,CR,265.972,35.926,55641.665,4777.978,135.939,16842.670,2289.582
843.000,CR,265.972,35.926,55641.665,4777.978,135.939,16842.670,2289.582
844.000,CR,265.972,35.926,55641.665,4777.978,135.939,16842.670,2289.582
845.000,CR,265.972,35.926,55641.665,4777.978,135.939,16842.670,2289.582
846.000,CR,265.972,35.926,55641.665,4777.978,135.939,16842.670,2289.582
847.000,CR,265.972,35.926,55641.665,4777.978,135.939,16842.670,2289.582
848.000,CR,265.972,35.926,55641.665,4777.978,135.939,16842.670,2289.582
849.000,CR,265.972,35.926,55641.665,4777.978,135.939,16842.670,2289.582
850.000,CR,265.972,35.926,55641.665,4777.978,135.939,16842.670,2289.582
851.000,CR,265.972,35.926,55641.665,4777.978,135.939,16842.670,2289.582
852.000,CR,265.972,35.926,55641.665,4777.978,135.939,16842.670,2289.582
853.000,CR,265.972,35.926,55641.665,4777.978,135.939,16842.670,2289.582
854.000,CR,265.972,35.926,55641.665,4777.978,135.939,16842.670,2289.582
855.000,CR,265.972,35.926,55641.665,4777.978,135.939,16842.670,2289.582
856.000,CR,265.972,35.926,55641.665,4777.978,135.939,16842.670,2289.582
857.000,CR,265.972,35.926,55641.665,4777.978,135.939,16842.670,2289.582
858.000,CR,265.972,35.926,55641.665,4777.978,135.939,16842.670,2289.582
859.000,CR,265.972,35.926,55641.665,4777.978,135.939,16842.670,2289.582
860.000,CR,265.972,35.926,55641.665,4777.978,135.939,16842.670,2289.582
861.000,CR,265.972,35.926,55641.665,4777.978,135.939,16842.670,2289.582
862.000,CR,265.972,35.926,55641.665,4777.978,135.939,16842.670,2289.582
863.000,CR,265.972,35.926,55641.665,4777.978,135.939,16842.670,2289.582
864.000,CR,265.972,35.926,55641.665,4777.978,135.939,16842.670,2289.582
865.000,CR,265.972,35.926,55641.665,4777.978,135.939,16842.670,2289.582
866.000,CR,265.972,35.926,55641.665,4777.978,135.939,16842.670,2289.582
867.000,CR,265.972,35.926,55641.665,4777.978,135.939,16842.670,2289.582
868.000,CR,265.972,35.926,55641.665,4777.978,135.939,16842.670,2289.582
869.000,CR,265.972,35.926,55641.665,4777.978,135.939,16842.670,2289.582
870.000,CR,265.972,35.926,55641.665,4777.978,135.939,16842.670,2289.582
871.000,CR,265.972,35.926,55641.665,4777.978,135.939,16842.670,2289.582
872.000,CR,265.972,35.926,55641.665,4777.978,135.939,16842.670,2289.582
873.000,CR,265.972,35.926,55641.665,4777.978,135.939,16842.670,2289.582
874.000,CR,265.972,35.926,55641.665,4777.978,135.939,16842.670,2289.582
875.000,CR,265.972,35.926,55641.665,4777.978,135.939,16842.670,2289.582
876.000,CR,265.972,35.926,55641.665,4777.978,135.939,16842.670,2289.582
877.000,CR,265.972,35.926,55641.665,4777.978,135.939,16842.670,2289.582
878.000,CR,265.972,35.926,55641.665,4777.978,135.939,16842.670,2289.582
879.000,CR,265.972,35.926,55641.665,4777.978,135.939,16842.670,2289.582
880.000,CR,265.972,35.926,55641.665,4777.978,135.939,16842.670,2289.582
881.000,CR,265.972,35.926,55641.665,4777.978,135.939,16842.670,2289.582
882.000,CR,265.972,35.926,55641.665,4777.978,135.939,16842.670,2289.582
883.000,CR,265.972,35.926,55641.665,4777.978,135.939,16842.670,2289.582
884.000,CR,265.972,35.926,55641.665,4777.978,135.939,16842.670,2289.582
885.000,CR,265.972,35.926,55641.665,4777.978,135.939,16842.670,2289.582
886.000,CR,265.972,35.926,55641.665,4777.978,135.939,16842.670,2289.582
887.000,CR,265.972,35.926,55641.665,4777.978,135.939,16842.670,2289.582
888.000,CR,265.972,35.926,55641.665,4777.978,135.939,16842.670,2289.582
889.000,CR,265.972,35.926,55641.665,4777.978,135.939,16842.670,2289.582
890.000,CR,265.972,35.926,55641.665,4777.978,135.939,16842.670,2289.582
891.000,CR,265.972,35.926,55641.665,4777.978,135.939,16842.670,2289.582
892.000,CR,265.972,35.926,55641.665,4777.978,135.939,16842.670,2289.582
893.000,CR,265.972,35.926,55641.665,4777.978,135.939,16842.670,2289.582
894.000,CR,265.972,35.926,55641.665,4777.978,135.939,16842.670,2289.582
895.000,CR,265.972,35.926,55641.665,4777.978,135.939,16842.670,2289.582
896.000,CR,265.972,35.926,55641.665,4777.978,135.939,16842.670,2289.582
897.000,CR,265.972,35.926,55641.665,4777.978,135.939,16842.670,2289.582
898.000,CR,265.972,35.926,55641.665,4777.978,135.939,16842.670,2289.582
899.000,CR,265.972,35.926,55641.665,4777.978,135.939,16842.670,2289.582
900.000,CR,265.972,35.926,55641.665,4777.978,135.939,16842.670,2289.582
901.000,CR,265.972,35.926,55641.665,4777.978,135.939,16842.670,2289.582
902.000,CR,265.972,35.926,55641.665,4777.978,135.939,16842.670,2289.582
903.000,CR,265.972,35.926,55641.665,4777.978,135.939,16842.670,2289.582
904.000,CR,265.972,35.926,55641.665,4777.978,135.939,16842.670,2289.582
905.000,CR,265.972,35.926,55641.665,4777.978,135.939,16842.670,2289.582
906.000,CR,265.972,35.926,55641.665,4777.978,135.939,16842.670,2289.582
907.000,CR,265.972,35.926,55641.665,4777.978,135.939,16842.670,2289.582
908.000,CR,265.972,35.926,55641.665,4777.978,135.939,16842.670,2289.582
909.000,CR,265.972,35.926,55641.665,4777.978,135.939,16842.670,2289.582
910.000,CR,265.972,35.926,55641.665,4777.978,135.939,16842.670,2289.582
911.000,CR,265.972,35.926,55641.665,4777.978,135.939,16842.670,2289.582
912.000,CR,265.972,35.926,55641.665,4777.978,135.939,16842.670,2289.582
913.000,CR,265.972,35.926,55641.665,4777.978,135.939,16842.670,2289.582
914.000,CR,265.972,35.926,55641.665,4777.978,135.939,16842.670,2289.582
915.000,CR,265.972,35.926,55641.665,4777.978,135.939,16842.670,2289.582
916.000,CR,265.972,35.926,55641.665,4777.978,135.939,16842.670,2289.582
917.000,CR,265.972,35.926,55641.665,4777.978,135.939,16842.670,2289.582
918.000,CR,265.972,35.926,55641.665,4777.978,135.939,16842.670,2289.582
919.000,CR,265.972,35.926,55641.665,4777.978,135.939,16842.670,2289.582
920.000,CR,265.972,35.926,55641.665,4777.978,135.939,16842.670,2289.582
921.000,CR,265.972,35.926,55641.665,4777.978,135.939,16842.670,2289.582
922.000,CR,265.972,35.926,55641.665,4777.978,135.939,16842.670,2289.582
923.000,CR,265.972,35.926,55641.665,4777.978,135.939,16842.670,2289.582
924.000,CR,265.972,35.926,55641.665,4777.978,135.939,16842.670,2289.582
925.000,CR,265.972,35.926,55641.665,4777.978,135.939,16842.670,2289.582
926.000,CR,265.972,35.926,55641.665,4777.978,135.939,16842.670,2289.582
927.000,CR,265.972,35.926,55641.665,4777.978,135.939,16842.670,2289.582
928.000,CR,265.972,35.926,55641.665,4777.978,135.939,16842.670,2289.582
929.000,CR,265.972,35.926,55641.665,4777.978,135.939,16842.670,2289.582
930.000,CR,265.972,35.926,55641.665,4777.978,135.939,16842.670,2289.582
931.000,CR,265.972,35.926,55641.665,4777.978,135.939,16842.670,2289.582
932.000,CR,265.972,35.926,55641.665,4777.978,135.939,16842.670,2289.582
933.000,CR,265.972,35.926,55641.665,4777.978,135.939,16842.670,2289.582
934.000,CR,265.972,35.926,55641.665,4777.978,135.939,16842.670,2289.582
935.000,CR,265.972,35.926,55641.665,4777.978,135.939,16842.670,2289.582
936.000,CR,265.972,35.926,55641.665,4777.978,135.939,16842.670,2289.582
937.000,CR,265.972,35.926,55641.665,4777.978,135.939,16842.670,2289.582
938.000,CR,265.972,35.926,55641.665,4777.978,135.939,16842.670,2289.582
939.000,CR,265.972,35.926,55641.665,4777.978,135.939,16842.670,2289.582
940.000,CR,265.972,35.926,55641.665,4777.978,135.939,16842.670,2289.582
941.000,CR,265.972,35.926,55641.665,4777.978,135.939,16842.670,2289.582
942.000,CR,265.972,35.926,55641.665,4777.978,135.939,16842.670,2289.582
943.000,CR,265.972,35.926,55641.665,4777.978,135.939,16842.670,2289.582
944.000,CR,265.972,35.926,55641.665,4777.978,135.939,16842.670,2289.582
945.000,CR,265.972,35.926,55641.665,4777.978,135.939,16842.670,2289.582
946.000,CR,265.972,35.926,55641.665,4777.978,135.939,16842.670,2289.582
947.000,CR,265.972,35.926,55641.665,4777.978,135.939,16842.670,2289.582
948.000,CR,265.972,35.926,55641.665,4777.978,135.939,16842.670,2289.582
949.000,CR,265.972,35.926,55641.665,4777.978,135.939,16842.670,2289.582
950.000,CR,265.972,35.926,55641.665,4777.978,135.939,16842.670,2289.582
951.000,CR,265.972,35.926,55641.665,4777.978,135.939,16842.670,2289.582
952.000,CR,265.972,35.926,55641.665,4777.978,135.939,16842.670,2289.582
953.000,CR,265.972,35.926,55641.665,4777.978,135.939,16842.670,2289.582
954.000,CR,265.972,35.926,55641.665,4777.978,135.939,16842.670,2289.582
955.000,CR,265.972,35.926,55641.665,4777.978,135.939,16842.670,2289.582
956.000,CR,265.972,35.926,55641.665,4777.978,135.939,16842.670,2289.582
957.000,CR,265.972,35.926,55641.665,4777.978,135.939,16842.670,2289.582
958.000,CR,265.972,35.926,55641.665,4777.978,135.939,16842.670,2289.582
959.000,CR,265.972,35.926,55641.665,4777.978,135.939,16842.670,2289.582
960.000,CR,265.972,35.926,55641.665,4777.978,135.939,16842.670,2289.582
961.000,CR,265.972,35.926,55641.665,4777.978,135.939,16842.670,2289.582
962.000,CR,265.972,35.926,55641.665,4777.978,135.939,16842.670,2289.582
963.000,CR,265.972,35.926,55641.665,4777.978,135.939,16842.670,2289.582
964.000,CR,265.972,35.926,55641.665,4777.978,135.939,16842.670,2289.582
965.000,CR,265.972,35.926,55641.665,4777.978,135.939,16842.670,2289.582
966.000,CR,265.972,35.926,55641.665,4777.978,135.939,16842.670,2289.582
967.000,CR,265.972,35.926,55641.665,4777.978,135.939,16842.670,2289.582
968.000,CR,265.972,35.926,55641.665,4777.978,135.939,16842.670,2289.582
969.000,CR,265.972,35.926,55641.665,4777.978,135.939,16842.670,2289.582
970.000,CR,265.972,35.926,55641.665,4777.978,135.939,16842.670,2289.582
971.000,CR,265.972,35.926,55641.665,4777.978,135.939,16842.670,2289.582
972.000,CR,265.972,35.926,55641.665,4777.978,135.939,16842.670,2289.582
973.000,CR,265.972,35.926,55641.665,4777.978,135.939,16842.670,2289.582
974.000,CR,265.972,35.926,55641.665,4777.978,135.939,16842.670,2289.582
975.000,CR,265.972,35.926,55641.665,4777.978,135.939,16842.670,2289.582
976.000,CR,265.972,35.926,55641.665,4777.978,135.939,16842.670,2289.582
977.000,CR,265.972,35.926,55641.665,4777.978,135.939,16842.670,2289.582
978.000,CR,265.972,35.926,55641.665,4777.978,135.939,16842.670,2289.582
979.000,CR,265.972,35.926,55641.665,4777.978,135.939,16842.670,2289.582
980.000,CR,265.972,35.926,55641.665,4777.978,135.939,16842.670,2289.582
981.000,CR,265.972,35.926,55641.665,4777.978,135.939,16842.670,2289.582
982.000,CR,265.972,35.926,55641.665,4777.978,135.939,16842.670,2289.582
983.000,CR,265.972,35.926,55641.665,4777.978,135.939,16842.670,2289.582
984.000,CR,265.972,35.926,55641.665,4777.978,135.939,16842.670,2289.582
985.000,CR,265.972,35.926,55641.665,4777.978,135.939,16842.670,2289.582
986.000,CR,265.972,35.926,55641.665,4777.978,135.939,16842.670,2289.582
987.000,CR,265.972,35.926,55641.665,4777.978,135.939,16842.670,2289.582
988.000,CR,265.972,35.926,55641.665,4777.978,135.939,16842.670,2289.582
989.000,CR,265.972,35.926,55641.665,4777.978,135.939,16842.670,2289.582
990.000,CR,265.972,35.926,55641.665,4777.978,135.939,16842.670,2289.582
991.000,CR,265.972,35.926,55641.665,4777.978,135.939,16842.670,2289.582
992.000,CR,265.972,35.926,55641.665,4777.978,135.939,16842.670,2289.582
993.000,CR,265.972,35.926,55641.665,4777.978,135.939,16842.670,2289.582
994.000,CR,265.972,35.926,55641.665,4777.978,135.939,16842.670,2289.582
995.000,CR,265.972,35.926,55641.665,4777.978,135.939,16842.670,2289.582
996.000,CR,265.972,35.926,55641.665,4777.978,135.939,16842.670,2289.582
997.000,CR,265.972,35.926,55641.665,4777.978,135.939,16842.670,2289.582
998.000,CR,265.972,35.926,55641.665,4777.978,135.939,16842.670,2289.582
999.000,CR,265.972,35.926,55641.665,4777.978,135.939,16842.670,2289.582
1000.000,CR,265.972,35.926,55641.665,4777.978,135.939,16842.670,2289.582
1001.000,CR,265.972,35.926,55641.665,4777.978,135.939,16842.670,2289.582
1002.000,CR,265.972,35.926,55641.665,4777.978,135.939,16842.670,2289.582
1003.000,CR,265.972,35.926,55641.665,4777.978,135.939,16842.670,2289.582
1004.000,CR,265.972,35.926,55641.665,4777.978,135.939,16842.670,2289.582
1005.000,CR,265.972,35.926,55641.665,4777.978,135.939,16842.670,2289.582
1006.000,CR,265.972,35.926,55641.665,4777.978,135.939,16842.670,2289.582
1007.000,CR,265.972,35.926,55641.665,4777.978,135.939,16842.670,2289.582
1008.000,CR,265.972,35.926,55641.665,4777.978,135.939,16842.670,2289.582
1009.000,CR,265.972,35.926,55641.665,4777.978,135.939,16842.670,2289.582
1010.000,CR,265.972,35.926,55641.665,4777.978,135.939,16842.670,2289.582
1011.000,CR,265.972,35.926,55641.665,4777.978,135.939,16842.670,2289.582
1012.000,CR,265.972,35.926,55641.665,4777.978,135.939,16842.670,2289.582
1013.000,CR,265.972,35.926,55641.665,4777.978,135.939,16842.670,2289.582
1014.000,CR,265.972,35.926,55641.665,4777.978,135.939,16842.670,2289.582
1015.000,CR,265.972,35.926,55641.665,4777.978,135.939,16842.670,2289.582
1016.000,CR,265.972,35.926,55641.665,4777.978,135.939,16842.670,2289.582
1017.000,CR,265.972,35.926,55641.665,4777.978,135.939,16842.670,2289.582
1018.000,CR,265.972,35.926,55641.665,4777.978,135.939,16842.670,2289.582
1019.000,CR,265.972,35.926,55641.665,4777.978,135.939,16842.670,2289.582
1020.000,CR,265.972,35.926,55641.665,4777.978,135.939,16842.670,2289.582
1021.000,CR,265.972,35.926,55641.665,4777.978,135.939,16842.670,2289.582
1022.000,CR,265.972,35.926,55641.665,4777.978,135.939,16842.670,2289.582
1023.000,CR,265.972,35.926,55641.665,4777.978,135.939,16842.670,2289.582
1024.000,CR,265.972,35.926,55641.665,4777.978,135.939,16842.670,2289.582
1025.000,CR,265.972,35.926,55641.665,4777.978,135.939,16842.670,2289.582
1026.000,CR,265.972,35.926,55641.665,4777.978,135.939,16842.670,2289.582
1027.000,CR,265.972,35.926,55641.665,4777.978,135.939,16842.670,2289.582
1028.000,CR,265.972,35.926,55641.665,4777.978,135.939,16842.670,2289.582
1029.000,CR,265.972,35.926,55641.665,4777.978,135.939,16842.670,2289.582
1030.000,CR,265.972,35.926,55641.665,4777.978,135.939,16842.670,2289.582
1031.000,CR,265.972,35.926,55641.665,4777.978,135.939,16842.670,2289.582
1032.000,CR,265.972,35.926,55641.665,4777.978,135.939,16842.670,2289.582
1033.000,CR,265.972,35.926,55641.665,4777.978,135.939,16842.670,2289.582
1034.000,CR,265.972,35.926,55641.665,4777.978,135.939,16842.670,2289.582
1035.000,CR,265.972,35.926,55641.665,4777.978,135.939,16842.670,2289.582
1036.000,CR,265.972,35.926,55641.665,4777.978,135.939,16842.670,2289.582
1037.000,CR,265.972,35.926,55641.665,4777.978,135.939,16842.670,2289.582
1038.000,CR,265.972,35.926,55641.665,4777.978,135.939,16842.670,2289.582
1039.000,CR,265.972,35.926,55641.665,4777.978,135.939,16842.670,2289.582
1040.000,CR,265.972,35.926,55641.665,4777.978,135.939,16842.670,2289.582
1041.000,CR,265.972,35.926,55641.665,4777.978,135.939,16842.670,2289.582
1042.000,CR,265.972,35.926,55641.665,4777.978,135.939,16842.670,2289.582
1043.000,CR,265.972,35.926,55641.665,4777.978,135.939,16842.670,2289.582
1044.000,CR,265.972,35.926,55641.665,4777.978,135.939,16842.670,2289.582
1045.000,CR,265.972,35.926,55641.665,4777.978,135.939,16842.670,2289.582
1046.000,CR,265.972,35.926,55641.665,4777.978,135.939,16842.670,2289.582
1047.000,CR,265.972,35.926,55641.665,4777.978,135.939,16842.670,2289.582
1048.000,CR,265.972,35.926,55641.665,4777.978,135.939,16842.670,2289.582
1049.000,CR,265.972,35.926,55641.665,4777.978,135.939,16842.670,2289.582
1050.000,CR,265.972,35.926,55641.665,4777.978,135.939,16842.670,2289.582
1051.000,CR,265.972,35.926,55641.665,4777.978,135.939,16842.670,2289.582
1052.000,CR,265.972,35.926,55641.665,4777.978,135.939,16842.670,2289.582
1053.000,CR,265.972,35.926,55641.665,4777.978,135.939,16842.670,2289.582
1054.000,CR,265.972,35.926,55641.665,4777.978,135.939,16842.670,2289.582
1055.000,CR,265.972,35.926,55641.665,4777.978,135.939,16842.670,2289.582
1056.000,CR,265.972,35.926,55641.665,4777.978,135.939,16842.670,2289.582
1057.000,CR,265.972,35.926,55641.665,4777.978,135.939,16842.670,2289.582
1058.000,CR,265.972,35.926,55641.665,4777.978,135.939,16842.670,2289.582
1059.000,CR,265.972,35.926,55641.665,4777.978,135.939,16842.670,2289.582
1060.000,CR,265.972,35.926,55641.665,4777.978,135.939,16842.670,2289.582
1061.000,CR,265.972,35.926,55641.665,4777.978,135.939,16842.670,2289.582
1062.000,CR,265.972,35.926,55641.665,4777.978,135.939,16842.670,2289.582
1063.000,CR,265.972,35.926,55641.665,4777.978,135.939,16842.670,2289.582
1064.000,CR,265.972,35.926,55641.665,4777.978,135.939,16842.670,2289.582
1065.000,CR,265.972,35.926,55641.665,4777.978,135.939,16842.670,2289.582
1066.000,CR,265.972,35.926,55641.665,4777.978,135.939,16842.670,2289.582
1067.000,CR,265.972,35.926,55641.665,4777.978,135.939,16842.670,2289.582
1068.000,CR,265.972,35.926,55641.665,4777.978,135.939,16842.670,2289.582
1069.000,CR,265.972,35.926,55641.665,4777.978,135.939,16842.670,2289.582
1070.000,CR,265.972,35.926,55641.665,4777.978,135.939,16842.670,2289.582
1071.000,CR,265.972,35.926,55641.665,4777.978,135.939,16842.670,2289.582
1072.000,CR,265.972,35.926,55641.665,4777.978,135.939,16842.670,2289.582
1073.000,CR,265.972,35.926,55641.665,4777.978,135.939,16842.670,2289.582
1074.000,CR,265.972,35.926,55641.665,4777.978,135.939,16842.670,2289.582
1075.000,CR,265.972,35.926,55641.665,4777.978,135.939,16842.670,2289.582
1076.000,CR,265.972,35.926,55641.665,4777.978,135.939,16842.670,2289.582
1077.000,CR,265.972,35.926,55641.665,4777.978,135.939,16842.670,2289.582
1078.000,CR,265.972,35.926,55641.665,4777.978,135.939,16842.670,2289.582
1079.000,CR,265.972,35.926,55641.665,4777.978,135.939,16842.670,2289.582
1080.000,CR,265.972,35.926,55641.665,4777.978,135.939,16842.670,2289.582
1081.000,CR,265.972,35.926,55641.665,4777.978,135.939,16842.670,2289.582
1082.000,CR,265.972,35.926,55641.665,4777.978,135.939,16842.670,2289.582
1083.000,CR,265.972,35.926,55641.665,4777.978,135.939,16842.670,2289.582
1084.000,CR,265.972,35.926,55641.665,4777.978,135.939,16842.670,2289.582
1085.000,CR,265.972,35.926,55641.665,4777.978,135.939,16842.670,2289.582
1086.000,CR,265.972,35.926,55641.665,4777.978,135.939,16842.670,2289.582
1087.000,CR,265.972,35.926,55641.665,4777.978,135.939,16842.670,2289.582
1088.000,CR,265.972,35.926,55641.665,4777.978,135.939,16842.670,2289.582
1089.000,CR,265.972,35.926,55641.665,4777.978,135.939,16842.670,2289.582
1090.000,CR,265.972,35.926,55641.665,4777.978,135.939,16842.670,2289.582
1091.000,CR,265.972,35.926,55641.665,4777.978,135.939,16842.670,2289.582
1092.000,CR,265.972,35.926,55641.665,4777.978,135.939,16842.670,2289.582
1093.000,CR,265.972,35.926,55641.665,4777.978,135.939,16842.670,2289.582
1094.000,CR,265.972,35.926,55641.665,4777.978,135.939,16842.670,2289.582
1095.000,CR,265.972,35.926,55641.665,4777.978,135.939,16842.670,2289.582
1096.000,CR,265.972,35.926,55641.665,4777.978,135.939,16842.670,2289.582
1097.000,CR,265.972,35.926,55641.665,4777.978,135.939,16842.670,2289.582
1098.000,CR,265.972,35.926,55641.665,4777.978,135.939,16842.670,2289.582
1099.000,CR,265.972,35.926,55641.665,4777.978,135.939,16842.670,2289.582
1100.000,CR,265.972,35.926,55641.665,4777.978,135.939,16842.670,2289.582
1101.000,CR,265.972,35.926,55641.665,4777.978,135.939,16842.670,2289.582
1102.000,CR,265.972,35.926,55641.665,4777.978,135.939,16842.670,2289.582
1103.000,CR,265.972,35.926,55641.665,4777.978,135.939,16842.670,2289.582
1104.000,CR,265.972,35.926,55641.665,4777.978,135.939,16842.670,2289.582
1105.000,CR,265.972,35.926,55641.665,4777.978,135.939,16842.670,2289.582
1106.000,CR,265.972,35.926,55641.665,4777.978,135.939,16842.670,2289.582
1107.000,CR,265.972,35.926,55641.665,4777.978,135.939,16842.670,2289.582
1108.000,CR,265.972,35.926,55641.665,4777.978,135.939,16842.670,2289.582
1109.000,CR,265.972,35.926,55641.665,4777.978,135.939,16842.670,2289.582
1110.000,CR,265.972,35.926,55641.665,4777.978,135.939,16842.670,2289.582
1111.000,CR,265.972,35.926,55641.665,4777.978,135.939,16842.670,2289.582
1112.000,CR,265.972,35.926,55641.665,4777.978,135.939,16842.670,2289.582
1113.000,CR,265.972,35.926,55641.665,4777.978,135.939,16842.670,2289.582
1114.000,CR,265.972,35.926,55641.665,4777.978,135.939,16842.670,2289.582
1115.000,CR,265.972,35.926,55641.665,4777.978,135.939,16842.670,2289.582
1116.000,CR,265.972,35.926,55641.665,4777.978,135.939,16842.670,2289.582
1117.000,CR,265.972,35.926,55641.665,4777.978,135.939,16842.670,2289.582
1118.000,CR,265.972,35.926,55641.665,4777.978,135.939,16842.670,2289.582
1119.000,CR,265.972,35.926,55641.665,4777.978,135.939,16842.670,2289.582
1120.000,CR,265.972,35.926,55641.665,4777.978,135.939,16842.670,2289.582
1121.000,CR,265.972,35.926,55641.665,4777.978,135.939,16842.670,2289.582
1122.000,CR,265.972,35.926,55641.665,4777.978,135.939,16842.670,2289.582
1123.000,CR,265.972,35.926,55641.665,4777.978,135.939,16842.670,2289.582
1124.000,CR,265.972,35.926,55641.665,4777.978,135.939,16842.670,2289.582
1125.000,CR,265.972,35.926,55641.665,4777.978,135.939,16842.670,2289.582
1126.000,CR,265.972,35.926,55641.665,4777.978,135.939,16842.670,2289.582
1127.000,CR,265.972,35.926,55641.665,4777.978,135.939,16842.670,2289.582
1128.000,CR,265.972,35.926,55641.665,4777.978,135.939,16842.670,2289.582
1129.000,CR,265.972,35.926,55641.665,4777.978,135.939,16842.670,2289.582
1130.000,CR,265.972,35.926,55641.665,4777.978,135.939,16842.670,2289.582
1131.000,CR,265.972,35.926,55641.665,4777.978,135.939,16842.670,2289.582
1132.000,CR,265.972,35.926,55641.665,4777.978,135.939,16842.670,2289.582
1133.000,CR,265.972,35.926,55641.665,4777.978,135.939,16842.670,2289.582
1134.000,CR,265.972,35.926,55641.665,4777.978,135.939,16842.670,2289.582
1135.000,CR,265.972,35.926,55641.665,4777.978,135.939,16842.670,2289.582
1136.000,CR,265.972,35.926,55641.665,4777.978,135.939,16842.670,2289.582
1137.000,CR,265.972,35.926,55641.665,4777.978,135.939,16842.670,2289.582
1138.000,CR,265.972,35.926,55641.665,4777.978,135.939,16842.670,2289.582
1139.000,CR,265.972,35.926,55641.665,4777.978,135.939,16842.670,2289.582
1140.000,CR,265.972,35.926,55641.665,4777.978,135.939,16842.670,2289.582
1141.000,CR,265.972,35.926,55641.665,4777.978,135.939,16842.670,2289.582
1142.000,CR,265.972,35.926,55641.665,4777.978,135.939,16842.670,2289.582
1143.000,CR,265.972,35.926,55641.665,4777.978,135.939,16842.670,2289.582
1144.000,CR,265.972,35.926,55641.665,4777.978,135.939,16842.670,2289.582
1145.000,CR,265.972,35.926,55641.665,4777.978,135.939,16842.670,2289.582
1146.000,CR,265.972,35.926,55641.665,4777.978,135.939,16842.670,2289.582
1147.000,CR,265.972,35.926,55641.665,4777.978,135.939,16842.670,2289.582
1148.000,CR,265.972,35.926,55641.665,4777.978,135.939,16842.670,2289.582
1149.000,CR,265.972,35.926,55641.665,4777.978,135.939,16842.670,2289.582
1150.000,CR,265.972,35.926,55641.665,4777.978,135.939,16842.670,2289.582
1151.000,CR,265.972,35.926,55641.665,4777.978,135.939,16842.670,2289.582
1152.000,CR,265.972,35.926,55641.665,4777.978,135.939,16842.670,2289.582
1153.000,CR,265.972,35.926,55641.665,4777.978,135.939,16842.670,2289.582
1154.000,CR,265.972,35.926,55641.665,4777.978,135.939,16842.670,2289.582
1155.000,CR,265.972,35.926,55641.665,4777.978,135.939,16842.670,2289.582
1156.000,CR,265.972,35.926,55641.665,4777.978,135.939,16842.670,2289.582
1157.000,CR,265.972,35.926,55641.665,4777.978,135.939,16842.670,2289.582
1158.000,CR,265.972,35.926,55641.665,4777.978,135.939,16842.670,2289.582
1159.000,CR,265.972,35.926,55641.665,4777.978,135.939,16842.670,2289.582
1160.000,CR,265.972,35.926,55641.665,4777.978,135.939,16842.670,2289.582
1161.000,CR,265.972,35.926,55641.665,4777.978,135.939,16842.670,2289.582
1162.000,CR,265.972,35.926,55641.665,4777.978,135.939,16842.670,2289.582
1163.000,CR,265.972,35.926,55641.665,4777.978,135.939,16842.670,2289.582
1164.000,CR,265.972,35.926,55641.665,4777.978,135.939,16842.670,2289.582
1165.000,CR,265.972,35.926,55641.665,4777.978,135.939,16842.670,2289.582
1166.000,CR,265.972,35.926,55641.665,4777.978,135.939,16842.670,2289.582
1167.000,CR,265.972,35.926,55641.665,4777.978,135.939,16842.670,2289.582
1168.000,CR,265.972,35.926,55641.665,4777.978,135.939,16842.670,2289.582
1169.000,CR,265.972,35.926,55641.665,4777.978,135.939,16842.670,2289.582
1170.000,CR,265.972,35.926,55641.665,4777.978,135.939,16842.670,2289.582
1171.000,CR,265.972,35.926,55641.665,4777.978,135.939,16842.670,2289.582
1172.000,CR,265.972,35.926,55641.665,4777.978,135.939,16842.670,2289.582
1173.000,CR,265.972,35.926,55641.665,4777.978,135.939,16842.670,2289.582
1174.000,CR,265.972,35.926,55641.665,4777.978,135.939,16842.670,2289.582
1175.000,CR,265.972,35.926,55641.665,4777.978,135.939,16842.670,2289.582
1176.000,CR,265.972,35.926,55641.665,4777.978,135.939,16842.670,2289.582
1177.000,CR,265.972,35.926,55641.665,4777.978,135.939,16842.670,2289.582
1178.000,CR,265.972,35.926,55641.665,4777.978,135.939,16842.670,2289.582
1179.000,CR,265.972,35.926,55641.665,4777.978,135.939,16842.670,2289.582
1180.000,CR,265.972,35.926,55641.665,4777.978,135.939,16842.670,2289.582
1181.000,CR,265.972,35.926,55641.665,4777.978,135.939,16842.670,2289.582
1182.000,CR,265.972,35.926,55641.665,4777.978,135.939,16842.670,2289.582
1183.000,CR,265.972,35.926,55641.665,4777.978,135.939,16842.670,2289.582
1184.000,CR,265.972,35.926,55641.665,4777.978,135.939,16842.670,2289.582
1185.000,CR,265.972,35.926,55641.665,4777.978,135.939,16842.670,2289.582
1186.000,CR,265.972,35.926,55641.665,4777.978,135.939,16842.670,2289.582
1187.000,CR,265.972,35.926,55641.665,4777.978,135.939,16842.670,2289.582
1188.000,CR,265.972,35.926,55641.665,4777.978,135.939,16842.670,2289.582
1189.000,CR,265.972,35.926,55641.665,4777.978,135.939,16842.670,2289.582
1190.000,CR,265.972,35.926,55641.665,4777.978,135.939,16842.670,2289.582
1191.000,CR,265.972,35.926,55641.665,4777.978,135.939,16842.670,2289.582
1192.000,CR,265.972,35.926,55641.665,4777.978,135.939,16842.670,2289.582
1193.000,CR,265.972,35.926,55641.665,4777.978,135.939,16842.670,2289.582
1194.000,CR,265.972,35.926,55641.665,4777.978,135.939,16842.670,2289.582
1195.000,CR,265.972,35.926,55641.665,4777.978,135.939,16842.670,2289.582
1196.000,CR,265.972,35.926,55641.665,4777.978,135.939,16842.670,2289.582
1197.000,CR,265.972,35.926,55641.665,4777.978,135.939,16842.670,2289.582
1198.000,CR,265.972,35.926,55641.665,4777.978,135.939,16842.670,2289.582
1199.000,CR,265.972,35.926,55641.665,4777.978,135.939,16842.670,2289.582
1200.000,CR,265.972,35.926,55641.665,4777.978,135.939,16842.670,2289.582
1201.000,CR,265.972,35.926,55641.665,4777.978,135.939,16842.670,2289.582
1202.000,CR,265.972,35.926,55641.665,4777.978,135.939,16842.670,2289.582
1203.000,CR,265.972,35.926,55641.665,4777.978,135.939,16842.670,2289.582
1204.000,CR,265.972,35.926,55641.665,4777.978,135.939,16842.670,2289.582
1205.000,CR,265.972,35.926,55641.665,4777.978,135.939,16842.670,2289.582
1206.000,CR,265.972,35.926,55641.665,4777.978,135.939,16842.670,2289.582
1207.000,CR,265.972,35.926,55641.665,4777.978,135.939,16842.670,2289.582
1208.000,CR,265.972,35.926,55641.665,4777.978,135.939,16842.670,2289.582
1209.000,CR,265.972,35.926,55641.665,4777.978,135.939,16842.670,2289.582
1210.000,CR,265.972,35.926,55641.665,4777.978,135.939,16842.670,2289.582
1211.000,CR,265.972,35.926,55641.665,4777.978,135.939,16842.670,2289.582
1212.000,CR,265.972,35.926,55641.665,4777.978,135.939,16842.670,2289.582
1213.000,CR,265.972,35.926,55641.665,4777.978,135.939,16842.670,2289.582
1214.000,CR,265.972,35.926,55641.665,4777.978,135.939,16842.670,2289.582
1215.000,CR,265.972,35.926,55641.665,4777.978,135.939,16842.670,2289.582
1216.000,CR,265.972,35.926,55641.665,4777.978,135.939,16842.670,2289.582
1217.000,CR,265.972,35.926,55641.665,4777.978,135.939,16842.670,2289.582
1218.000,CR,265.972,35.926,55641.665,4777.978,135.939,16842.670,2289.582
1219.000,CR,265.972,35.926,55641.665,4777.978,135.939,16842.670,2289.582
1220.000,CR,265.972,35.926,55641.665,4777.978,135.939,16842.670,2289.582
1221.000,CR,265.972,35.926,55641.665,4777.978,135.939,16842.670,2289.582
1222.000,CR,265.972,35.926,55641.665,4777.978,135.939,16842.670,2289.582
1223.000,CR,265.972,35.926,55641.665,4777.978,135.939,16842.670,2289.582
1224.000,CR,265.972,35.926,55641.665,4777.978,135.939,16842.670,2289.582
1225.000,CR,265.972,35.926,55641.665,4777.978,135.939,16842.670,2289.582
1226.000,CR,265.972,35.926,55641.665,4777.978,135.939,16842.670,2289.582
1227.000,CR,265.972,35.926,55641.665,4777.978,135.939,16842.670,2289.582
1228.000,CR,265.972,35.926,55641.665,4777.978,135.939,16842.670,2289.582
1229.000,CR,265.972,35.926,55641.665,4777.978,135.939,16842.670,2289.582
1230.000,CR,265.972,35.926,55641.665,4777.978,135.939,16842.670,2289.582
1231.000,CR,265.972,35.926,55641.665,4777.978,135.939,16842.670,2289.582
1232.000,CR,265.972,35.926,55641.665,4777.978,135.939,16842.670,2289.582
1233.000,CR,265.972,35.926,55641.665,4777.978,135.939,16842.670,2289.582
1234.000,CR,265.972,35.926,55641.665,4777.978,135.939,16842.670,2289.582
1235.000,CR,265.972,35.926,55641.665,4777.978,135.939,16842.670,2289.582
1236.000,CR,265.972,35.926,55641.665,4777.978,135.939,16842.670,2289.582
1237.000,CR,265.972,35.926,55641.665,4777.978,135.939,16842.670,2289.582
1238.000,CR,265.972,35.926,55641.665,4777.978,135.939,16842.670,2289.582
1239.000,CR,265.972,35.926,55641.665,4777.978,135.939,16842.670,2289.582
1240.000,CR,265.972,35.926,55641.665,4777.978,135.939,16842.670,2289.582
1241.000,CR,265.972,35.926,55641.665,4777.978,135.939,16842.670,2289.582
1242.000,CR,265.972,35.926,55641.665,4777.978,135.939,16842.670,2289.582
1243.000,CR,265.972,35.926,55641.665,4777.978,135.939,16842.670,2289.582
1244.000,CR,265.972,35.926,55641.665,4777.978,135.939,16842.670,2289.582
1245.000,CR,265.972,35.926,55641.665,4777.978,135.939,16842.670,2289.582
1246.000,CR,265.972,35.926,55641.665,4777.978,135.939,16842.670,2289.582
1247.000,CR,265.972,35.926,55641.665,4777.978,135.939,16842.670,2289.582
1248.000,CR,265.972,35.926,55641.665,4777.978,135.939,16842.670,2289.582
1249.000,CR,265.972,35.926,55641.665,4777.978,135.939,16842.670,2289.582
1250.000,CR,265.972,35.926,55641.665,4777.978,135.939,16842.670,2289.582
1251.000,CR,265.972,35.926,55641.665,4777.978,135.939,16842.670,2289.582
1252.000,CR,265.972,35.926,55641.665,4777.978,135.939,16842.670,2289.582
1253.000,CR,265.972,35.926,55641.665,4777.978,135.939,16842.670,2289.582
1254.000,CR,265.972,35.926,55641.665,4777.978,135.939,16842.670,2289.582
1255.000,CR,265.972,35.926,55641.665,4777.978,135.939,16842.670,2289.582
1256.000,CR,265.972,35.926,55641.665,4777.978,135.939,16842.670,2289.582
1257.000,CR,265.972,35.926,55641.665,4777.978,135.939,16842.670,2289.582
1258.000,CR,265.972,35.926,55641.665,4777.978,135.939,16842.670,2289.582
1259.000,CR,265.972,35.926,55641.665,4777.978,135.939,16842.670,2289.582
1260.000,CR,265.972,35.926,55641.665,4777.978,135.939,16842.670,2289.582
1261.000,CR,265.972,35.926,55641.665,4777.978,135.939,16842.670,2289.582
1262.000,CR,265.972,35.926,55641.665,4777.978,135.939,16842.670,2289.582
1263.000,CR,265.972,35.926,55641.665,4777.978,135.939,16842.670,2289.582
1264.000,CR,265.972,35.926,55641.665,4777.978,135.939,16842.670,2289.582
1265.000,CR,265.972,35.926,55641.665,4777.978,135.939,16842.670,2289.582
1266.000,CR,265.972,35.926,55641.665,4777.978,135.939,16842.670,2289.582
1267.000,CR,265.972,35.926,55641.665,4777.978,135.939,16842.670,2289.582
1268.000,CR,265.972,35.926,55641.665,4777.978,135.939,16842.670,2289.582
1269.000,CR,265.972,35.926,55641.665,4777.978,135.939,16842.670,2289.582
1270.000,CR,265.972,35.926,55641.665,4777.978,135.939,16842.670,2289.582
1271.000,CR,265.972,35.926,55641.665,4777.978,135.939,16842.670,2289.582
1272.000,CR,265.972,35.926,55641.665,4777.978,135.939,16842.670,2289.582
1273.000,CR,265.972,35.926,55641.665,4777.978,135.939,16842.670,2289.582
1274.000,CR,265.972,35.926,55641.665,4777.978,135.939,16842.670,2289.582
1275.000,CR,265.972,35.926,55641.665,4777.978,135.939,16842.670,2289.582
1276.000,CR,265.972,35.926,55641.665,4777.978,135.939,16842.670,2289.582
1277.000,CR,265.972,35.926,55641.665,4777.978,135.939,16842.670,2289.582
1278.000,CR,265.972,35.926,55641.665,4777.978,135.939,16842.670,2289.582
1279.000,CR,265.972,35.926,55641.665,4777.978,135.939,16842.670,2289.582
1280.000,CR,265.972,35.926,55641.665,4777.978,135.939,16842.670,2289.582
1281.000,CR,265.972,35.926,55641.665,4777.978,135.939,16842.670,2289.582
1282.000,CR,265.972,35.926,55641.665,4777.978,135.939,16842.670,2289.582
1283.000,CR,265.972,35.926,55641.665,4777.978,135.939,16842.670,2289.582
1284.000,CR,265.972,35.926,55641.665,4777.978,135.939,16842.670,2289.582
1285.000,CR,265.972,35.926,55641.665,4777.978,135.939,16842.670,2289.582
1286.000,CR,265.972,35.926,55641.665,4777.978,135.939,16842.670,2289.582
1287.000,CR,265.972,35.926,55641.665,4777.978,135.939,16842.670,2289.582
1288.000,CR,265.972,35.926,55641.665,4777.978,135.939,16842.670,2289.582
1289.000,CR,265.972,35.926,55641.665,4777.978,135.939,16842.670,2289.582
1290.000,CR,265.972,35.926,55641.665,4777.978,135.939,16842.670,2289.582
1291.000,CR,265.972,35.926,55641.665,4777.978,135.939,16842.670,2289.582
1292.000,CR,265.972,35.926,55641.665,4777.978,135.939,16842.670,2289.582
1293.000,CR,265.972,35.926,55641.665,4777.978,135.939,16842.670,2289.582
1294.000,CR,265.972,35.926,55641.665,4777.978,135.939,16842.670,2289.582
1295.000,CR,265.972,35.926,55641.665,4777.978,135.939,16842.670,2289.582
1296.000,CR,265.972,35.926,55641.665,4777.978,135.939,16842.670,2289.582
1297.000,CR,265.972,35.926,55641.665,4777.978,135.939,16842.670,2289.582
1298.000,CR,265.972,35.926,55641.665,4777.978,135.939,16842.670,2289.582
1299.000,CR,265.972,35.926,55641.665,4777.978,135.939,16842.670,2289.582
1300.000,CR,265.972,35.926,55641.665,4777.978,135.939,16842.670,2289.582
1301.000,CR,265.972,35.926,55641.665,4777.978,135.939,16842.670,2289.582
1302.000,CR,265.972,35.926,55641.665,4777.978,135.939,16842.670,2289.582
1303.000,CR,265.972,35.926,55641.665,4777.978,135.939,16842.670,2289.582
1304.000,CR,265.972,35.926,55641.665,4777.978,135.939,16842.670,2289.582
1305.000,CR,265.972,35.926,55641.665,4777.978,135.939,16842.670,2289.582
1306.000,CR,265.972,35.926,55641.665,4777.978,135.939,16842.670,2289.582
1307.000,CR,265.972,35.926,55641.665,4777.978,135.939,16842.670,2289.582
1308.000,CR,265.972,35.926,55641.665,4777.978,135.939,16842.670,2289.582
1309.000,CR,265.972,35.926,55641.665,4777.978,135.939,16842.670,2289.582
1310.000,CR,265.972,35.926,55641.665,4777.978,135.939,16842.670,2289.582
1311.000,CR,265.972,35.926,55641.665,4777.978,135.939,16842.670,2289.582
1312.000,CR,265.972,35.926,55641.665,4777.978,135.939,16842.670,2289.582
1313.000,CR,265.972,35.926,55641.665,4777.978,135.939,16842.670,2289.582
1314.000,CR,265.972,35.926,55641.665,4777.978,135.939,16842.670,2289.582
1315.000,CR,265.972,35.926,55641.665,4777.978,135.939,16842.670,2289.582
1316.000,CR,265.972,35.926,55641.665,4777.978,135.939,16842.670,2289.582
1317.000,CR,265.972,35.926,55641.665,4777.978,135.939,16842.670,2289.582
1318.000,CR,265.972,35.926,55641.665,4777.978,135.939,16842.670,2289.582
1319.000,CR,265.972,35.926,55641.665,4777.978,135.939,16842.670,2289.582
1320.000,CR,265.972,35.926,55641.665,4777.978,135.939,16842.670,2289.582
1321.000,CR,265.972,35.926,55641.665,4777.978,135.939,16842.670,2289.582
1322.000,CR,265.972,35.926,55641.665,4777.978,135.939,16842.670,2289.582
1323.000,CR,265.972,35.926,55641.665,4777.978,135.939,16842.670,2289.582
1324.000,CR,265.972,35.926,55641.665,4777.978,135.939,16842.670,2289.582
1325.000,CR,265.972,35.926,55641.665,4777.978,135.939,16842.670,2289.582
1326.000,CR,265.972,35.926,55641.665,4777.978,135.939,16842.670,2289.582
1327.000,CR,265.972,35.926,55641.665,4777.978,135.939,16842.670,2289.582
1328.000,CR,265.972,35.926,55641.665,4777.978,135.939,16842.670,2289.582
1329.000,CR,265.972,35.926,55641.665,4777.978,135.939,16842.670,2289.582
1330.000,CR,265.972,35.926,55641.665,4777.978,135.939,16842.670,2289.582
1331.000,CR,265.972,35.926,55641.665,4777.978,135.939,16842.670,2289.582
1332.000,CR,265.972,35.926,55641.665,4777.978,135.939,16842.670,2289.582
1333.000,CR,265.972,35.926,55641.665,4777.978,135.939,16842.670,2289.582
1334.000,CR,265.972,35.926,55641.665,4777.978,135.939,16842.670,2289.582
1335.000,CR,265.972,35.926,55641.665,4777.978,135.939,16842.670,2289.582
1336.000,CR,265.972,35.926,55641.665,4777.978,135.939,16842.670,2289.582
1337.000,CR,265.972,35.926,55641.665,4777.978,135.939,16842.670,2289.582
1338.000,CR,265.972,35.926,55641.665,4777.978,135.939,16842.670,2289.582
1339.000,CR,265.972,35.926,55641.665,4777.978,135.939,16842.670,2289.582
1340.000,CR,265.972,35.926,55641.665,4777.978,135.939,16842.670,2289.582
1341.000,CR,265.972,35.926,55641.665,4777.978,135.939,16842.670,2289.582
1342.000,CR,265.972,35.926,55641.665,4777.978,135.939,16842.670,2289.582
1343.000,CR,265.972,35.926,55641.665,4777.978,135.939,16842.670,2289.582
1344.000,CR,265.972,35.926,55641.665,4777.978,135.939,16842.670,2289.582
1345.000,CR,265.972,35.926,55641.665,4777.978,135.939,16842.670,2289.582
1346.000,CR,265.972,35.926,55641.665,4777.978,135.939,16842.670,2289.582
1347.000,CR,265.972,35.926,55641.665,4777.978,135.939,16842.670,2289.582
1348.000,CR,265.972,35.926,55641.665,4777.978,135.939,16842.670,2289.582
1349.000,CR,265.972,35.926,55641.665,4777.978,135.939,16842.670,2289.582
1350.000,CR,265.972,35.926,55641.665,4777.978,135.939,16842.670,2289.582
1351.000,CR,265.972,35.926,55641.665,4777.978,135.939,16842.670,2289.582
1352.000,CR,265.972,35.926,55641.665,4777.978,135.939,16842.670,2289.582
1353.000,CR,265.972,35.926,55641.665,4777.978,135.939,16842.670,2289.582
1354.000,CR,265.972,35.926,55641.665,4777.978,135.939,16842.670,2289.582
1355.000,CR,265.972,35.926,55641.665,4777.978,135.939,16842.670,2289.582
1356.000,CR,265.972,35.926,55641.665,4777.978,135.939,16842.670,2289.582
1357.000,CR,265.972,35.926,55641.665,4777.978,135.939,16842.670,2289.582
1358.000,CR,265.972,35.926,55641.665,4777.978,135.939,16842.670,2289.582
1359.000,CR,265.972,35.926,55641.665,4777.978,135.939,16842.670,2289.582
1360.000,CR,265.972,35.926,55641.665,4777.978,135.939,16842.670,2289.582
1361.000,CR,265.972,35.926,55641.665,4777.978,135.939,16842.670,2289.582
1362.000,CR,265.972,35.926,55641.665,4777.978,135.939,16842.670,2289.582
1363.000,CR,265.972,35.926,55641.665,4777.978,135.939,16842.670,2289.582
1364.000,CR,265.972,35.926,55641.665,4777.978,135.939,16842.670,2289.582
1365.000,CR,265.972,35.926,55641.665,4777.978,135.939,16842.670,2289.582
1366.000,CR,265.972,35.926,55641.665,4777.978,135.939,16842.670,2289.582
1367.000,CR,265.972,35.926,55641.665,4777.978,135.939,16842.670,2289.582
1368.000,CR,265.972,35.926,55641.665,4777.978,135.939,16842.670,2289.582
1369.000,CR,265.972,35.926,55641.665,4777.978,135.939,16842.670,2289.582
1370.000,CR,265.972,35.926,55641.665,4777.978,135.939,16842.670,2289.582
1371.000,CR,265.972,35.926,55641.665,4777.978,135.939,16842.670,2289.582
1372.000,CR,265.972,35.926,55641.665,4777.978,135.939,16842.670,2289.582
1373.000,CR,265.972,35.926,55641.665,4777.978,135.939,16842.670,2289.582
1374.000,CR,265.972,35.926,55641.665,4777.978,135.939,16842.670,2289.582
1375.000,CR,265.972,35.926,55641.665,4777.978,135.939,16842.670,2289.582
1376.000,CR,265.972,35.926,55641.665,4777.978,135.939,16842.670,2289.582
1377.000,CR,265.972,35.926,55641.665,4777.978,135.939,16842.670,2289.582
1378.000,CR,265.972,35.926,55641.665,4777.978,135.939,16842.670,2289.582
1379.000,CR,265.972,35.926,55641.665,4777.978,135.939,16842.670,2289.582
1380.000,CR,265.972,35.926,55641.665,4777.978,135.939,16842.670,2289.582
1381.000,CR,265.972,35.926,55641.665,4777.978,135.939,16842.670,2289.582
1382.000,CR,265.972,35.926,55641.665,4777.978,135.939,16842.670,2289.582
1383.000,CR,265.972,35.926,55641.665,4777.978,135.939,16842.670,2289.582
1384.000,CR,265.972,35.926,55641.665,4777.978,135.939,16842.670,2289.582
1385.000,CR,265.972,35.926,55641.665,4777.978,135.939,16842.670,2289.582
1386.000,CR,265.972,35.926,55641.665,4777.978,135.939,16842.670,2289.582
1387.000,CR,265.972,35.926,55644.333,4777.617,135.931,16843.771,2289.582
1388.000,CR,265.972,35.926,55652.159,4776.559,135.904,16846.998,2289.582
1389.000,CR,265.972,35.926,55664.871,4774.840,135.862,16852.244,2289.582
1390.000,CR,265.972,35.926,55682.202,4772.497,135.805,16859.398,2289.582
1391.000,CR,265.972,35.926,55703.882,4769.567,135.732,16868.354,2289.582
1392.000,CR,265.972,35.926,55729.645,4766.086,135.647,16879.006,2289.582
1393.000,CR,265.972,35.926,55759.224,4762.092,135.548,16891.246,2289.582
1394.000,CR,265.972,35.926,55792.350,4757.620,135.438,16904.970,2289.582
1395.000,CR,265.972,35.926,55828.758,4752.709,135.318,16920.071,2289.582
1396.000,CR,265.972,35.926,55868.180,4747.393,135.187,16936.444,2289.582
1397.000,CR,265.972,35.926,55910.348,4741.710,135.047,16953.982,2289.582
1398.000,CR,265.972,35.926,55954.996,4735.697,134.899,16972.580,2289.582
1399.000,CR,265.972,35.926,56001.855,4729.390,134.744,16992.129,2289.582
1400.000,CR,265.972,35.926,56050.656,4722.827,134.582,17012.523,2289.582
1401.000,CR,265.972,35.926,56101.132,4716.043,134.415,17033.652,2289.582
1402.000,CR,265.972,35.926,56153.010,4709.076,134.244,17055.408,2289.582
1403.000,CR,265.972,35.926,56206.022,4701.962,134.069,17077.679,2289.582
1404.000,CR,265.972,35.926,56259.896,4694.738,133.891,17100.355,2289.582
1405.000,CR,265.972,35.926,56314.360,4687.440,133.711,17123.322,2289.582
1406.000,DE,275.021,42.142,56369.141,4680.106,133.531,10145.429,1354.728
1407.000,DE,275.021,42.142,56423.965,4672.771,133.350,10159.161,1354.728
1408.000,DE,275.021,42.142,56478.557,4665.474,133.171,10172.861,1354.728
1409.000,DE,275.021,42.142,56532.643,4658.250,132.993,10186.459,1354.728
1410.000,DE,275.021,42.142,56585.945,4651.136,132.818,10199.886,1354.728
1411.000,DE,275.021,42.142,56638.186,4644.168,132.646,10213.071,1354.728
1412.000,DE,275.021,42.142,56689.089,4637.385,132.480,10225.941,1354.728
1413.000,DE,275.021,42.142,56738.375,4630.821,132.318,10238.424,1354.728
1414.000,DE,275.021,42.142,56785.764,4624.514,132.163,10250.447,1354.728
1415.000,DE,275.021,42.142,56830.977,4618.501,132.015,10261.936,1354.728
1416.000,DE,275.021,42.142,56873.733,4612.819,131.875,10272.819,1354.728
1417.000,DE,275.021,42.142,56913.751,4607.503,131.744,10283.019,1354.728
1418.000,DE,275.021,42.142,56950.751,4602.591,131.623,10292.462,1354.728
1419.000,DE,275.021,42.142,56984.449,4598.120,131.513,10301.074,1354.728
1420.000,DE,275.021,42.142,57014.566,4594.125,131.415,10308.780,1354.728
1421.000,DE,275.021,42.142,57040.818,4590.645,131.329,10315.503,1354.728
1422.000,DE,275.021,42.142,57062.926,4587.714,131.257,10321.170,1354.728
1423.000,DE,275.021,42.142,57080.608,4585.372,131.200,10325.705,1354.728
1424.000,DE,275.021,42.142,57093.584,4583.653,131.157,10329.036,1354.728
1425.000,DE,275.021,42.142,57101.574,4582.595,131.131,10331.087,1354.728
1426.000,DE,275.021,42.142,57104.299,4582.234,131.122,10331.787,1354.728
1427.000,DE,275.021,42.142,57178.240,4572.446,131.122,10331.787,1354.728
1428.000,DE,275.021,42.142,57252.258,4562.659,131.122,10331.787,1354.728
1429.000,DE,275.021,42.142,57326.354,4552.872,131.122,10331.787,1354.728
1430.000,DE,275.021,42.142,57400.528,4543.085,131.122,10331.787,1354.728
1431.000,DE,275.021,42.142,57474.779,4533.298,131.122,10331.787,1354.728
1432.000,DE,275.021,42.142,57549.108,4523.510,131.122,10331.787,1354.728
1433.000,DE,275.021,42.142,57623.515,4513.723,131.122,10331.787,1354.728
1434.000,DE,275.021,42.142,57697.999,4503.936,131.122,10331.787,1354.728
1435.000,DE,275.021,42.142,57772.562,4494.149,131.122,10331.787,1354.728
1436.000,DE,275.021,42.142,57847.202,4484.362,131.122,10331.787,1354.728
1437.000,DE,275.021,42.142,57921.921,4474.574,131.122,10331.787,1354.728
1438.000,DE,275.021,42.142,57996.718,4464.787,131.122,10331.787,1354.728
1439.000,DE,275.021,42.142,58071.593,4455.000,131.122,10331.787,1354.728
1440.000,DE,275.021,42.142,58146.546,4445.213,131.122,10331.787,1354.728
1441.000,DE,275.021,42.142,58221.577,4435.425,131.122,10331.787,1354.728
1442.000,DE,275.021,42.142,58296.687,4425.638,131.122,10331.787,1354.728
1443.000,DE,275.021,42.142,58371.876,4415.851,131.122,10331.787,1354.728
1444.000,DE,275.021,42.142,58447.142,4406.064,131.122,10331.787,1354.728
1445.000,DE,275.021,42.142,58522.488,4396.277,131.122,10331.787,1354.728
1446.000,DE,275.021,42.142,58597.912,4386.489,131.122,10331.787,1354.728
1447.000,DE,275.021,42.142,58673.415,4376.702,131.122,10331.787,1354.728
1448.000,DE,275.021,42.142,58748.996,4366.915,131.122,10331.787,1354.728
1449.000,DE,275.021,42.142,58824.656,4357.128,131.122,10331.787,1354.728
1450.000,DE,275.021,42.142,58900.396,4347.341,131.122,10331.787,1354.728
1451.000,DE,275.021,42.142,58976.214,4337.553,131.122,10331.787,1354.728
1452.000,DE,275.021,42.142,59052.111,4327.766,131.122,10331.787,1354.728
1453.000,DE,275.021,42.142,59128.087,4317.979,131.122,10331.787,1354.728
1454.000,DE,275.021,42.142,59204.142,4308.192,131.122,10331.787,1354.728
1455.000,DE,275.021,42.142,59280.277,4298.405,131.122,10331.787,1354.728
1456.000,DE,275.021,42.142,59356.491,4288.617,131.122,10331.787,1354.728
1457.000,DE,275.021,42.142,59432.784,4278.830,131.122,10331.787,1354.728
1458.000,DE,275.021,42.142,59509.156,4269.043,131.122,10331.787,1354.728
1459.000,DE,275.021,42.142,59585.608,4259.256,131.122,10331.787,1354.728
1460.000,DE,275.021,42.142,59662.140,4249.468,131.122,10331.787,1354.728
1461.000,DE,275.021,42.142,59738.751,4239.681,131.122,10331.787,1354.728
1462.000,DE,275.021,42.142,59815.442,4229.894,131.122,10331.787,1354.728
1463.000,DE,275.021,42.142,59892.212,4220.107,131.122,10331.787,1354.728
1464.000,DE,275.021,42.142,59969.062,4210.320,131.122,10331.787,1354.728
1465.000,DE,275.021,42.142,60045.992,4200.532,131.122,10331.787,1354.728
1466.000,DE,275.021,42.142,60123.002,4190.745,131.122,10331.787,1354.728
1467.000,DE,275.021,42.142,60200.092,4180.958,131.122,10331.787,1354.728
1468.000,DE,275.021,42.142,60277.262,4171.171,131.122,10331.787,1354.728
1469.000,DE,275.021,42.142,60354.512,4161.384,131.122,10331.787,1354.728
1470.000,DE,275.021,42.142,60431.842,4151.596,131.122,10331.787,1354.728
1471.000,DE,275.021,42.142,60509.252,4141.809,131.122,10331.787,1354.728
1472.000,DE,275.021,42.142,60586.743,4132.022,131.122,10331.787,1354.728
1473.000,DE,275.021,42.142,60664.313,4122.235,131.122,10331.787,1354.728
1474.000,DE,275.021,42.142,60741.965,4112.448,131.122,10331.787,1354.728
1475.000,DE,275.021,42.142,60819.696,4102.660,131.122,10331.787,1354.728
1476.000,DE,275.021,42.142,60897.509,4092.873,131.122,10331.787,1354.728
1477.000,DE,275.021,42.142,60975.402,4083.086,131.122,10331.787,1354.728
1478.000,DE,275.021,42.142,61053.375,4073.299,131.122,10331.787,1354.728
1479.000,DE,275.021,42.142,61131.429,4063.511,131.122,10331.787,1354.728
1480.000,DE,275.021,42.142,61209.564,4053.724,131.122,10331.787,1354.728
1481.000,DE,275.021,42.142,61287.780,4043.937,131.122,10331.787,1354.728
1482.000,DE,275.021,42.142,61366.077,4034.150,131.122,10331.787,1354.728
1483.000,DE,275.021,42.142,61444.455,4024.363,131.122,10331.787,1354.728
1484.000,DE,275.021,42.142,61522.914,4014.575,131.122,10331.787,1354.728
1485.000,DE,275.021,42.142,61601.454,4004.788,131.122,10331.787,1354.728
1486.000,DE,275.021,42.142,61680.075,3995.001,131.122,10331.787,1354.728
1487.000,DE,275.021,42.142,61758.777,3985.214,131.122,10331.787,1354.728
1488.000,DE,275.021,42.142,61837.561,3975.427,131.122,10331.787,1354.728
1489.000,DE,275.021,42.142,61916.426,3965.639,131.122,10331.787,1354.728
1490.000,DE,275.021,42.142,61995.372,3955.852,131.122,10331.787,1354.728
1491.000,DE,275.021,42.142,62074.400,3946.065,131.122,10331.787,1354.728
1492.000,DE,275.021,42.142,62153.509,3936.278,131.122,10331.787,1354.728
1493.000,DE,275.021,42.142,62232.700,3926.491,131.122,10331.787,1354.728
1494.000,DE,275.021,42.142,62311.973,3916.703,131.122,10331.787,1354.728
1495.000,DE,275.021,42.142,62391.328,3906.916,131.122,10331.787,1354.728
1496.000,DE,275.021,42.142,62470.764,3897.129,131.122,10331.787,1354.728
1497.000,DE,275.021,42.142,62550.282,3887.342,131.122,10331.787,1354.728
1498.000,DE,275.021,42.142,62629.882,3877.554,131.122,10331.787,1354.728
1499.000,DE,275.021,42.142,62709.564,3867.767,131.122,10331.787,1354.728
1500.000,DE,275.021,42.142,62789.329,3857.980,131.122,10331.787,1354.728
1501.000,DE,275.021,42.142,62869.175,3848.193,131.122,10331.787,1354.728
1502.000,DE,275.021,42.142,62949.103,3838.406,131.122,10331.787,1354.728
1503.000,DE,275.021,42.142,63029.114,3828.618,131.122,10331.787,1354.728
1504.000,DE,275.021,42.142,63109.207,3818.831,131.122,10331.787,1354.728
1505.000,DE,275.021,42.142,63189.383,3809.044,131.122,10331.787,1354.728
1506.000,DE,275.021,42.142,63269.641,3799.257,131.122,10331.787,1354.728
1507.000,DE,275.021,42.142,63349.981,3789.470,131.122,10331.787,1354.728
1508.000,DE,275.021,42.142,63430.404,3779.682,131.122,10331.787,1354.728
1509.000,DE,275.021,42.142,63510.910,3769.895,131.122,10331.787,1354.728
1510.000,DE,275.021,42.142,63591.498,3760.108,131.122,10331.787,1354.728
1511.000,DE,275.021,42.142,63672.170,3750.321,131.122,10331.787,1354.728
1512.000,DE,275.021,42.142,63752.924,3740.534,131.122,10331.787,1354.728
1513.000,DE,275.021,42.142,63833.761,3730.746,131.122,10331.787,1354.728
1514.000,DE,275.021,42.142,63914.681,3720.959,131.122,10331.787,1354.728
1515.000,DE,275.021,42.142,63995.684,3711.172,131.122,10331.787,1354.728
1516.000,DE,275.021,42.142,64076.770,3701.385,131.122,10331.787,1354.728
1517.000,DE,275.021,42.142,64157.939,3691.597,131.122,10331.787,1354.728
1518.000,DE,275.021,42.142,64239.192,3681.810,131.122,10331.787,1354.728
1519.000,DE,275.021,42.142,64320.527,3672.023,131.122,10331.787,1354.728
1520.000,DE,275.021,42.142,64401.947,3662.236,131.122,10331.787,1354.728
1521.000,DE,275.021,42.142,64483.449,3652.449,131.122,10331.787,1354.728
1522.000,DE,275.021,42.142,64565.035,3642.661,131.122,10331.787,1354.728
1523.000,DE,275.021,42.142,64646.705,3632.874,131.122,10331.787,1354.728
1524.000,DE,275.021,42.142,64728.458,3623.087,131.122,10331.787,1354.728
1525.000,DE,275.021,42.142,64810.295,3613.300,131.122,10331.787,1354.728
1526.000,DE,275.021,42.142,64892.216,3603.513,131.122,10331.787,1354.728
1527.000,DE,275.021,42.142,64974.221,3593.725,131.122,10331.787,1354.728
1528.000,DE,275.021,42.142,65056.309,3583.938,131.122,10331.787,1354.728
1529.000,DE,275.021,42.142,65138.482,3574.151,131.122,10331.787,1354.728
1530.000,DE,275.021,42.142,65220.738,3564.364,131.122,10331.787,1354.728
1531.000,DE,275.021,42.142,65303.079,3554.577,131.122,10331.787,1354.728
1532.000,DE,275.021,42.142,65385.504,3544.789,131.122,10331.787,1354.728
1533.000,DE,275.021,42.142,65468.012,3535.002,131.122,10331.787,1354.728
1534.000,DE,275.021,42.142,65550.606,3525.215,131.122,10331.787,1354.728
1535.000,DE,275.021,42.142,65633.283,3515.428,131.122,10331.787,1354.728
1536.000,DE,275.021,42.142,65716.045,3505.640,131.122,10331.787,1354.728
1537.000,DE,275.021,42.142,65798.892,3495.853,131.122,10331.787,1354.728
1538.000,DE,275.021,42.142,65881.823,3486.066,131.122,10331.787,1354.728
1539.000,DE,275.021,42.142,65964.838,3476.279,131.122,10331.787,1354.728
1540.000,DE,275.021,42.142,66047.939,3466.492,131.122,10331.787,1354.728
1541.000,DE,275.021,42.142,66131.124,3456.704,131.122,10331.787,1354.728
1542.000,DE,275.021,42.142,66214.394,3446.917,131.122,10331.787,1354.728
1543.000,DE,275.021,42.142,66297.749,3437.130,131.122,10331.787,1354.728
1544.000,DE,275.021,42.142,66381.188,3427.343,131.122,10331.787,1354.728
1545.000,DE,275.021,42.142,66464.713,3417.556,131.122,10331.787,1354.728
1546.000,DE,275.021,42.142,66548.323,3407.768,131.122,10331.787,1354.728
1547.000,DE,275.021,42.142,66632.018,3397.981,131.122,10331.787,1354.728
1548.000,DE,275.021,42.142,66715.798,3388.194,131.122,10331.787,1354.728
1549.000,DE,275.021,42.142,66799.664,3378.407,131.122,10331.787,1354.728
1550.000,DE,275.021,42.142,66883.614,3368.620,131.122,10331.787,1354.728
1551.000,DE,275.021,42.142,66967.651,3358.832,131.122,10331.787,1354.728
1552.000,DE,275.021,42.142,67051.772,3349.045,131.122,10331.787,1354.728
1553.000,DE,275.021,42.142,67135.980,3339.258,131.122,10331.787,1354.728
1554.000,DE,275.021,42.142,67220.272,3329.471,131.122,10331.787,1354.728
1555.000,DE,275.021,42.142,67304.651,3319.683,131.122,10331.787,1354.728
1556.000,DE,275.021,42.142,67389.115,3309.896,131.122,10331.787,1354.728
1557.000,DE,275.021,42.142,67473.665,3300.109,131.122,10331.787,1354.728
1558.000,DE,275.021,42.142,67558.301,3290.322,131.122,10331.787,1354.728
1559.000,DE,275.021,42.142,67643.023,3280.535,131.122,10331.787,1354.728
1560.000,DE,275.021,42.142,67727.831,3270.747,131.122,10331.787,1354.728
1561.000,DE,275.021,42.142,67812.725,3260.960,131.122,10331.787,1354.728
1562.000,DE,275.021,42.142,67897.705,3251.173,131.122,10331.787,1354.728
1563.000,DE,275.021,42.142,67982.772,3241.386,131.122,10331.787,1354.728
1564.000,DE,275.021,42.142,68067.924,3231.599,131.122,10331.787,1354.728
1565.000,DE,275.021,42.142,68153.163,3221.811,131.122,10331.787,1354.728
1566.000,DE,275.021,42.142,68238.489,3212.024,131.122,10331.787,1354.728
1567.000,DE,275.021,42.142,68323.900,3202.237,131.122,10331.787,1354.728
1568.000,DE,275.021,42.142,68409.399,3192.450,131.122,10331.787,1354.728
1569.000,DE,275.021,42.142,68494.984,3182.662,131.122,10331.787,1354.728
1570.000,DE,275.021,42.142,68580.656,3172.875,131.122,10331.787,1354.728
1571.000,DE,275.021,42.142,68666.414,3163.088,131.122,10331.787,1354.728
1572.000,DE,275.021,42.142,68752.259,3153.301,131.122,10331.787,1354.728
1573.000,DE,275.021,42.142,68838.192,3143.514,131.122,10331.787,1354.728
1574.000,DE,275.021,42.142,68924.211,3133.726,131.122,10331.787,1354.728
1575.000,DE,275.021,42.142,69010.317,3123.939,131.122,10331.787,1354.728
1576.000,DE,275.021,42.142,69096.510,3114.152,131.122,10331.787,1354.728
1577.000,DE,275.021,42.142,69182.790,3104.365,131.122,10331.787,1354.728
1578.000,DE,275.021,42.142,69269.158,3094.578,131.122,10331.787,1354.728
1579.000,DE,275.021,42.142,69355.613,3084.790,131.122,10331.787,1354.728
1580.000,DE,275.021,42.142,69442.155,3075.003,131.122,10331.787,1354.728
1581.000,DE,275.021,42.142,69528.785,3065.216,131.122,10331.787,1354.728
1582.000,DE,275.021,42.142,69615.502,3055.429,131.122,10331.787,1354.728
1583.000,DE,275.021,42.142,69702.306,3045.642,131.122,10331.787,1354.728
1584.000,DE,275.021,42.142,69789.199,3035.854,131.122,10331.787,1354.728
1585.000,DE,275.021,42.142,69876.179,3026.067,131.122,10331.787,1354.728
1586.000,DE,275.021,42.142,69963.246,3016.280,131.122,10331.787,1354.728
1587.000,DE,275.021,42.142,70050.402,3006.493,131.122,10331.787,1354.728
1588.000,DE,275.021,42.142,70137.646,2996.705,131.122,10331.787,1354.728
1589.000,DE,275.021,42.142,70224.977,2986.918,131.122,10331.787,1354.728
1590.000,DE,275.021,42.142,70312.396,2977.131,131.122,10331.787,1354.728
1591.000,DE,275.021,42.142,70399.904,2967.344,131.122,10331.787,1354.728
1592.000,DE,275.021,42.142,70487.500,2957.557,131.122,10331.787,1354.728
1593.000,DE,275.021,42.142,70575.184,2947.769,131.122,10331.787,1354.728
1594.000,DE,275.021,42.142,70662.956,2937.982,131.122,10331.787,1354.728
1595.000,DE,275.021,42.142,70750.817,2928.195,131.122,10331.787,1354.728
1596.000,DE,275.021,42.142,70838.766,2918.408,131.122,10331.787,1354.728
1597.000,DE,275.021,42.142,70926.803,2908.621,131.122,10331.787,1354.728
1598.000,DE,275.021,42.142,71014.929,2898.833,131.122,10331.787,1354.728
1599.000,DE,275.021,42.142,71103.144,2889.046,131.122,10331.787,1354.728
1600.000,DE,275.021,42.142,71191.448,2879.259,131.122,10331.787,1354.728
1601.000,DE,275.021,42.142,71279.840,2869.472,131.122,10331.787,1354.728
1602.000,DE,275.021,42.142,71368.321,2859.685,131.122,10331.787,1354.728
1603.000,DE,275.021,42.142,71456.891,2849.897,131.122,10331.787,1354.728
1604.000,DE,275.021,42.142,71545.550,2840.110,131.122,10331.787,1354.728
1605.000,DE,275.021,42.142,71634.298,2830.323,131.122,10331.787,1354.728
1606.000,DE,275.021,42.142,71723.136,2820.536,131.122,10331.787,1354.728
1607.000,DE,275.021,42.142,71812.062,2810.748,131.122,10331.787,1354.728
1608.000,DE,275.021,42.142,71901.078,2800.961,131.122,10331.787,1354.728
1609.000,DE,275.021,42.142,71990.183,2791.174,131.122,10331.787,1354.728
1610.000,DE,275.021,42.142,72079.377,2781.387,131.122,10331.787,1354.728
1611.000,DE,275.021,42.142,72168.661,2771.600,131.122,10331.787,1354.728
1612.000,DE,275.021,42.142,72258.034,2761.812,131.122,10331.787,1354.728
1613.000,DE,275.021,42.142,72347.497,2752.025,131.122,10331.787,1354.728
1614.000,DE,275.021,42.142,72437.050,2742.238,131.122,10331.787,1354.728
1615.000,DE,275.021,42.142,72526.692,2732.451,131.122,10331.787,1354.728
1616.000,DE,275.021,42.142,72529.834,2732.108,131.109,10332.873,1354.728
1617.000,DE,275.021,42.142,72539.047,2731.103,131.068,10336.059,1354.728
1618.000,DE,275.021,42.142,72554.015,2729.470,131.002,10341.239,1354.728
1619.000,DE,275.021,42.142,72574.419,2727.244,130.913,10348.307,1354.728
1620.000,DE,275.021,42.142,72599.943,2724.460,130.801,10357.160,1354.728
1621.000,DE,275.021,42.142,72630.274,2721.154,130.668,10367.697,1354.728
1622.000,DE,275.021,42.142,72665.094,2717.359,130.516,10379.815,1354.728
1623.000,DE,275.021,42.142,72704.090,2713.111,130.345,10393.415,1354.728
1624.000,DE,275.021,42.142,72746.946,2708.445,130.157,10408.395,1354.728
1625.000,DE,275.021,42.142,72793.347,2703.395,129.954,10424.655,1354.728
1626.000,DE,275.021,42.142,72842.979,2697.996,129.737,10442.095,1354.728
1627.000,DE,275.021,42.142,72895.526,2692.284,129.508,10460.611,1354.728
1628.000,DE,275.021,42.142,72950.671,2686.293,129.267,10480.103,1354.728
1629.000,DE,275.021,42.142,73008.099,2680.057,129.016,10500.465,1354.728
1630.000,DE,275.021,42.142,73067.492,2673.613,128.757,10521.595,1354.728
1631.000,DE,275.021,42.142,73128.533,2666.994,128.491,10543.384,1354.728
1632.000,DE,275.021,42.142,73190.902,2660.236,128.219,10565.726,1354.728
1633.000,DE,275.021,42.142,73254.280,2653.373,127.943,10588.511,1354.728
1634.000,DE,275.021,42.142,73318.348,2646.440,127.664,10611.627,1354.728
1635.000,LVL,281.178,45.086,73382.784,2639.472,127.384,17234.446,2195.399
1636.000,LVL,281.178,45.086,73447.265,2632.505,127.104,17272.427,2195.399
1637.000,LVL,281.178,45.086,73511.469,2625.572,126.826,17310.385,2195.399
1638.000,LVL,281.178,45.086,73575.073,2618.709,126.550,17348.126,2195.399
1639.000,LVL,281.178,45.086,73637.750,2611.951,126.278,17385.452,2195.399
1640.000,LVL,281.178,45.086,73699.176,2605.332,126.012,17422.165,2195.399
1641.000,LVL,281.178,45.086,73759.024,2598.887,125.753,17458.059,2195.399
1642.000,LVL,281.178,45.086,73816.966,2592.652,125.502,17492.930,2195.399
1643.000,LVL,281.178,45.086,73872.675,2586.661,125.261,17526.567,2195.399
1644.000,LVL,281.178,45.086,73925.823,2580.948,125.032,17558.759,2195.399
1645.000,LVL,281.178,45.086,73976.079,2575.550,124.815,17589.291,2195.399
1646.000,LVL,281.178,45.086,74023.114,2570.500,124.611,17617.948,2195.399
1647.000,LVL,281.178,45.086,74066.599,2565.833,124.424,17644.511,2195.399
1648.000,LVL,281.178,45.086,74106.202,2561.585,124.253,17668.762,2195.399
1649.000,LVL,281.178,45.086,74141.595,2557.791,124.101,17690.482,2195.399
1650.000,LVL,281.178,45.086,74172.445,2554.484,123.968,17709.452,2195.399
1651.000,LVL,281.178,45.086,74198.424,2551.701,123.856,17725.452,2195.399
1652.000,LVL,281.178,45.086,74219.202,2549.475,123.766,17738.267,2195.399
1653.000,LVL,281.178,45.086,74234.449,2547.842,123.701,17747.681,2195.399
1654.000,LVL,281.178,45.086,74243.837,2546.837,123.660,17753.481,2195.399
1655.000,LVL,281.178,45.086,74247.039,2546.494,123.646,17755.461,2195.399
1656.000,LVL,281.178,45.086,74247.039,2546.494,123.646,17755.461,2195.399
1657.000,LVL,281.178,45.086,74247.039,2546.494,123.646,17755.461,2195.399
1658.000,LVL,281.178,45.086,74247.039,2546.494,123.646,17755.461,2195.399
1659.000,LVL,281.178,45.086,74247.039,2546.494,123.646,17755.461,2195.399
1660.000,LVL,281.178,45.086,74247.039,2546.494,123.646,17755.461,2195.399
1661.000,LVL,281.178,45.086,74247.039,2546.494,123.646,17755.461,2195.399
1662.000,LVL,281.178,45.086,74247.039,2546.494,123.646,17755.461,2195.399
1663.000,LVL,281.178,45.086,74247.039,2546.494,123.646,17755.461,2195.399
1664.000,LVL,281.178,45.086,74247.039,2546.494,123.646,17755.461,2195.399
1665.000,LVL,281.178,45.086,74247.039,2546.494,123.646,17755.461,2195.399
1666.000,LVL,281.178,45.086,74247.039,2546.494,123.646,17755.461,2195.399
1667.000,LVL,281.178,45.086,74247.039,2546.494,123.646,17755.461,2195.399
1668.000,LVL,281.178,45.086,74247.039,2546.494,123.646,17755.461,2195.399
1669.000,LVL,281.178,45.086,74247.039,2546.494,123.646,17755.461,2195.399
1670.000,LVL,281.178,45.086,74247.039,2546.494,123.646,17755.461,2195.399
1671.000,LVL,281.178,45.086,74247.039,2546.494,123.646,17755.461,2195.399
1672.000,LVL,281.178,45.086,74247.039,2546.494,123.646,17755.461,2195.399
1673.000,LVL,281.178,45.086,74247.039,2546.494,123.646,17755.461,2195.399
1674.000,LVL,281.178,45.086,74247.039,2546.494,123.646,17755.461,2195.399
1675.000,LVL,281.178,45.086,74247.039,2546.494,123.646,17755.461,2195.399
1676.000,LVL,281.178,45.086,74247.039,2546.494,123.646,17755.461,2195.399
1677.000,LVL,281.178,45.086,74247.039,2546.494,123.646,17755.461,2195.399
1678.000,LVL,281.178,45.086,74247.039,2546.494,123.646,17755.461,2195.399
1679.000,LVL,281.178,45.086,74247.039,2546.494,123.646,17755.461,2195.399
1680.000,LVL,281.178,45.086,74247.039,2546.494,123.646,17755.461,2195.399
1681.000,LVL,281.178,45.086,74247.039,2546.494,123.646,17755.461,2195.399
1682.000,LVL,281.178,45.086,74247.039,2546.494,123.646,17755.461,2195.399
1683.000,LVL,281.178,45.086,74247.039,2546.494,123.646,17755.461,2195.399
1684.000,LVL,281.178,45.086,74247.039,2546.494,123.646,17755.461,2195.399
1685.000,LVL,281.178,45.086,74247.039,2546.494,123.646,17755.461,2195.399
1686.000,LVL,281.178,45.086,74247.039,2546.494,123.646,17755.461,2195.399
1687.000,LVL,281.178,45.086,74247.039,2546.494,123.646,17755.461,2195.399
1688.000,LVL,281.178,45.086,74247.039,2546.494,123.646,17755.461,2195.399
1689.000,LVL,281.178,45.086,74247.039,2546.494,123.646,17755.461,2195.399
1690.000,LVL,281.178,45.086,74247.039,2546.494,123.646,17755.461,2195.399
1691.000,LVL,281.178,45.086,74247.039,2546.494,123.646,17755.461,2195.399
1692.000,LVL,281.178,45.086,74247.039,2546.494,123.646,17755.461,2195.399
1693.000,LVL,281.178,45.086,74247.039,2546.494,123.646,17755.461,2195.399
1694.000,LVL,281.178,45.086,74247.039,2546.494,123.646,17755.461,2195.399
1695.000,LVL,281.178,45.086,74247.039,2546.494,123.646,17755.461,2195.399
1696.000,LVL,281.178,45.086,74247.039,2546.494,123.646,17755.461,2195.399
1697.000,LVL,281.178,45.086,74247.039,2546.494,123.646,17755.461,2195.399
1698.000,LVL,281.178,45.086,74247.039,2546.494,123.646,17755.461,2195.399
1699.000,LVL,281.178,45.086,74247.039,2546.494,123.646,17755.461,2195.399
1700.000,LVL,281.178,45.086,74247.039,2546.494,123.646,17755.461,2195.399
1701.000,LVL,281.178,45.086,74247.039,2546.494,123.646,17755.461,2195.399
1702.000,LVL,281.178,45.086,74247.039,2546.494,123.646,17755.461,2195.399
1703.000,LVL,281.178,45.086,74247.039,2546.494,123.646,17755.461,2195.399
1704.000,LVL,281.178,45.086,74247.039,2546.494,123.646,17755.461,2195.399
1705.000,LVL,281.178,45.086,74247.039,2546.494,123.646,17755.461,2195.399
1706.000,LVL,281.178,45.086,74247.039,2546.494,123.646,17755.461,2195.399
1707.000,LVL,281.178,45.086,74247.039,2546.494,123.646,17755.461,2195.399
1708.000,LVL,281.178,45.086,74247.039,2546.494,123.646,17755.461,2195.399
1709.000,LVL,281.178,45.086,74247.039,2546.494,123.646,17755.461,2195.399
1710.000,LVL,281.178,45.086,74247.039,2546.494,123.646,17755.461,2195.399
1711.000,LVL,281.178,45.086,74247.039,2546.494,123.646,17755.461,2195.399
1712.000,LVL,281.178,45.086,74247.039,2546.494,123.646,17755.461,2195.399
1713.000,LVL,281.178,45.086,74247.039,2546.494,123.646,17755.461,2195.399
1714.000,LVL,281.178,45.086,74247.039,2546.494,123.646,17755.461,2195.399
1715.000,LVL,281.178,45.086,74247.039,2546.494,123.646,17755.461,2195.399
1716.000,LVL,281.178,45.086,74247.039,2546.494,123.646,17755.461,2195.399
1717.000,LVL,281.178,45.086,74247.039,2546.494,123.646,17755.461,2195.399
1718.000,LVL,281.178,45.086,74247.039,2546.494,123.646,17755.461,2195.399
1719.000,LVL,281.178,45.086,74247.039,2546.494,123.646,17755.461,2195.399
1720.000,LVL,281.178,45.086,74247.039,2546.494,123.646,17755.461,2195.399
1721.000,LVL,281.178,45.086,74247.039,2546.494,123.646,17755.461,2195.399
1722.000,LVL,281.178,45.086,74247.039,2546.494,123.646,17755.461,2195.399
1723.000,LVL,281.178,45.086,74247.039,2546.494,123.646,17755.461,2195.399
1724.000,LVL,281.178,45.086,74247.039,2546.494,123.646,17755.461,2195.399
1725.000,LVL,281.178,45.086,74247.039,2546.494,123.646,17755.461,2195.399
1726.000,LVL,281.178,45.086,74247.039,2546.494,123.646,17755.461,2195.399
1727.000,LVL,281.178,45.086,74247.039,2546.494,123.646,17755.461,2195.399
1728.000,LVL,281.178,45.086,74247.039,2546.494,123.646,17755.461,2195.399
1729.000,LVL,281.178,45.086,74247.039,2546.494,123.646,17755.461,2195.399
1730.000,LVL,281.178,45.086,74247.039,2546.494,123.646,17755.461,2195.399
1731.000,LVL,281.178,45.086,74247.039,2546.494,123.646,17755.461,2195.399
1732.000,LVL,281.178,45.086,74247.039,2546.494,123.646,17755.461,2195.399
1733.000,LVL,281.178,45.086,74247.039,2546.494,123.646,17755.461,2195.399
1734.000,LVL,281.178,45.086,74247.039,2546.494,123.646,17755.461,2195.399
1735.000,LVL,281.178,45.086,74247.039,2546.494,123.646,17755.461,2195.399
1736.000,LVL,281.178,45.086,74247.039,2546.494,123.646,17755.461,2195.399
1737.000,LVL,281.178,45.086,74247.039,2546.494,123.646,17755.461,2195.399
1738.000,LVL,281.178,45.086,74247.039,2546.494,123.646,17755.461,2195.399
1739.000,LVL,281.178,45.086,74247.039,2546.494,123.646,17755.461,2195.399
1740.000,LVL,281.178,45.086,74247.039,2546.494,123.646,17755.461,2195.399
1741.000,LVL,281.178,45.086,74247.039,2546.494,123.646,17755.461,2195.399
1742.000,LVL,281.178,45.086,74247.039,2546.494,123.646,17755.461,2195.399
1743.000,LVL,281.178,45.086,74247.039,2546.494,123.646,17755.461,2195.399
1744.000,LVL,281.178,45.086,74247.039,2546.494,123.646,17755.461,2195.399
1745.000,LVL,281.178,45.086,74247.039,2546.494,123.646,17755.461,2195.399
1746.000,LVL,281.178,45.086,74247.039,2546.494,123.646,17755.461,2195.399
1747.000,LVL,281.178,45.086,74247.039,2546.494,123.646,17755.461,2195.399
1748.000,LVL,281.178,45.086,74247.039,2546.494,123.646,17755.461,2195.399
1749.000,LVL,281.178,45.086,74247.039,2546.494,123.646,17755.461,2195.399
1750.000,LVL,281.178,45.086,74247.039,2546.494,123.646,17755.461,2195.399
1751.000,LVL,281.178,45.086,74247.039,2546.494,123.646,17755.461,2195.399
1752.000,LVL,281.178,45.086,74247.039,2546.494,123.646,17755.461,2195.399
1753.000,LVL,281.178,45.086,74247.039,2546.494,123.646,17755.461,2195.399
1754.000,LVL,281.178,45.086,74247.039,2546.494,123.646,17755.461,2195.399
1755.000,LVL,281.178,45.086,74247.039,2546.494,123.646,17755.461,2195.399
1756.000,LVL,281.178,45.086,74247.039,2546.494,123.646,17755.461,2195.399
1757.000,LVL,281.178,45.086,74247.039,2546.494,123.646,17755.461,2195.399
1758.000,LVL,281.178,45.086,74247.039,2546.494,123.646,17755.461,2195.399
1759.000,LVL,281.178,45.086,74247.039,2546.494,123.646,17755.461,2195.399
1760.000,LVL,281.178,45.086,74247.039,2546.494,123.646,17755.461,2195.399
1761.000,LVL,281.178,45.086,74247.039,2546.494,123.646,17755.461,2195.399
1762.000,LVL,281.178,45.086,74247.039,2546.494,123.646,17755.461,2195.399
1763.000,LVL,281.178,45.086,74247.039,2546.494,123.646,17755.461,2195.399
1764.000,LVL,281.178,45.086,74247.039,2546.494,123.646,17755.461,2195.399
1765.000,LVL,281.178,45.086,74247.039,2546.494,123.646,17755.461,2195.399
1766.000,LVL,281.178,45.086,74247.039,2546.494,123.646,17755.461,2195.399
1767.000,LVL,281.178,45.086,74247.039,2546.494,123.646,17755.461,2195.399
1768.000,LVL,281.178,45.086,74247.039,2546.494,123.646,17755.461,2195.399
1769.000,LVL,281.178,45.086,74247.039,2546.494,123.646,17755.461,2195.399
1770.000,LVL,281.178,45.086,74247.039,2546.494,123.646,17755.461,2195.399
1771.000,LVL,281.178,45.086,74247.039,2546.494,123.646,17755.461,2195.399
1772.000,LVL,281.178,45.086,74247.039,2546.494,123.646,17755.461,2195.399
1773.000,LVL,281.178,45.086,74247.039,2546.494,123.646,17755.461,2195.399
1774.000,LVL,281.178,45.086,74247.039,2546.494,123.646,17755.461,2195.399
1775.000,LVL,281.178,45.086,74247.039,2546.494,123.646,17755.461,2195.399
1776.000,LVL,281.178,45.086,74247.039,2546.494,123.646,17755.461,2195.399
1777.000,LVL,281.178,45.086,74247.039,2546.494,123.646,17755.461,2195.399
1778.000,LVL,281.178,45.086,74247.039,2546.494,123.646,17755.461,2195.399
1779.000,LVL,281.178,45.086,74247.039,2546.494,123.646,17755.461,2195.399
1780.000,LVL,281.178,45.086,74247.039,2546.494,123.646,17755.461,2195.399
1781.000,LVL,281.178,45.086,74247.039,2546.494,123.646,17755.461,2195.399
1782.000,LVL,281.178,45.086,74247.039,2546.494,123.646,17755.461,2195.399
1783.000,LVL,281.178,45.086,74247.039,2546.494,123.646,17755.461,2195.399
1784.000,LVL,281.178,45.086,74247.039,2546.494,123.646,17755.461,2195.399
1785.000,LVL,281.178,45.086,74247.039,2546.494,123.646,17755.461,2195.399
1786.000,LVL,281.178,45.086,74247.039,2546.494,123.646,17755.461,2195.399
1787.000,LVL,281.178,45.086,74247.039,2546.494,123.646,17755.461,2195.399
1788.000,LVL,281.178,45.086,74247.039,2546.494,123.646,17755.461,2195.399
1789.000,LVL,281.178,45.086,74247.039,2546.494,123.646,17755.461,2195.399
1790.000,LVL,281.178,45.086,74247.039,2546.494,123.646,17755.461,2195.399
1791.000,LVL,281.178,45.086,74247.039,2546.494,123.646,17755.461,2195.399
1792.000,LVL,281.178,45.086,74247.039,2546.494,123.646,17755.461,2195.399
1793.000,LVL,281.178,45.086,74247.039,2546.494,123.646,17755.461,2195.399
1794.000,LVL,281.178,45.086,74247.039,2546.494,123.646,17755.461,2195.399
1795.000,LVL,281.178,45.086,74247.039,2546.494,123.646,17755.461,2195.399
1796.000,LVL,281.178,45.086,74247.039,2546.494,123.646,17755.461,2195.399
1797.000,LVL,281.178,45.086,74247.039,2546.494,123.646,17755.461,2195.399
1798.000,LVL,281.178,45.086,74247.039,2546.494,123.646,17755.461,2195.399
1799.000,LVL,281.178,45.086,74247.039,2546.494,123.646,17755.461,2195.399
1800.000,LVL,281.178,45.086,74247.039,2546.494,123.646,17755.461,2195.399
1801.000,LVL,281.178,45.086,74247.039,2546.494,123.646,17755.461,2195.399
1802.000,LVL,281.178,45.086,74247.039,2546.494,123.646,17755.461,2195.399
1803.000,LVL,281.178,45.086,74247.039,2546.494,123.646,17755.461,2195.399
1804.000,LVL,281.178,45.086,74247.039,2546.494,123.646,17755.461,2195.399
1805.000,LVL,281.178,45.086,74247.039,2546.494,123.646,17755.461,2195.399
1806.000,LVL,281.178,45.086,74247.039,2546.494,123.646,17755.461,2195.399
1807.000,LVL,281.178,45.086,74247.039,2546.494,123.646,17755.461,2195.399
1808.000,LVL,281.178,45.086,74247.039,2546.494,123.646,17755.461,2195.399
1809.000,LVL,281.178,45.086,74247.039,2546.494,123.646,17755.461,2195.399
1810.000,LVL,281.178,45.086,74247.039,2546.494,123.646,17755.461,2195.399
1811.000,LVL,281.178,45.086,74247.039,2546.494,123.646,17755.461,2195.399
1812.000,LVL,281.178,45.086,74247.039,2546.494,123.646,17755.461,2195.399
1813.000,LVL,281.178,45.086,74247.039,2546.494,123.646,17755.461,2195.399
1814.000,LVL,281.178,45.086,74247.039,2546.494,123.646,17755.461,2195.399
1815.000,LVL,281.178,45.086,74247.039,2546.494,123.646,17755.461,2195.399
1816.000,LVL,281.178,45.086,74247.039,2546.494,123.646,17755.461,2195.399
1817.000,LVL,281.178,45.086,74247.039,2546.494,123.646,17755.461,2195.399
1818.000,LVL,281.178,45.086,74247.039,2546.494,123.646,17755.461,2195.399
1819.000,LVL,281.178,45.086,74247.039,2546.494,123.646,17755.461,2195.399
1820.000,LVL,281.178,45.086,74247.039,2546.494,123.646,17755.461,2195.399
1821.000,LVL,281.178,45.086,74247.039,2546.494,123.646,17755.461,2195.399
1822.000,LVL,281.178,45.086,74247.039,2546.494,123.646,17755.461,2195.399
1823.000,LVL,281.178,45.086,74247.039,2546.494,123.646,17755.461,2195.399
1824.000,LVL,281.178,45.086,74247.039,2546.494,123.646,17755.461,2195.399
1825.000,LVL,281.178,45.086,74247.039,2546.494,123.646,17755.461,2195.399
1826.000,LVL,281.178,45.086,74247.039,2546.494,123.646,17755.461,2195.399
1827.000,LVL,281.178,45.086,74247.039,2546.494,123.646,17755.461,2195.399
1828.000,LVL,281.178,45.086,74247.039,2546.494,123.646,17755.461,2195.399
1829.000,LVL,281.178,45.086,74247.039,2546.494,123.646,17755.461,2195.399
1830.000,LVL,281.178,45.086,74247.039,2546.494,123.646,17755.461,2195.399
1831.000,LVL,281.178,45.086,74247.039,2546.494,123.646,17755.461,2195.399
1832.000,LVL,281.178,45.086,74247.039,2546.494,123.646,17755.461,2195.399
1833.000,LVL,281.178,45.086,74247.039,2546.494,123.646,17755.461,2195.399
1834.000,LVL,281.178,45.086,74247.039,2546.494,123.646,17755.461,2195.399
1835.000,LVL,281.178,45.086,74247.039,2546.494,123.646,17755.461,2195.399
1836.000,LVL,281.178,45.086,74247.039,2546.494,123.646,17755.461,2195.399
1837.000,LVL,281.178,45.086,74247.039,2546.494,123.646,17755.461,2195.399
1838.000,LVL,281.178,45.086,74247.039,2546.494,123.646,17755.461,2195.399
1839.000,LVL,281.178,45.086,74247.039,2546.494,123.646,17755.461,2195.399
1840.000,LVL,281.178,45.086,74247.039,2546.494,123.646,17755.461,2195.399
1841.000,LVL,281.178,45.086,74247.039,2546.494,123.646,17755.461,2195.399
1842.000,LVL,281.178,45.086,74247.039,2546.494,123.646,17755.461,2195.399
1843.000,LVL,281.178,45.086,74247.039,2546.494,123.646,17755.461,2195.399
1844.000,LVL,281.178,45.086,74247.039,2546.494,123.646,17755.461,2195.399
1845.000,LVL,281.178,45.086,74247.039,2546.494,123.646,17755.461,2195.399
1846.000,LVL,281.178,45.086,74247.039,2546.494,123.646,17755.461,2195.399
1847.000,LVL,281.178,45.086,74247.039,2546.494,123.646,17755.461,2195.399
1848.000,LVL,281.178,45.086,74247.039,2546.494,123.646,17755.461,2195.399
1849.000,LVL,281.178,45.086,74247.039,2546.494,123.646,17755.461,2195.399
1850.000,LVL,281.178,45.086,74247.039,2546.494,123.646,17755.461,2195.399
1851.000,LVL,281.178,45.086,74247.039,2546.494,123.646,17755.461,2195.399
1852.000,LVL,281.178,45.086,74247.039,2546.494,123.646,17755.461,2195.399
1853.000,LVL,281.178,45.086,74247.039,2546.494,123.646,17755.461,2195.399
1854.000,LVL,281.178,45.086,74247.039,2546.494,123.646,17755.461,2195.399
1855.000,LVL,281.178,45.086,74247.039,2546.494,123.646,17755.461,2195.399
1856.000,LVL,281.178,45.086,74247.039,2546.494,123.646,17755.461,2195.399
1857.000,LVL,281.178,45.086,74247.039,2546.494,123.646,17755.461,2195.399
1858.000,LVL,281.178,45.086,74247.039,2546.494,123.646,17755.461,2195.399
1859.000,LVL,281.178,45.086,74247.039,2546.494,123.646,17755.461,2195.399
1860.000,LVL,281.178,45.086,74247.039,2546.494,123.646,17755.461,2195.399
1861.000,LVL,281.178,45.086,74247.039,2546.494,123.646,17755.461,2195.399
1862.000,LVL,281.178,45.086,74247.039,2546.494,123.646,17755.461,2195.399
1863.000,LVL,281.178,45.086,74247.039,2546.494,123.646,17755.461,2195.399
1864.000,LVL,281.178,45.086,74247.039,2546.494,123.646,17755.461,2195.399
1865.000,LVL,281.178,45.086,74247.039,2546.494,123.646,17755.461,2195.399
1866.000,LVL,281.178,45.086,74247.039,2546.494,123.646,17755.461,2195.399
1867.000,LVL,281.178,45.086,74247.039,2546.494,123.646,17755.461,2195.399
1868.000,LVL,281.178,45.086,74247.039,2546.494,123.646,17755.461,2195.399
1869.000,LVL,281.178,45.086,74247.039,2546.494,123.646,17755.461,2195.399
1870.000,LVL,281.178,45.086,74247.039,2546.494,123.646,17755.461,2195.399
1871.000,LVL,281.178,45.086,74247.039,2546.494,123.646,17755.461,2195.399
1872.000,LVL,281.178,45.086,74247.039,2546.494,123.646,17755.461,2195.399
1873.000,LVL,281.178,45.086,74247.039,2546.494,123.646,17755.461,2195.399
1874.000,LVL,281.178,45.086,74247.039,2546.494,123.646,17755.461,2195.399
1875.000,LVL,281.178,45.086,74247.039,2546.494,123.646,17755.461,2195.399
1876.000,LVL,281.178,45.086,74247.039,2546.494,123.646,17755.461,2195.399
1877.000,LVL,281.178,45.086,74247.039,2546.494,123.646,17755.461,2195.399
1878.000,LVL,281.178,45.086,74247.039,2546.494,123.646,17755.461,2195.399
1879.000,LVL,281.178,45.086,74247.039,2546.494,123.646,17755.461,2195.399
1880.000,LVL,281.178,45.086,74247.039,2546.494,123.646,17755.461,2195.399
1881.000,LVL,281.178,45.086,74247.039,2546.494,123.646,17755.461,2195.399
1882.000,LVL,281.178,45.086,74247.039,2546.494,123.646,17755.461,2195.399
1883.000,LVL,281.178,45.086,74247.039,2546.494,123.646,17755.461,2195.399
1884.000,LVL,281.178,45.086,74247.039,2546.494,123.646,17755.461,2195.399
1885.000,LVL,281.178,45.086,74247.039,2546.494,123.646,17755.461,2195.399
1886.000,LVL,281.178,45.086,74247.039,2546.494,123.646,17755.461,2195.399
1887.000,LVL,281.178,45.086,74247.039,2546.494,123.646,17755.461,2195.399
1888.000,LVL,281.178,45.086,74247.039,2546.494,123.646,17755.461,2195.399
1889.000,LVL,281.178,45.086,74247.039,2546.494,123.646,17755.461,2195.399
1890.000,LVL,281.178,45.086,74247.039,2546.494,123.646,17755.461,2195.399
1891.000,LVL,281.178,45.086,74247.039,2546.494,123.646,17755.461,2195.399
1892.000,LVL,281.178,45.086,74247.039,2546.494,123.646,17755.461,2195.399
1893.000,LVL,281.178,45.086,74247.039,2546.494,123.646,17755.461,2195.399
1894.000,LVL,281.178,45.086,74247.039,2546.494,123.646,17755.461,2195.399
1895.000,LVL,281.178,45.086,74247.039,2546.494,123.646,17755.461,2195.399
1896.000,LVL,281.178,45.086,74247.039,2546.494,123.646,17755.461,2195.399
1897.000,LVL,281.178,45.086,74247.039,2546.494,123.646,17755.461,2195.399
1898.000,LVL,281.178,45.086,74247.039,2546.494,123.646,17755.461,2195.399
1899.000,LVL,281.178,45.086,74247.039,2546.494,123.646,17755.461,2195.399
1900.000,LVL,281.178,45.086,74247.039,2546.494,123.646,17755.461,2195.399
1901.000,LVL,281.178,45.086,74247.039,2546.494,123.646,17755.461,2195.399
1902.000,LVL,281.178,45.086,74247.039,2546.494,123.646,17755.461,2195.399
1903.000,LVL,281.178,45.086,74247.039,2546.494,123.646,17755.461,2195.399
1904.000,LVL,281.178,45.086,74247.039,2546.494,123.646,17755.461,2195.399
1905.000,LVL,281.178,45.086,74247.039,2546.494,123.646,17755.461,2195.399
1906.000,LVL,281.178,45.086,74247.039,2546.494,123.646,17755.461,2195.399
1907.000,LVL,281.178,45.086,74247.039,2546.494,123.646,17755.461,2195.399
1908.000,LVL,281.178,45.086,74247.039,2546.494,123.646,17755.461,2195.399
1909.000,LVL,281.178,45.086,74247.039,2546.494,123.646,17755.461,2195.399
1910.000,LVL,281.178,45.086,74247.039,2546.494,123.646,17755.461,2195.399
1911.000,LVL,281.178,45.086,74247.039,2546.494,123.646,17755.461,2195.399
1912.000,LVL,281.178,45.086,74247.039,2546.494,123.646,17755.461,2195.399
1913.000,LVL,281.178,45.086,74247.039,2546.494,123.646,17755.461,2195.399
1914.000,LVL,281.178,45.086,74247.039,2546.494,123.646,17755.461,2195.399
1915.000,LVL,281.178,45.086,74247.039,2546.494,123.646,17755.461,2195.399
1916.000,LVL,281.178,45.086,74247.039,2546.494,123.646,17755.461,2195.399
1917.000,LVL,281.178,45.086,74247.039,2546.494,123.646,17755.461,2195.399
1918.000,LVL,281.178,45.086,74247.039,2546.494,123.646,17755.461,2195.399
1919.000,LVL,281.178,45.086,74247.039,2546.494,123.646,17755.461,2195.399
1920.000,LVL,281.178,45.086,74247.039,2546.494,123.646,17755.461,2195.399
1921.000,LVL,281.178,45.086,74247.039,2546.494,123.646,17755.461,2195.399
1922.000,LVL,281.178,45.086,74247.039,2546.494,123.646,17755.461,2195.399
1923.000,LVL,281.178,45.086,74247.039,2546.494,123.646,17755.461,2195.399
1924.000,LVL,281.178,45.086,74247.039,2546.494,123.646,17755.461,2195.399
1925.000,LVL,281.178,45.086,74247.039,2546.494,123.646,17755.461,2195.399
1926.000,LVL,281.178,45.086,74250.412,2546.133,123.660,17753.481,2195.399
1927.000,LVL,281.178,45.086,74260.304,2545.074,123.701,17747.681,2195.399
1928.000,LVL,281.178,45.086,74276.372,2543.354,123.766,17738.267,2195.399
1929.000,LVL,281.178,45.086,74298.278,2541.009,123.856,17725.452,2195.399
1930.000,LVL,281.178,45.086,74325.681,2538.077,123.968,17709.452,2195.399
1931.000,LVL,281.178,45.086,74358.244,2534.594,124.101,17690.482,2195.399
1932.000,LVL,281.178,45.086,74395.629,2530.597,124.253,17668.762,2195.399
1933.000,LVL,281.178,45.086,74437.497,2526.122,124.424,17644.511,2195.399
1934.000,LVL,281.178,45.086,74483.511,2521.206,124.611,17617.948,2195.399
1935.000,LVL,281.178,45.086,74533.333,2515.887,124.815,17589.291,2195.399
1936.000,LVL,281.178,45.086,74586.625,2510.200,125.032,17558.759,2195.399
1937.000,LVL,281.178,45.086,74643.048,2504.183,125.261,17526.567,2195.399
1938.000,LVL,281.178,45.086,74702.263,2497.872,125.502,17492.930,2195.399
1939.000,LVL,281.178,45.086,74763.931,2491.303,125.753,17458.059,2195.399
1940.000,LVL,281.178,45.086,74827.712,2484.515,126.012,17422.165,2195.399
1941.000,LVL,281.178,45.086,74893.263,2477.543,126.278,17385.452,2195.399
1942.000,LVL,281.178,45.086,74960.244,2470.423,126.550,17348.126,2195.399
1943.000,LVL,281.178,45.086,75028.311,2463.194,126.826,17310.385,2195.399
1944.000,LVL,281.178,45.086,75097.120,2455.891,127.104,17272.427,2195.399
1945.000,DE,275.021,42.142,75166.327,2448.552,127.384,10634.962,1354.728
1946.000,DE,275.021,42.142,75235.586,2441.212,127.664,10611.627,1354.728
1947.000,DE,275.021,42.142,75304.549,2433.909,127.943,10588.511,1354.728
1948.000,DE,275.021,42.142,75372.869,2426.680,128.219,10565.726,1354.728
1949.000,DE,275.021,42.142,75440.197,2419.561,128.491,10543.384,1354.728
1950.000,DE,275.021,42.142,75506.183,2412.589,128.757,10521.595,1354.728
1951.000,DE,275.021,42.142,75570.475,2405.800,129.016,10500.465,1354.728
1952.000,DE,275.021,42.142,75632.723,2399.232,129.267,10480.103,1354.728
1953.000,DE,275.021,42.142,75692.573,2392.921,129.508,10460.611,1354.728
1954.000,DE,275.021,42.142,75749.673,2386.903,129.737,10442.095,1354.728
1955.000,DE,275.021,42.142,75803.668,2381.217,129.954,10424.655,1354.728
1956.000,DE,275.021,42.142,75854.203,2375.897,130.157,10408.395,1354.728
1957.000,DE,275.021,42.142,75900.925,2370.982,130.345,10393.415,1354.728
1958.000,DE,275.021,42.142,75943.478,2366.507,130.516,10379.815,1354.728
1959.000,DE,275.021,42.142,75981.507,2362.510,130.668,10367.697,1354.728
1960.000,DE,275.021,42.142,76014.656,2359.027,130.801,10357.160,1354.728
1961.000,DE,275.021,42.142,76042.571,2356.094,130.913,10348.307,1354.728
1962.000,DE,275.021,42.142,76064.898,2353.750,131.002,10341.239,1354.728
1963.000,DE,275.021,42.142,76081.281,2352.030,131.068,10336.059,1354.728
1964.000,DE,275.021,42.142,76091.370,2350.971,131.109,10332.873,1354.728
1965.000,DE,275.021,42.142,76094.810,2350.610,131.122,10331.787,1354.728
1966.000,DE,275.021,42.142,76188.167,2340.815,131.122,10331.787,1354.728
1967.000,DE,275.021,42.142,76281.617,2331.021,131.122,10331.787,1354.728
1968.000,DE,275.021,42.142,76375.159,2321.227,131.122,10331.787,1354.728
1969.000,DE,275.021,42.142,76468.794,2311.433,131.122,10331.787,1354.728
1970.000,DE,275.021,42.142,76562.522,2301.639,131.122,10331.787,1354.728
1971.000,DE,275.021,42.142,76656.343,2291.844,131.122,10331.787,1354.728
1972.000,DE,275.021,42.142,76750.257,2282.050,131.122,10331.787,1354.728
1973.000,DE,275.021,42.142,76844.264,2272.256,131.122,10331.787,1354.728
1974.000,DE,275.021,42.142,76938.365,2262.462,131.122,10331.787,1354.728
1975.000,DE,275.021,42.142,77032.559,2252.668,131.122,10331.787,1354.728
1976.000,DE,275.021,42.142,77126.846,2242.873,131.122,10331.787,1354.728
1977.000,DE,275.021,42.142,77221.226,2233.079,131.122,10331.787,1354.728
1978.000,DE,275.021,42.142,77315.700,2223.285,131.122,10331.787,1354.728
1979.000,DE,275.021,42.142,77410.268,2213.491,131.122,10331.787,1354.728
1980.000,DE,275.021,42.142,77504.929,2203.697,131.122,10331.787,1354.728
1981.000,DE,275.021,42.142,77599.684,2193.902,131.122,10331.787,1354.728
1982.000,DE,275.021,42.142,77694.533,2184.108,131.122,10331.787,1354.728
1983.000,DE,275.021,42.142,77789.475,2174.314,131.122,10331.787,1354.728
1984.000,DE,275.021,42.142,77884.512,2164.520,131.122,10331.787,1354.728
1985.000,DE,275.021,42.142,77979.642,2154.726,131.122,10331.787,1354.728
1986.000,DE,275.021,42.142,78074.867,2144.931,131.122,10331.787,1354.728
1987.000,DE,275.021,42.142,78170.186,2135.137,131.122,10331.787,1354.728
1988.000,DE,275.021,42.142,78265.599,2125.343,131.122,10331.787,1354.728
1989.000,DE,275.021,42.142,78361.106,2115.549,131.122,10331.787,1354.728
1990.000,DE,275.021,42.142,78456.707,2105.754,131.122,10331.787,1354.728
1991.000,DE,275.021,42.142,78552.403,2095.960,131.122,10331.787,1354.728
1992.000,DE,275.021,42.142,78648.194,2086.166,131.122,10331.787,1354.728
1993.000,DE,275.021,42.142,78744.079,2076.372,131.122,10331.787,1354.728
1994.000,DE,275.021,42.142,78840.059,2066.578,131.122,10331.787,1354.728
1995.000,DE,275.021,42.142,78936.133,2056.783,131.122,10331.787,1354.728
1996.000,DE,275.021,42.142,79032.302,2046.989,131.122,10331.787,1354.728
1997.000,DE,275.021,42.142,79128.566,2037.195,131.122,10331.787,1354.728
1998.000,DE,275.021,42.142,79224.925,2027.401,131.122,10331.787,1354.728
1999.000,DE,275.021,42.142,79321.379,2017.607,131.122,10331.787,1354.728
2000.000,DE,275.021,42.142,79417.928,2007.812,131.122,10331.787,1354.728
2001.000,DE,275.021,42.142,79514.572,1998.018,131.122,10331.787,1354.728
2002.000,DE,275.021,42.142,79611.311,1988.224,131.122,10331.787,1354.728
2003.000,DE,275.021,42.142,79708.146,1978.430,131.122,10331.787,1354.728
2004.000,DE,275.021,42.142,79805.076,1968.636,131.122,10331.787,1354.728
2005.000,DE,275.021,42.142,79902.101,1958.841,131.122,10331.787,1354.728
2006.000,DE,275.021,42.142,79999.222,1949.047,131.122,10331.787,1354.728
2007.000,DE,275.021,42.142,80096.439,1939.253,131.122,10331.787,1354.728
2008.000,DE,275.021,42.142,80193.751,1929.459,131.122,10331.787,1354.728
2009.000,DE,275.021,42.142,80291.159,1919.665,131.122,10331.787,1354.728
2010.000,DE,275.021,42.142,80388.662,1909.870,131.122,10331.787,1354.728
2011.000,DE,275.021,42.142,80486.262,1900.076,131.122,10331.787,1354.728
2012.000,DE,275.021,42.142,80583.957,1890.282,131.122,10331.787,1354.728
2013.000,DE,275.021,42.142,80681.748,1880.488,131.122,10331.787,1354.728
2014.000,DE,275.021,42.142,80779.636,1870.694,131.122,10331.787,1354.728
2015.000,DE,275.021,42.142,80877.619,1860.899,131.122,10331.787,1354.728
2016.000,DE,275.021,42.142,80975.699,1851.105,131.122,10331.787,1354.728
2017.000,DE,275.021,42.142,81073.875,1841.311,131.122,10331.787,1354.728
2018.000,DE,275.021,42.142,81172.148,1831.517,131.122,10331.787,1354.728
2019.000,DE,275.021,42.142,81270.517,1821.722,131.122,10331.787,1354.728
2020.000,DE,275.021,42.142,81368.982,1811.928,131.122,10331.787,1354.728
2021.000,DE,275.021,42.142,81467.544,1802.134,131.122,10331.787,1354.728
2022.000,DE,275.021,42.142,81566.203,1792.340,131.122,10331.787,1354.728
2023.000,DE,275.021,42.142,81664.958,1782.546,131.122,10331.787,1354.728
2024.000,DE,275.021,42.142,81763.810,1772.751,131.122,10331.787,1354.728
2025.000,DE,275.021,42.142,81862.759,1762.957,131.122,10331.787,1354.728
2026.000,DE,275.021,42.142,81961.805,1753.163,131.122,10331.787,1354.728
2027.000,DE,275.021,42.142,82060.948,1743.369,131.122,10331.787,1354.728
2028.000,DE,275.021,42.142,82160.188,1733.575,131.122,10331.787,1354.728
2029.000,DE,275.021,42.142,82259.525,1723.780,131.122,10331.787,1354.728
2030.000,DE,275.021,42.142,82358.960,1713.986,131.122,10331.787,1354.728
2031.000,DE,275.021,42.142,82458.492,1704.192,131.122,10331.787,1354.728
2032.000,DE,275.021,42.142,82558.121,1694.398,131.122,10331.787,1354.728
2033.000,DE,275.021,42.142,82657.847,1684.604,131.122,10331.787,1354.728
2034.000,DE,275.021,42.142,82757.671,1674.809,131.122,10331.787,1354.728
2035.000,DE,275.021,42.142,82857.593,1665.015,131.122,10331.787,1354.728
2036.000,DE,275.021,42.142,82957.612,1655.221,131.122,10331.787,1354.728
2037.000,DE,275.021,42.142,83057.730,1645.427,131.122,10331.787,1354.728
2038.000,DE,275.021,42.142,83157.944,1635.633,131.122,10331.787,1354.728
2039.000,DE,275.021,42.142,83258.257,1625.838,131.122,10331.787,1354.728
2040.000,DE,275.021,42.142,83358.668,1616.044,131.122,10331.787,1354.728
2041.000,DE,275.021,42.142,83459.177,1606.250,131.122,10331.787,1354.728
2042.000,DE,275.021,42.142,83559.784,1596.456,131.122,10331.787,1354.728
2043.000,DE,275.021,42.142,83660.489,1586.662,131.122,10331.787,1354.728
2044.000,DE,275.021,42.142,83761.292,1576.867,131.122,10331.787,1354.728
2045.000,DE,275.021,42.142,83862.194,1567.073,131.122,10331.787,1354.728
2046.000,DE,275.021,42.142,83963.194,1557.279,131.122,10331.787,1354.728
2047.000,DE,275.021,42.142,84064.292,1547.485,131.122,10331.787,1354.728
2048.000,DE,275.021,42.142,84165.490,1537.690,131.122,10331.787,1354.728
2049.000,DE,275.021,42.142,84266.785,1527.896,131.122,10331.787,1354.728
2050.000,DE,275.021,42.142,84368.180,1518.102,131.122,10331.787,1354.728
2051.000,DE,275.021,42.142,84469.673,1508.308,131.122,10331.787,1354.728
2052.000,DE,275.021,42.142,84571.265,1498.514,131.122,10331.787,1354.728
2053.000,DE,275.021,42.142,84672.956,1488.719,131.122,10331.787,1354.728
2054.000,DE,275.021,42.142,84774.746,1478.925,131.122,10331.787,1354.728
2055.000,DE,275.021,42.142,84876.635,1469.131,131.122,10331.787,1354.728
2056.000,DE,275.021,42.142,84978.623,1459.337,131.122,10331.787,1354.728
2057.000,DE,275.021,42.142,85080.710,1449.543,131.122,10331.787,1354.728
2058.000,DE,275.021,42.142,85182.897,1439.748,131.122,10331.787,1354.728
2059.000,DE,275.021,42.142,85285.183,1429.954,131.122,10331.787,1354.728
2060.000,DE,275.021,42.142,85387.568,1420.160,131.122,10331.787,1354.728
2061.000,DE,275.021,42.142,85490.053,1410.366,131.122,10331.787,1354.728
2062.000,DE,275.021,42.142,85592.638,1400.572,131.122,10331.787,1354.728
2063.000,DE,275.021,42.142,85695.322,1390.777,131.122,10331.787,1354.728
2064.000,DE,275.021,42.142,85798.106,1380.983,131.122,10331.787,1354.728
2065.000,DE,275.021,42.142,85900.989,1371.189,131.122,10331.787,1354.728
2066.000,DE,275.021,42.142,86003.973,1361.395,131.122,10331.787,1354.728
2067.000,DE,275.021,42.142,86107.056,1351.601,131.122,10331.787,1354.728
2068.000,DE,275.021,42.142,86210.240,1341.806,131.122,10331.787,1354.728
2069.000,DE,275.021,42.142,86313.524,1332.012,131.122,10331.787,1354.728
2070.000,DE,275.021,42.142,86416.907,1322.218,131.122,10331.787,1354.728
2071.000,DE,275.021,42.142,86520.391,1312.424,131.122,10331.787,1354.728
2072.000,DE,275.021,42.142,86623.976,1302.630,131.122,10331.787,1354.728
2073.000,DE,275.021,42.142,86727.660,1292.835,131.122,10331.787,1354.728
2074.000,DE,275.021,42.142,86831.446,1283.041,131.122,10331.787,1354.728
2075.000,DE,275.021,42.142,86935.332,1273.247,131.122,10331.787,1354.728
2076.000,DE,275.021,42.142,87039.318,1263.453,131.122,10331.787,1354.728
2077.000,DE,275.021,42.142,87143.405,1253.658,131.122,10331.787,1354.728
2078.000,DE,275.021,42.142,87247.593,1243.864,131.122,10331.787,1354.728
2079.000,DE,275.021,42.142,87351.882,1234.070,131.122,10331.787,1354.728
2080.000,DE,275.021,42.142,87456.271,1224.276,131.122,10331.787,1354.728
2081.000,DE,275.021,42.142,87560.762,1214.482,131.122,10331.787,1354.728
2082.000,DE,275.021,42.142,87665.353,1204.687,131.122,10331.787,1354.728
2083.000,DE,275.021,42.142,87770.046,1194.893,131.122,10331.787,1354.728
2084.000,DE,275.021,42.142,87874.840,1185.099,131.122,10331.787,1354.728
2085.000,DE,275.021,42.142,87979.736,1175.305,131.122,10331.787,1354.728
2086.000,DE,275.021,42.142,88084.732,1165.511,131.122,10331.787,1354.728
2087.000,DE,275.021,42.142,88189.831,1155.716,131.122,10331.787,1354.728
2088.000,DE,275.021,42.142,88295.030,1145.922,131.122,10331.787,1354.728
2089.000,DE,275.021,42.142,88400.331,1136.128,131.122,10331.787,1354.728
2090.000,DE,275.021,42.142,88505.734,1126.334,131.122,10331.787,1354.728
2091.000,DE,275.021,42.142,88611.239,1116.540,131.122,10331.787,1354.728
2092.000,DE,275.021,42.142,88716.845,1106.745,131.122,10331.787,1354.728
2093.000,DE,275.021,42.142,88822.554,1096.951,131.122,10331.787,1354.728
2094.000,DE,275.021,42.142,88928.364,1087.157,131.122,10331.787,1354.728
2095.000,DE,275.021,42.142,89034.277,1077.363,131.122,10331.787,1354.728
2096.000,DE,275.021,42.142,89140.291,1067.569,131.122,10331.787,1354.728
2097.000,DE,275.021,42.142,89246.408,1057.774,131.122,10331.787,1354.728
2098.000,DE,275.021,42.142,89352.627,1047.980,131.122,10331.787,1354.728
2099.000,DE,275.021,42.142,89458.948,1038.186,131.122,10331.787,1354.728
2100.000,DE,275.021,42.142,89565.372,1028.392,131.122,10331.787,1354.728
2101.000,DE,275.021,42.142,89671.898,1018.598,131.122,10331.787,1354.728
2102.000,DE,275.021,42.142,89778.527,1008.803,131.122,10331.787,1354.728
2103.000,DE,275.021,42.142,89885.258,999.009,131.122,10331.787,1354.728
2104.000,DE,275.021,42.142,89992.092,989.215,131.122,10331.787,1354.728
2105.000,DE,275.021,42.142,90099.029,979.421,131.122,10331.787,1354.728
2106.000,DE,275.021,42.142,90206.069,969.626,131.122,10331.787,1354.728
2107.000,DE,275.021,42.142,90313.212,959.832,131.122,10331.787,1354.728
2108.000,DE,275.021,42.142,90420.457,950.038,131.122,10331.787,1354.728
2109.000,DE,275.021,42.142,90527.806,940.244,131.122,10331.787,1354.728
2110.000,DE,275.021,42.142,90635.258,930.450,131.122,10331.787,1354.728
2111.000,DE,275.021,42.142,90742.814,920.655,131.122,10331.787,1354.728
2112.000,DE,275.021,42.142,90850.472,910.861,131.122,10331.787,1354.728
2113.000,DE,275.021,42.142,90958.234,901.067,131.122,10331.787,1354.728
2114.000,DE,275.021,42.142,91066.100,891.273,131.122,10331.787,1354.728
2115.000,DE,275.021,42.142,91174.069,881.479,131.122,10331.787,1354.728
2116.000,DE,275.021,42.142,91282.142,871.684,131.122,10331.787,1354.728
2117.000,DE,275.021,42.142,91390.318,861.890,131.122,10331.787,1354.728
2118.000,DE,275.021,42.142,91498.598,852.096,131.122,10331.787,1354.728
2119.000,DE,275.021,42.142,91606.982,842.302,131.122,10331.787,1354.728
2120.000,DE,275.021,42.142,91715.470,832.508,131.122,10331.787,1354.728
2121.000,DE,275.021,42.142,91824.062,822.713,131.122,10331.787,1354.728
2122.000,DE,275.021,42.142,91932.758,812.919,131.122,10331.787,1354.728
2123.000,DE,275.021,42.142,92041.559,803.125,131.122,10331.787,1354.728
2124.000,DE,275.021,42.142,92150.463,793.331,131.122,10331.787,1354.728
2125.000,DE,275.021,42.142,92259.472,783.537,131.122,10331.787,1354.728
2126.000,DE,275.021,42.142,92368.585,773.742,131.122,10331.787,1354.728
2127.000,DE,275.021,42.142,92477.803,763.948,131.122,10331.787,1354.728
2128.000,DE,275.021,42.142,92587.125,754.154,131.122,10331.787,1354.728
2129.000,DE,275.021,42.142,92696.552,744.360,131.122,10331.787,1354.728
2130.000,DE,275.021,42.142,92806.083,734.566,131.122,10331.787,1354.728
2131.000,DE,275.021,42.142,92915.720,724.771,131.122,10331.787,1354.728
2132.000,DE,275.021,42.142,93025.461,714.977,131.122,10331.787,1354.728
2133.000,DE,275.021,42.142,93135.307,705.183,131.122,10331.787,1354.728
2134.000,DE,275.021,42.142,93245.258,695.389,131.122,10331.787,1354.728
2135.000,DE,275.021,42.142,93355.314,685.594,131.122,10331.787,1354.728
2136.000,DE,275.021,42.142,93465.476,675.800,131.122,10331.787,1354.728
2137.000,DE,275.021,42.142,93575.742,666.006,131.122,10331.787,1354.728
2138.000,DE,275.021,42.142,93686.114,656.212,131.122,10331.787,1354.728
2139.000,DE,275.021,42.142,93796.591,646.418,131.122,10331.787,1354.728
2140.000,DE,275.021,42.142,93907.174,636.623,131.122,10331.787,1354.728
2141.000,DE,275.021,42.142,94017.862,626.829,131.122,10331.787,1354.728
2142.000,DE,275.021,42.142,94128.656,617.035,131.122,10331.787,1354.728
2143.000,DE,275.021,42.142,94239.556,607.241,131.122,10331.787,1354.728
2144.000,DE,275.021,42.142,94350.561,597.447,131.122,10331.787,1354.728
2145.000,DE,275.021,42.142,94461.673,587.652,131.122,10331.787,1354.728
2146.000,DE,275.021,42.142,94572.890,577.858,131.122,10331.787,1354.728
2147.000,DE,275.021,42.142,94684.213,568.064,131.122,10331.787,1354.728
2148.000,DE,275.021,42.142,94795.642,558.270,131.122,10331.787,1354.728
2149.000,DE,275.021,42.142,94907.178,548.476,131.122,10331.787,1354.728
2150.000,DE,275.021,42.142,95018.819,538.681,131.122,10331.787,1354.728
2151.000,DE,275.021,42.142,95130.567,528.887,131.122,10331.787,1354.728
2152.000,DE,275.021,42.142,95242.422,519.093,131.122,10331.787,1354.728
2153.000,DE,275.021,42.142,95354.383,509.299,131.122,10331.787,1354.728
2154.000,DE,275.021,42.142,95466.450,499.505,131.122,10331.787,1354.728
2155.000,DE,275.021,42.142,95578.624,489.710,131.122,10331.787,1354.728
2156.000,DE,275.021,42.142,95690.905,479.916,131.122,10331.787,1354.728
2157.000,DE,275.021,42.142,95803.292,470.122,131.122,10331.787,1354.728
2158.000,DE,275.021,42.142,95915.787,460.328,131.122,10331.787,1354.728
2159.000,DE,275.021,42.142,96028.388,450.534,131.122,10331.787,1354.728
2160.000,DE,275.021,42.142,96141.096,440.739,131.122,10331.787,1354.728
2161.000,DE,275.021,42.142,96253.912,430.945,131.122,10331.787,1354.728
2162.000,DE,275.021,42.142,96366.834,421.151,131.122,10331.787,1354.728
2163.000,DE,275.021,42.142,96479.864,411.357,131.122,10331.787,1354.728
2164.000,DE,275.021,42.142,96593.001,401.562,131.122,10331.787,1354.728
2165.000,DE,275.021,42.142,96706.246,391.768,131.122,10331.787,1354.728
2166.000,DE,275.021,42.142,96819.598,381.974,131.122,10331.787,1354.728
2167.000,DE,275.021,42.142,96933.058,372.180,131.122,10331.787,1354.728
2168.000,DE,275.021,42.142,97046.625,362.386,131.122,10331.787,1354.728
2169.000,DE,275.021,42.142,97160.300,352.591,131.122,10331.787,1354.728
2170.000,DE,275.021,42.142,97274.083,342.797,131.122,10331.787,1354.728
2171.000,DE,275.021,42.142,97387.973,333.003,131.122,10331.787,1354.728
2172.000,DE,275.021,42.142,97501.972,323.209,131.122,10331.787,1354.728
2173.000,DE,275.021,42.142,97616.078,313.415,131.122,10331.787,1354.728
2174.000,DE,275.021,42.142,97730.293,303.620,131.122,10331.787,1354.728
2175.000,DE,275.021,42.142,97844.616,293.826,131.122,10331.787,1354.728
2176.000,DE,275.021,42.142,97959.047,284.032,131.122,10331.787,1354.728
2177.000,DE,275.021,42.142,98073.587,274.238,131.122,10331.787,1354.728
2178.000,DE,275.021,42.142,98188.235,264.444,131.122,10331.787,1354.728
2179.000,DE,275.021,42.142,98302.991,254.649,131.122,10331.787,1354.728
2180.000,DE,275.021,42.142,98417.856,244.855,131.122,10331.787,1354.728
2181.000,DE,275.021,42.142,98532.830,235.061,131.122,10331.787,1354.728
2182.000,DE,275.021,42.142,98647.912,225.267,131.122,10331.787,1354.728
2183.000,DE,275.021,42.142,98763.103,215.473,131.122,10331.787,1354.728
2184.000,DE,275.021,42.142,98878.404,205.678,131.122,10331.787,1354.728
2185.000,DE,275.021,42.142,98993.813,195.884,131.122,10331.787,1354.728
2186.000,DE,275.021,42.142,99109.331,186.090,131.122,10331.787,1354.728
2187.000,DE,275.021,42.142,99224.958,176.296,131.122,10331.787,1354.728
2188.000,DE,275.021,42.142,99340.695,166.502,131.122,10331.787,1354.728
2189.000,DE,275.021,42.142,99456.540,156.707,131.122,10331.787,1354.728
2190.000,DE,275.021,42.142,99572.495,146.913,131.122,10331.787,1354.728
2191.000,DE,275.021,42.142,99688.560,137.119,131.122,10331.787,1354.728
2192.000,DE,275.021,42.142,99804.734,127.325,131.122,10331.787,1354.728
2193.000,DE,275.021,42.142,99921.018,117.530,131.122,10331.787,1354.728
2194.000,DE,275.021,42.142,100037.411,107.736,131.122,10331.787,1354.728
2195.000,DE,275.021,42.142,100153.914,97.942,131.122,10331.787,1354.728
2196.000,DE,275.021,42.142,100270.527,88.148,131.122,10331.787,1354.728
2197.000,DE,275.021,42.142,100387.250,78.354,131.122,10331.787,1354.728
2198.000,DE,275.021,42.142,100504.083,68.559,131.122,10331.787,1354.728
2199.000,DE,275.021,42.142,100621.026,58.765,131.122,10331.787,1354.728
2200.000,DE,275.021,42.142,100738.079,48.971,131.122,10331.787,1354.728
2201.000,DE,275.021,42.142,100855.243,39.177,131.122,10331.787,1354.728
2202.000,DE,275.021,42.142,100972.516,29.383,131.122,10331.787,1354.728
2203.000,DE,275.021,42.142,101089.900,19.588,131.122,10331.787,1354.728
2204.000,DE,275.021,42.142,101207.395,9.794,131.122,10331.787,1354.728
2205.000,DE,275.021,42.142,101325.000,0.000,131.122,10331.787,1354.728
